ISO-10303-21;
HEADER;
/* Generated by software containing ST-Developer
 * from STEP Tools, Inc. (www.steptools.com) 
 */

FILE_DESCRIPTION(
/* description */ (''),
/* implementation_level */ '2;1');

FILE_NAME(
/* name */ 'LCD_128x64-21M_V1.5.step',
/* time_stamp */ '2026-03-28T15:09:15+01:00',
/* author */ (''),
/* organization */ (''),
/* preprocessor_version */ 'ST-DEVELOPER v20.1',
/* originating_system */ 'Autodesk Translation Framework v14.24.0.0',
/* authorisation */ '');

FILE_SCHEMA (('AUTOMOTIVE_DESIGN { 1 0 10303 214 3 1 1 }'));
ENDSEC;

DATA;
#10=MECHANICAL_DESIGN_GEOMETRIC_PRESENTATION_REPRESENTATION('',(#13,#14,
#15,#16,#17,#18,#19,#20,#21,#22,#23,#24,#25,#26,#27,#28,#29,#30,#31,#32,
#33),#9061);
#11=SHAPE_REPRESENTATION_RELATIONSHIP('SRR','None',#9068,#12);
#12=ADVANCED_BREP_SHAPE_REPRESENTATION('',(#34,#35,#36,#37,#38,#39,#40,
#41,#42,#43,#44,#45,#46,#47,#48,#49,#50,#51,#52,#53,#54),#9060);
#13=STYLED_ITEM('',(#9077),#34);
#14=STYLED_ITEM('',(#9077),#35);
#15=STYLED_ITEM('',(#9077),#36);
#16=STYLED_ITEM('',(#9077),#37);
#17=STYLED_ITEM('',(#9077),#38);
#18=STYLED_ITEM('',(#9077),#39);
#19=STYLED_ITEM('',(#9077),#40);
#20=STYLED_ITEM('',(#9077),#41);
#21=STYLED_ITEM('',(#9077),#42);
#22=STYLED_ITEM('',(#9077),#43);
#23=STYLED_ITEM('',(#9077),#44);
#24=STYLED_ITEM('',(#9077),#45);
#25=STYLED_ITEM('',(#9077),#46);
#26=STYLED_ITEM('',(#9077),#47);
#27=STYLED_ITEM('',(#9077),#48);
#28=STYLED_ITEM('',(#9077),#49);
#29=STYLED_ITEM('',(#9077),#50);
#30=STYLED_ITEM('',(#9077),#51);
#31=STYLED_ITEM('',(#9077),#52);
#32=STYLED_ITEM('',(#9077),#53);
#33=STYLED_ITEM('',(#9077),#54);
#34=MANIFOLD_SOLID_BREP('Body1',#5729);
#35=MANIFOLD_SOLID_BREP('Body23',#5730);
#36=MANIFOLD_SOLID_BREP('Body24',#5731);
#37=MANIFOLD_SOLID_BREP('Body25',#5732);
#38=MANIFOLD_SOLID_BREP('Body26',#5733);
#39=MANIFOLD_SOLID_BREP('Body27',#5734);
#40=MANIFOLD_SOLID_BREP('Body28',#5735);
#41=MANIFOLD_SOLID_BREP('Body29',#5736);
#42=MANIFOLD_SOLID_BREP('Body30',#5737);
#43=MANIFOLD_SOLID_BREP('Body31',#5738);
#44=MANIFOLD_SOLID_BREP('Body32',#5739);
#45=MANIFOLD_SOLID_BREP('Body33',#5740);
#46=MANIFOLD_SOLID_BREP('Body34',#5741);
#47=MANIFOLD_SOLID_BREP('Body35',#5742);
#48=MANIFOLD_SOLID_BREP('Body36',#5743);
#49=MANIFOLD_SOLID_BREP('Body37',#5744);
#50=MANIFOLD_SOLID_BREP('Body38',#5745);
#51=MANIFOLD_SOLID_BREP('Body39',#5746);
#52=MANIFOLD_SOLID_BREP('Body40',#5747);
#53=MANIFOLD_SOLID_BREP('Body41',#5748);
#54=MANIFOLD_SOLID_BREP('Body42',#5749);
#55=CIRCLE('',#5895,1.6);
#56=CIRCLE('',#5896,1.6);
#57=CIRCLE('',#5898,1.6);
#58=CIRCLE('',#5899,1.6);
#59=CIRCLE('',#5901,1.6);
#60=CIRCLE('',#5902,1.6);
#61=CIRCLE('',#5904,1.6);
#62=CIRCLE('',#5905,1.6);
#63=CYLINDRICAL_SURFACE('',#5894,1.6);
#64=CYLINDRICAL_SURFACE('',#5897,1.6);
#65=CYLINDRICAL_SURFACE('',#5900,1.6);
#66=CYLINDRICAL_SURFACE('',#5903,1.6);
#67=FACE_BOUND('',#460,.T.);
#68=FACE_BOUND('',#470,.T.);
#69=FACE_BOUND('',#480,.T.);
#70=FACE_BOUND('',#490,.T.);
#71=FACE_BOUND('',#500,.T.);
#72=FACE_BOUND('',#510,.T.);
#73=FACE_BOUND('',#520,.T.);
#74=FACE_BOUND('',#530,.T.);
#75=FACE_BOUND('',#540,.T.);
#76=FACE_BOUND('',#550,.T.);
#77=FACE_BOUND('',#560,.T.);
#78=FACE_BOUND('',#570,.T.);
#79=FACE_BOUND('',#580,.T.);
#80=FACE_BOUND('',#590,.T.);
#81=FACE_BOUND('',#605,.T.);
#82=FACE_BOUND('',#606,.T.);
#83=FACE_BOUND('',#607,.T.);
#84=FACE_BOUND('',#608,.T.);
#85=FACE_BOUND('',#609,.T.);
#86=FACE_BOUND('',#610,.T.);
#87=FACE_BOUND('',#611,.T.);
#88=FACE_BOUND('',#612,.T.);
#89=FACE_BOUND('',#613,.T.);
#90=FACE_BOUND('',#614,.T.);
#91=FACE_BOUND('',#615,.T.);
#92=FACE_BOUND('',#616,.T.);
#93=FACE_BOUND('',#617,.T.);
#94=FACE_BOUND('',#618,.T.);
#95=FACE_BOUND('',#619,.T.);
#96=FACE_BOUND('',#620,.T.);
#97=FACE_BOUND('',#621,.T.);
#98=FACE_BOUND('',#622,.T.);
#99=FACE_BOUND('',#623,.T.);
#100=FACE_BOUND('',#624,.T.);
#101=FACE_BOUND('',#625,.T.);
#102=FACE_BOUND('',#626,.T.);
#103=FACE_BOUND('',#627,.T.);
#104=FACE_BOUND('',#628,.T.);
#105=FACE_BOUND('',#629,.T.);
#106=FACE_BOUND('',#631,.T.);
#107=FACE_BOUND('',#632,.T.);
#108=FACE_BOUND('',#633,.T.);
#109=FACE_BOUND('',#634,.T.);
#110=FACE_BOUND('',#635,.T.);
#111=FACE_BOUND('',#636,.T.);
#112=FACE_BOUND('',#637,.T.);
#113=FACE_BOUND('',#638,.T.);
#114=FACE_BOUND('',#639,.T.);
#115=FACE_BOUND('',#640,.T.);
#116=FACE_BOUND('',#641,.T.);
#117=FACE_BOUND('',#642,.T.);
#118=FACE_BOUND('',#643,.T.);
#119=FACE_BOUND('',#644,.T.);
#120=FACE_BOUND('',#645,.T.);
#121=FACE_BOUND('',#646,.T.);
#122=FACE_BOUND('',#647,.T.);
#123=FACE_BOUND('',#648,.T.);
#124=FACE_BOUND('',#649,.T.);
#125=FACE_BOUND('',#650,.T.);
#126=FACE_BOUND('',#651,.T.);
#127=FACE_BOUND('',#652,.T.);
#128=FACE_BOUND('',#653,.T.);
#129=FACE_BOUND('',#654,.T.);
#130=FACE_BOUND('',#664,.T.);
#131=FACE_BOUND('',#674,.T.);
#132=FACE_BOUND('',#684,.T.);
#133=FACE_BOUND('',#694,.T.);
#134=FACE_BOUND('',#704,.T.);
#135=FACE_BOUND('',#714,.T.);
#136=FACE_OUTER_BOUND('',#451,.T.);
#137=FACE_OUTER_BOUND('',#452,.T.);
#138=FACE_OUTER_BOUND('',#453,.T.);
#139=FACE_OUTER_BOUND('',#454,.T.);
#140=FACE_OUTER_BOUND('',#455,.T.);
#141=FACE_OUTER_BOUND('',#456,.T.);
#142=FACE_OUTER_BOUND('',#457,.T.);
#143=FACE_OUTER_BOUND('',#458,.T.);
#144=FACE_OUTER_BOUND('',#459,.T.);
#145=FACE_OUTER_BOUND('',#461,.T.);
#146=FACE_OUTER_BOUND('',#462,.T.);
#147=FACE_OUTER_BOUND('',#463,.T.);
#148=FACE_OUTER_BOUND('',#464,.T.);
#149=FACE_OUTER_BOUND('',#465,.T.);
#150=FACE_OUTER_BOUND('',#466,.T.);
#151=FACE_OUTER_BOUND('',#467,.T.);
#152=FACE_OUTER_BOUND('',#468,.T.);
#153=FACE_OUTER_BOUND('',#469,.T.);
#154=FACE_OUTER_BOUND('',#471,.T.);
#155=FACE_OUTER_BOUND('',#472,.T.);
#156=FACE_OUTER_BOUND('',#473,.T.);
#157=FACE_OUTER_BOUND('',#474,.T.);
#158=FACE_OUTER_BOUND('',#475,.T.);
#159=FACE_OUTER_BOUND('',#476,.T.);
#160=FACE_OUTER_BOUND('',#477,.T.);
#161=FACE_OUTER_BOUND('',#478,.T.);
#162=FACE_OUTER_BOUND('',#479,.T.);
#163=FACE_OUTER_BOUND('',#481,.T.);
#164=FACE_OUTER_BOUND('',#482,.T.);
#165=FACE_OUTER_BOUND('',#483,.T.);
#166=FACE_OUTER_BOUND('',#484,.T.);
#167=FACE_OUTER_BOUND('',#485,.T.);
#168=FACE_OUTER_BOUND('',#486,.T.);
#169=FACE_OUTER_BOUND('',#487,.T.);
#170=FACE_OUTER_BOUND('',#488,.T.);
#171=FACE_OUTER_BOUND('',#489,.T.);
#172=FACE_OUTER_BOUND('',#491,.T.);
#173=FACE_OUTER_BOUND('',#492,.T.);
#174=FACE_OUTER_BOUND('',#493,.T.);
#175=FACE_OUTER_BOUND('',#494,.T.);
#176=FACE_OUTER_BOUND('',#495,.T.);
#177=FACE_OUTER_BOUND('',#496,.T.);
#178=FACE_OUTER_BOUND('',#497,.T.);
#179=FACE_OUTER_BOUND('',#498,.T.);
#180=FACE_OUTER_BOUND('',#499,.T.);
#181=FACE_OUTER_BOUND('',#501,.T.);
#182=FACE_OUTER_BOUND('',#502,.T.);
#183=FACE_OUTER_BOUND('',#503,.T.);
#184=FACE_OUTER_BOUND('',#504,.T.);
#185=FACE_OUTER_BOUND('',#505,.T.);
#186=FACE_OUTER_BOUND('',#506,.T.);
#187=FACE_OUTER_BOUND('',#507,.T.);
#188=FACE_OUTER_BOUND('',#508,.T.);
#189=FACE_OUTER_BOUND('',#509,.T.);
#190=FACE_OUTER_BOUND('',#511,.T.);
#191=FACE_OUTER_BOUND('',#512,.T.);
#192=FACE_OUTER_BOUND('',#513,.T.);
#193=FACE_OUTER_BOUND('',#514,.T.);
#194=FACE_OUTER_BOUND('',#515,.T.);
#195=FACE_OUTER_BOUND('',#516,.T.);
#196=FACE_OUTER_BOUND('',#517,.T.);
#197=FACE_OUTER_BOUND('',#518,.T.);
#198=FACE_OUTER_BOUND('',#519,.T.);
#199=FACE_OUTER_BOUND('',#521,.T.);
#200=FACE_OUTER_BOUND('',#522,.T.);
#201=FACE_OUTER_BOUND('',#523,.T.);
#202=FACE_OUTER_BOUND('',#524,.T.);
#203=FACE_OUTER_BOUND('',#525,.T.);
#204=FACE_OUTER_BOUND('',#526,.T.);
#205=FACE_OUTER_BOUND('',#527,.T.);
#206=FACE_OUTER_BOUND('',#528,.T.);
#207=FACE_OUTER_BOUND('',#529,.T.);
#208=FACE_OUTER_BOUND('',#531,.T.);
#209=FACE_OUTER_BOUND('',#532,.T.);
#210=FACE_OUTER_BOUND('',#533,.T.);
#211=FACE_OUTER_BOUND('',#534,.T.);
#212=FACE_OUTER_BOUND('',#535,.T.);
#213=FACE_OUTER_BOUND('',#536,.T.);
#214=FACE_OUTER_BOUND('',#537,.T.);
#215=FACE_OUTER_BOUND('',#538,.T.);
#216=FACE_OUTER_BOUND('',#539,.T.);
#217=FACE_OUTER_BOUND('',#541,.T.);
#218=FACE_OUTER_BOUND('',#542,.T.);
#219=FACE_OUTER_BOUND('',#543,.T.);
#220=FACE_OUTER_BOUND('',#544,.T.);
#221=FACE_OUTER_BOUND('',#545,.T.);
#222=FACE_OUTER_BOUND('',#546,.T.);
#223=FACE_OUTER_BOUND('',#547,.T.);
#224=FACE_OUTER_BOUND('',#548,.T.);
#225=FACE_OUTER_BOUND('',#549,.T.);
#226=FACE_OUTER_BOUND('',#551,.T.);
#227=FACE_OUTER_BOUND('',#552,.T.);
#228=FACE_OUTER_BOUND('',#553,.T.);
#229=FACE_OUTER_BOUND('',#554,.T.);
#230=FACE_OUTER_BOUND('',#555,.T.);
#231=FACE_OUTER_BOUND('',#556,.T.);
#232=FACE_OUTER_BOUND('',#557,.T.);
#233=FACE_OUTER_BOUND('',#558,.T.);
#234=FACE_OUTER_BOUND('',#559,.T.);
#235=FACE_OUTER_BOUND('',#561,.T.);
#236=FACE_OUTER_BOUND('',#562,.T.);
#237=FACE_OUTER_BOUND('',#563,.T.);
#238=FACE_OUTER_BOUND('',#564,.T.);
#239=FACE_OUTER_BOUND('',#565,.T.);
#240=FACE_OUTER_BOUND('',#566,.T.);
#241=FACE_OUTER_BOUND('',#567,.T.);
#242=FACE_OUTER_BOUND('',#568,.T.);
#243=FACE_OUTER_BOUND('',#569,.T.);
#244=FACE_OUTER_BOUND('',#571,.T.);
#245=FACE_OUTER_BOUND('',#572,.T.);
#246=FACE_OUTER_BOUND('',#573,.T.);
#247=FACE_OUTER_BOUND('',#574,.T.);
#248=FACE_OUTER_BOUND('',#575,.T.);
#249=FACE_OUTER_BOUND('',#576,.T.);
#250=FACE_OUTER_BOUND('',#577,.T.);
#251=FACE_OUTER_BOUND('',#578,.T.);
#252=FACE_OUTER_BOUND('',#579,.T.);
#253=FACE_OUTER_BOUND('',#581,.T.);
#254=FACE_OUTER_BOUND('',#582,.T.);
#255=FACE_OUTER_BOUND('',#583,.T.);
#256=FACE_OUTER_BOUND('',#584,.T.);
#257=FACE_OUTER_BOUND('',#585,.T.);
#258=FACE_OUTER_BOUND('',#586,.T.);
#259=FACE_OUTER_BOUND('',#587,.T.);
#260=FACE_OUTER_BOUND('',#588,.T.);
#261=FACE_OUTER_BOUND('',#589,.T.);
#262=FACE_OUTER_BOUND('',#591,.T.);
#263=FACE_OUTER_BOUND('',#592,.T.);
#264=FACE_OUTER_BOUND('',#593,.T.);
#265=FACE_OUTER_BOUND('',#594,.T.);
#266=FACE_OUTER_BOUND('',#595,.T.);
#267=FACE_OUTER_BOUND('',#596,.T.);
#268=FACE_OUTER_BOUND('',#597,.T.);
#269=FACE_OUTER_BOUND('',#598,.T.);
#270=FACE_OUTER_BOUND('',#599,.T.);
#271=FACE_OUTER_BOUND('',#600,.T.);
#272=FACE_OUTER_BOUND('',#601,.T.);
#273=FACE_OUTER_BOUND('',#602,.T.);
#274=FACE_OUTER_BOUND('',#603,.T.);
#275=FACE_OUTER_BOUND('',#604,.T.);
#276=FACE_OUTER_BOUND('',#630,.T.);
#277=FACE_OUTER_BOUND('',#655,.T.);
#278=FACE_OUTER_BOUND('',#656,.T.);
#279=FACE_OUTER_BOUND('',#657,.T.);
#280=FACE_OUTER_BOUND('',#658,.T.);
#281=FACE_OUTER_BOUND('',#659,.T.);
#282=FACE_OUTER_BOUND('',#660,.T.);
#283=FACE_OUTER_BOUND('',#661,.T.);
#284=FACE_OUTER_BOUND('',#662,.T.);
#285=FACE_OUTER_BOUND('',#663,.T.);
#286=FACE_OUTER_BOUND('',#665,.T.);
#287=FACE_OUTER_BOUND('',#666,.T.);
#288=FACE_OUTER_BOUND('',#667,.T.);
#289=FACE_OUTER_BOUND('',#668,.T.);
#290=FACE_OUTER_BOUND('',#669,.T.);
#291=FACE_OUTER_BOUND('',#670,.T.);
#292=FACE_OUTER_BOUND('',#671,.T.);
#293=FACE_OUTER_BOUND('',#672,.T.);
#294=FACE_OUTER_BOUND('',#673,.T.);
#295=FACE_OUTER_BOUND('',#675,.T.);
#296=FACE_OUTER_BOUND('',#676,.T.);
#297=FACE_OUTER_BOUND('',#677,.T.);
#298=FACE_OUTER_BOUND('',#678,.T.);
#299=FACE_OUTER_BOUND('',#679,.T.);
#300=FACE_OUTER_BOUND('',#680,.T.);
#301=FACE_OUTER_BOUND('',#681,.T.);
#302=FACE_OUTER_BOUND('',#682,.T.);
#303=FACE_OUTER_BOUND('',#683,.T.);
#304=FACE_OUTER_BOUND('',#685,.T.);
#305=FACE_OUTER_BOUND('',#686,.T.);
#306=FACE_OUTER_BOUND('',#687,.T.);
#307=FACE_OUTER_BOUND('',#688,.T.);
#308=FACE_OUTER_BOUND('',#689,.T.);
#309=FACE_OUTER_BOUND('',#690,.T.);
#310=FACE_OUTER_BOUND('',#691,.T.);
#311=FACE_OUTER_BOUND('',#692,.T.);
#312=FACE_OUTER_BOUND('',#693,.T.);
#313=FACE_OUTER_BOUND('',#695,.T.);
#314=FACE_OUTER_BOUND('',#696,.T.);
#315=FACE_OUTER_BOUND('',#697,.T.);
#316=FACE_OUTER_BOUND('',#698,.T.);
#317=FACE_OUTER_BOUND('',#699,.T.);
#318=FACE_OUTER_BOUND('',#700,.T.);
#319=FACE_OUTER_BOUND('',#701,.T.);
#320=FACE_OUTER_BOUND('',#702,.T.);
#321=FACE_OUTER_BOUND('',#703,.T.);
#322=FACE_OUTER_BOUND('',#705,.T.);
#323=FACE_OUTER_BOUND('',#706,.T.);
#324=FACE_OUTER_BOUND('',#707,.T.);
#325=FACE_OUTER_BOUND('',#708,.T.);
#326=FACE_OUTER_BOUND('',#709,.T.);
#327=FACE_OUTER_BOUND('',#710,.T.);
#328=FACE_OUTER_BOUND('',#711,.T.);
#329=FACE_OUTER_BOUND('',#712,.T.);
#330=FACE_OUTER_BOUND('',#713,.T.);
#331=FACE_OUTER_BOUND('',#715,.T.);
#332=FACE_OUTER_BOUND('',#716,.T.);
#333=FACE_OUTER_BOUND('',#717,.T.);
#334=FACE_OUTER_BOUND('',#718,.T.);
#335=FACE_OUTER_BOUND('',#719,.T.);
#336=FACE_OUTER_BOUND('',#720,.T.);
#337=FACE_OUTER_BOUND('',#721,.T.);
#338=FACE_OUTER_BOUND('',#722,.T.);
#339=FACE_OUTER_BOUND('',#723,.T.);
#340=FACE_OUTER_BOUND('',#724,.T.);
#341=FACE_OUTER_BOUND('',#725,.T.);
#342=FACE_OUTER_BOUND('',#726,.T.);
#343=FACE_OUTER_BOUND('',#727,.T.);
#344=FACE_OUTER_BOUND('',#728,.T.);
#345=FACE_OUTER_BOUND('',#729,.T.);
#346=FACE_OUTER_BOUND('',#730,.T.);
#347=FACE_OUTER_BOUND('',#731,.T.);
#348=FACE_OUTER_BOUND('',#732,.T.);
#349=FACE_OUTER_BOUND('',#733,.T.);
#350=FACE_OUTER_BOUND('',#734,.T.);
#351=FACE_OUTER_BOUND('',#735,.T.);
#352=FACE_OUTER_BOUND('',#736,.T.);
#353=FACE_OUTER_BOUND('',#737,.T.);
#354=FACE_OUTER_BOUND('',#738,.T.);
#355=FACE_OUTER_BOUND('',#739,.T.);
#356=FACE_OUTER_BOUND('',#740,.T.);
#357=FACE_OUTER_BOUND('',#741,.T.);
#358=FACE_OUTER_BOUND('',#742,.T.);
#359=FACE_OUTER_BOUND('',#743,.T.);
#360=FACE_OUTER_BOUND('',#744,.T.);
#361=FACE_OUTER_BOUND('',#745,.T.);
#362=FACE_OUTER_BOUND('',#746,.T.);
#363=FACE_OUTER_BOUND('',#747,.T.);
#364=FACE_OUTER_BOUND('',#748,.T.);
#365=FACE_OUTER_BOUND('',#749,.T.);
#366=FACE_OUTER_BOUND('',#750,.T.);
#367=FACE_OUTER_BOUND('',#751,.T.);
#368=FACE_OUTER_BOUND('',#752,.T.);
#369=FACE_OUTER_BOUND('',#753,.T.);
#370=FACE_OUTER_BOUND('',#754,.T.);
#371=FACE_OUTER_BOUND('',#755,.T.);
#372=FACE_OUTER_BOUND('',#756,.T.);
#373=FACE_OUTER_BOUND('',#757,.T.);
#374=FACE_OUTER_BOUND('',#758,.T.);
#375=FACE_OUTER_BOUND('',#759,.T.);
#376=FACE_OUTER_BOUND('',#760,.T.);
#377=FACE_OUTER_BOUND('',#761,.T.);
#378=FACE_OUTER_BOUND('',#762,.T.);
#379=FACE_OUTER_BOUND('',#763,.T.);
#380=FACE_OUTER_BOUND('',#764,.T.);
#381=FACE_OUTER_BOUND('',#765,.T.);
#382=FACE_OUTER_BOUND('',#766,.T.);
#383=FACE_OUTER_BOUND('',#767,.T.);
#384=FACE_OUTER_BOUND('',#768,.T.);
#385=FACE_OUTER_BOUND('',#769,.T.);
#386=FACE_OUTER_BOUND('',#770,.T.);
#387=FACE_OUTER_BOUND('',#771,.T.);
#388=FACE_OUTER_BOUND('',#772,.T.);
#389=FACE_OUTER_BOUND('',#773,.T.);
#390=FACE_OUTER_BOUND('',#774,.T.);
#391=FACE_OUTER_BOUND('',#775,.T.);
#392=FACE_OUTER_BOUND('',#776,.T.);
#393=FACE_OUTER_BOUND('',#777,.T.);
#394=FACE_OUTER_BOUND('',#778,.T.);
#395=FACE_OUTER_BOUND('',#779,.T.);
#396=FACE_OUTER_BOUND('',#780,.T.);
#397=FACE_OUTER_BOUND('',#781,.T.);
#398=FACE_OUTER_BOUND('',#782,.T.);
#399=FACE_OUTER_BOUND('',#783,.T.);
#400=FACE_OUTER_BOUND('',#784,.T.);
#401=FACE_OUTER_BOUND('',#785,.T.);
#402=FACE_OUTER_BOUND('',#786,.T.);
#403=FACE_OUTER_BOUND('',#787,.T.);
#404=FACE_OUTER_BOUND('',#788,.T.);
#405=FACE_OUTER_BOUND('',#789,.T.);
#406=FACE_OUTER_BOUND('',#790,.T.);
#407=FACE_OUTER_BOUND('',#791,.T.);
#408=FACE_OUTER_BOUND('',#792,.T.);
#409=FACE_OUTER_BOUND('',#793,.T.);
#410=FACE_OUTER_BOUND('',#794,.T.);
#411=FACE_OUTER_BOUND('',#795,.T.);
#412=FACE_OUTER_BOUND('',#796,.T.);
#413=FACE_OUTER_BOUND('',#797,.T.);
#414=FACE_OUTER_BOUND('',#798,.T.);
#415=FACE_OUTER_BOUND('',#799,.T.);
#416=FACE_OUTER_BOUND('',#800,.T.);
#417=FACE_OUTER_BOUND('',#801,.T.);
#418=FACE_OUTER_BOUND('',#802,.T.);
#419=FACE_OUTER_BOUND('',#803,.T.);
#420=FACE_OUTER_BOUND('',#804,.T.);
#421=FACE_OUTER_BOUND('',#805,.T.);
#422=FACE_OUTER_BOUND('',#806,.T.);
#423=FACE_OUTER_BOUND('',#807,.T.);
#424=FACE_OUTER_BOUND('',#808,.T.);
#425=FACE_OUTER_BOUND('',#809,.T.);
#426=FACE_OUTER_BOUND('',#810,.T.);
#427=FACE_OUTER_BOUND('',#811,.T.);
#428=FACE_OUTER_BOUND('',#812,.T.);
#429=FACE_OUTER_BOUND('',#813,.T.);
#430=FACE_OUTER_BOUND('',#814,.T.);
#431=FACE_OUTER_BOUND('',#815,.T.);
#432=FACE_OUTER_BOUND('',#816,.T.);
#433=FACE_OUTER_BOUND('',#817,.T.);
#434=FACE_OUTER_BOUND('',#818,.T.);
#435=FACE_OUTER_BOUND('',#819,.T.);
#436=FACE_OUTER_BOUND('',#820,.T.);
#437=FACE_OUTER_BOUND('',#821,.T.);
#438=FACE_OUTER_BOUND('',#822,.T.);
#439=FACE_OUTER_BOUND('',#823,.T.);
#440=FACE_OUTER_BOUND('',#824,.T.);
#441=FACE_OUTER_BOUND('',#825,.T.);
#442=FACE_OUTER_BOUND('',#826,.T.);
#443=FACE_OUTER_BOUND('',#827,.T.);
#444=FACE_OUTER_BOUND('',#828,.T.);
#445=FACE_OUTER_BOUND('',#829,.T.);
#446=FACE_OUTER_BOUND('',#830,.T.);
#447=FACE_OUTER_BOUND('',#831,.T.);
#448=FACE_OUTER_BOUND('',#832,.T.);
#449=FACE_OUTER_BOUND('',#833,.T.);
#450=FACE_OUTER_BOUND('',#834,.T.);
#451=EDGE_LOOP('',(#3591,#3592,#3593,#3594));
#452=EDGE_LOOP('',(#3595,#3596,#3597,#3598));
#453=EDGE_LOOP('',(#3599,#3600,#3601,#3602));
#454=EDGE_LOOP('',(#3603,#3604,#3605,#3606));
#455=EDGE_LOOP('',(#3607,#3608,#3609,#3610));
#456=EDGE_LOOP('',(#3611,#3612,#3613,#3614));
#457=EDGE_LOOP('',(#3615,#3616,#3617,#3618));
#458=EDGE_LOOP('',(#3619,#3620,#3621,#3622));
#459=EDGE_LOOP('',(#3623,#3624,#3625,#3626));
#460=EDGE_LOOP('',(#3627,#3628,#3629,#3630));
#461=EDGE_LOOP('',(#3631,#3632,#3633,#3634));
#462=EDGE_LOOP('',(#3635,#3636,#3637,#3638));
#463=EDGE_LOOP('',(#3639,#3640,#3641,#3642));
#464=EDGE_LOOP('',(#3643,#3644,#3645,#3646));
#465=EDGE_LOOP('',(#3647,#3648,#3649,#3650));
#466=EDGE_LOOP('',(#3651,#3652,#3653,#3654));
#467=EDGE_LOOP('',(#3655,#3656,#3657,#3658));
#468=EDGE_LOOP('',(#3659,#3660,#3661,#3662));
#469=EDGE_LOOP('',(#3663,#3664,#3665,#3666));
#470=EDGE_LOOP('',(#3667,#3668,#3669,#3670));
#471=EDGE_LOOP('',(#3671,#3672,#3673,#3674));
#472=EDGE_LOOP('',(#3675,#3676,#3677,#3678));
#473=EDGE_LOOP('',(#3679,#3680,#3681,#3682));
#474=EDGE_LOOP('',(#3683,#3684,#3685,#3686));
#475=EDGE_LOOP('',(#3687,#3688,#3689,#3690));
#476=EDGE_LOOP('',(#3691,#3692,#3693,#3694));
#477=EDGE_LOOP('',(#3695,#3696,#3697,#3698));
#478=EDGE_LOOP('',(#3699,#3700,#3701,#3702));
#479=EDGE_LOOP('',(#3703,#3704,#3705,#3706));
#480=EDGE_LOOP('',(#3707,#3708,#3709,#3710));
#481=EDGE_LOOP('',(#3711,#3712,#3713,#3714));
#482=EDGE_LOOP('',(#3715,#3716,#3717,#3718));
#483=EDGE_LOOP('',(#3719,#3720,#3721,#3722));
#484=EDGE_LOOP('',(#3723,#3724,#3725,#3726));
#485=EDGE_LOOP('',(#3727,#3728,#3729,#3730));
#486=EDGE_LOOP('',(#3731,#3732,#3733,#3734));
#487=EDGE_LOOP('',(#3735,#3736,#3737,#3738));
#488=EDGE_LOOP('',(#3739,#3740,#3741,#3742));
#489=EDGE_LOOP('',(#3743,#3744,#3745,#3746));
#490=EDGE_LOOP('',(#3747,#3748,#3749,#3750));
#491=EDGE_LOOP('',(#3751,#3752,#3753,#3754));
#492=EDGE_LOOP('',(#3755,#3756,#3757,#3758));
#493=EDGE_LOOP('',(#3759,#3760,#3761,#3762));
#494=EDGE_LOOP('',(#3763,#3764,#3765,#3766));
#495=EDGE_LOOP('',(#3767,#3768,#3769,#3770));
#496=EDGE_LOOP('',(#3771,#3772,#3773,#3774));
#497=EDGE_LOOP('',(#3775,#3776,#3777,#3778));
#498=EDGE_LOOP('',(#3779,#3780,#3781,#3782));
#499=EDGE_LOOP('',(#3783,#3784,#3785,#3786));
#500=EDGE_LOOP('',(#3787,#3788,#3789,#3790));
#501=EDGE_LOOP('',(#3791,#3792,#3793,#3794));
#502=EDGE_LOOP('',(#3795,#3796,#3797,#3798));
#503=EDGE_LOOP('',(#3799,#3800,#3801,#3802));
#504=EDGE_LOOP('',(#3803,#3804,#3805,#3806));
#505=EDGE_LOOP('',(#3807,#3808,#3809,#3810));
#506=EDGE_LOOP('',(#3811,#3812,#3813,#3814));
#507=EDGE_LOOP('',(#3815,#3816,#3817,#3818));
#508=EDGE_LOOP('',(#3819,#3820,#3821,#3822));
#509=EDGE_LOOP('',(#3823,#3824,#3825,#3826));
#510=EDGE_LOOP('',(#3827,#3828,#3829,#3830));
#511=EDGE_LOOP('',(#3831,#3832,#3833,#3834));
#512=EDGE_LOOP('',(#3835,#3836,#3837,#3838));
#513=EDGE_LOOP('',(#3839,#3840,#3841,#3842));
#514=EDGE_LOOP('',(#3843,#3844,#3845,#3846));
#515=EDGE_LOOP('',(#3847,#3848,#3849,#3850));
#516=EDGE_LOOP('',(#3851,#3852,#3853,#3854));
#517=EDGE_LOOP('',(#3855,#3856,#3857,#3858));
#518=EDGE_LOOP('',(#3859,#3860,#3861,#3862));
#519=EDGE_LOOP('',(#3863,#3864,#3865,#3866));
#520=EDGE_LOOP('',(#3867,#3868,#3869,#3870));
#521=EDGE_LOOP('',(#3871,#3872,#3873,#3874));
#522=EDGE_LOOP('',(#3875,#3876,#3877,#3878));
#523=EDGE_LOOP('',(#3879,#3880,#3881,#3882));
#524=EDGE_LOOP('',(#3883,#3884,#3885,#3886));
#525=EDGE_LOOP('',(#3887,#3888,#3889,#3890));
#526=EDGE_LOOP('',(#3891,#3892,#3893,#3894));
#527=EDGE_LOOP('',(#3895,#3896,#3897,#3898));
#528=EDGE_LOOP('',(#3899,#3900,#3901,#3902));
#529=EDGE_LOOP('',(#3903,#3904,#3905,#3906));
#530=EDGE_LOOP('',(#3907,#3908,#3909,#3910));
#531=EDGE_LOOP('',(#3911,#3912,#3913,#3914));
#532=EDGE_LOOP('',(#3915,#3916,#3917,#3918));
#533=EDGE_LOOP('',(#3919,#3920,#3921,#3922));
#534=EDGE_LOOP('',(#3923,#3924,#3925,#3926));
#535=EDGE_LOOP('',(#3927,#3928,#3929,#3930));
#536=EDGE_LOOP('',(#3931,#3932,#3933,#3934));
#537=EDGE_LOOP('',(#3935,#3936,#3937,#3938));
#538=EDGE_LOOP('',(#3939,#3940,#3941,#3942));
#539=EDGE_LOOP('',(#3943,#3944,#3945,#3946));
#540=EDGE_LOOP('',(#3947,#3948,#3949,#3950));
#541=EDGE_LOOP('',(#3951,#3952,#3953,#3954));
#542=EDGE_LOOP('',(#3955,#3956,#3957,#3958));
#543=EDGE_LOOP('',(#3959,#3960,#3961,#3962));
#544=EDGE_LOOP('',(#3963,#3964,#3965,#3966));
#545=EDGE_LOOP('',(#3967,#3968,#3969,#3970));
#546=EDGE_LOOP('',(#3971,#3972,#3973,#3974));
#547=EDGE_LOOP('',(#3975,#3976,#3977,#3978));
#548=EDGE_LOOP('',(#3979,#3980,#3981,#3982));
#549=EDGE_LOOP('',(#3983,#3984,#3985,#3986));
#550=EDGE_LOOP('',(#3987,#3988,#3989,#3990));
#551=EDGE_LOOP('',(#3991,#3992,#3993,#3994));
#552=EDGE_LOOP('',(#3995,#3996,#3997,#3998));
#553=EDGE_LOOP('',(#3999,#4000,#4001,#4002));
#554=EDGE_LOOP('',(#4003,#4004,#4005,#4006));
#555=EDGE_LOOP('',(#4007,#4008,#4009,#4010));
#556=EDGE_LOOP('',(#4011,#4012,#4013,#4014));
#557=EDGE_LOOP('',(#4015,#4016,#4017,#4018));
#558=EDGE_LOOP('',(#4019,#4020,#4021,#4022));
#559=EDGE_LOOP('',(#4023,#4024,#4025,#4026));
#560=EDGE_LOOP('',(#4027,#4028,#4029,#4030));
#561=EDGE_LOOP('',(#4031,#4032,#4033,#4034));
#562=EDGE_LOOP('',(#4035,#4036,#4037,#4038));
#563=EDGE_LOOP('',(#4039,#4040,#4041,#4042));
#564=EDGE_LOOP('',(#4043,#4044,#4045,#4046));
#565=EDGE_LOOP('',(#4047,#4048,#4049,#4050));
#566=EDGE_LOOP('',(#4051,#4052,#4053,#4054));
#567=EDGE_LOOP('',(#4055,#4056,#4057,#4058));
#568=EDGE_LOOP('',(#4059,#4060,#4061,#4062));
#569=EDGE_LOOP('',(#4063,#4064,#4065,#4066));
#570=EDGE_LOOP('',(#4067,#4068,#4069,#4070));
#571=EDGE_LOOP('',(#4071,#4072,#4073,#4074));
#572=EDGE_LOOP('',(#4075,#4076,#4077,#4078));
#573=EDGE_LOOP('',(#4079,#4080,#4081,#4082));
#574=EDGE_LOOP('',(#4083,#4084,#4085,#4086));
#575=EDGE_LOOP('',(#4087,#4088,#4089,#4090));
#576=EDGE_LOOP('',(#4091,#4092,#4093,#4094));
#577=EDGE_LOOP('',(#4095,#4096,#4097,#4098));
#578=EDGE_LOOP('',(#4099,#4100,#4101,#4102));
#579=EDGE_LOOP('',(#4103,#4104,#4105,#4106));
#580=EDGE_LOOP('',(#4107,#4108,#4109,#4110));
#581=EDGE_LOOP('',(#4111,#4112,#4113,#4114));
#582=EDGE_LOOP('',(#4115,#4116,#4117,#4118));
#583=EDGE_LOOP('',(#4119,#4120,#4121,#4122));
#584=EDGE_LOOP('',(#4123,#4124,#4125,#4126));
#585=EDGE_LOOP('',(#4127,#4128,#4129,#4130));
#586=EDGE_LOOP('',(#4131,#4132,#4133,#4134));
#587=EDGE_LOOP('',(#4135,#4136,#4137,#4138));
#588=EDGE_LOOP('',(#4139,#4140,#4141,#4142));
#589=EDGE_LOOP('',(#4143,#4144,#4145,#4146));
#590=EDGE_LOOP('',(#4147,#4148,#4149,#4150));
#591=EDGE_LOOP('',(#4151,#4152,#4153,#4154));
#592=EDGE_LOOP('',(#4155,#4156,#4157,#4158));
#593=EDGE_LOOP('',(#4159,#4160,#4161,#4162));
#594=EDGE_LOOP('',(#4163,#4164,#4165,#4166));
#595=EDGE_LOOP('',(#4167,#4168,#4169,#4170));
#596=EDGE_LOOP('',(#4171,#4172,#4173,#4174));
#597=EDGE_LOOP('',(#4175,#4176,#4177,#4178));
#598=EDGE_LOOP('',(#4179,#4180,#4181,#4182));
#599=EDGE_LOOP('',(#4183,#4184,#4185,#4186));
#600=EDGE_LOOP('',(#4187,#4188,#4189,#4190));
#601=EDGE_LOOP('',(#4191,#4192,#4193,#4194));
#602=EDGE_LOOP('',(#4195,#4196,#4197,#4198));
#603=EDGE_LOOP('',(#4199,#4200,#4201,#4202));
#604=EDGE_LOOP('',(#4203,#4204,#4205,#4206));
#605=EDGE_LOOP('',(#4207,#4208,#4209,#4210));
#606=EDGE_LOOP('',(#4211,#4212,#4213,#4214));
#607=EDGE_LOOP('',(#4215,#4216,#4217,#4218));
#608=EDGE_LOOP('',(#4219,#4220,#4221,#4222));
#609=EDGE_LOOP('',(#4223,#4224,#4225,#4226));
#610=EDGE_LOOP('',(#4227,#4228,#4229,#4230));
#611=EDGE_LOOP('',(#4231,#4232,#4233,#4234));
#612=EDGE_LOOP('',(#4235,#4236,#4237,#4238));
#613=EDGE_LOOP('',(#4239,#4240,#4241,#4242));
#614=EDGE_LOOP('',(#4243,#4244,#4245,#4246));
#615=EDGE_LOOP('',(#4247,#4248,#4249,#4250));
#616=EDGE_LOOP('',(#4251,#4252,#4253,#4254));
#617=EDGE_LOOP('',(#4255,#4256,#4257,#4258));
#618=EDGE_LOOP('',(#4259,#4260,#4261,#4262));
#619=EDGE_LOOP('',(#4263,#4264,#4265,#4266));
#620=EDGE_LOOP('',(#4267,#4268,#4269,#4270));
#621=EDGE_LOOP('',(#4271,#4272,#4273,#4274));
#622=EDGE_LOOP('',(#4275,#4276,#4277,#4278));
#623=EDGE_LOOP('',(#4279,#4280,#4281,#4282));
#624=EDGE_LOOP('',(#4283,#4284,#4285,#4286));
#625=EDGE_LOOP('',(#4287));
#626=EDGE_LOOP('',(#4288,#4289,#4290,#4291));
#627=EDGE_LOOP('',(#4292));
#628=EDGE_LOOP('',(#4293));
#629=EDGE_LOOP('',(#4294));
#630=EDGE_LOOP('',(#4295,#4296,#4297,#4298));
#631=EDGE_LOOP('',(#4299,#4300,#4301,#4302));
#632=EDGE_LOOP('',(#4303));
#633=EDGE_LOOP('',(#4304,#4305,#4306,#4307));
#634=EDGE_LOOP('',(#4308,#4309,#4310,#4311));
#635=EDGE_LOOP('',(#4312,#4313,#4314,#4315));
#636=EDGE_LOOP('',(#4316,#4317,#4318,#4319));
#637=EDGE_LOOP('',(#4320,#4321,#4322,#4323));
#638=EDGE_LOOP('',(#4324,#4325,#4326,#4327));
#639=EDGE_LOOP('',(#4328,#4329,#4330,#4331));
#640=EDGE_LOOP('',(#4332,#4333,#4334,#4335));
#641=EDGE_LOOP('',(#4336,#4337,#4338,#4339));
#642=EDGE_LOOP('',(#4340,#4341,#4342,#4343));
#643=EDGE_LOOP('',(#4344,#4345,#4346,#4347));
#644=EDGE_LOOP('',(#4348,#4349,#4350,#4351));
#645=EDGE_LOOP('',(#4352,#4353,#4354,#4355));
#646=EDGE_LOOP('',(#4356,#4357,#4358,#4359));
#647=EDGE_LOOP('',(#4360));
#648=EDGE_LOOP('',(#4361,#4362,#4363,#4364));
#649=EDGE_LOOP('',(#4365,#4366,#4367,#4368));
#650=EDGE_LOOP('',(#4369,#4370,#4371,#4372));
#651=EDGE_LOOP('',(#4373));
#652=EDGE_LOOP('',(#4374,#4375,#4376,#4377));
#653=EDGE_LOOP('',(#4378,#4379,#4380,#4381));
#654=EDGE_LOOP('',(#4382));
#655=EDGE_LOOP('',(#4383,#4384,#4385,#4386));
#656=EDGE_LOOP('',(#4387,#4388,#4389,#4390));
#657=EDGE_LOOP('',(#4391,#4392,#4393,#4394));
#658=EDGE_LOOP('',(#4395,#4396,#4397,#4398));
#659=EDGE_LOOP('',(#4399,#4400,#4401,#4402));
#660=EDGE_LOOP('',(#4403,#4404,#4405,#4406));
#661=EDGE_LOOP('',(#4407,#4408,#4409,#4410));
#662=EDGE_LOOP('',(#4411,#4412,#4413,#4414));
#663=EDGE_LOOP('',(#4415,#4416,#4417,#4418));
#664=EDGE_LOOP('',(#4419,#4420,#4421,#4422));
#665=EDGE_LOOP('',(#4423,#4424,#4425,#4426));
#666=EDGE_LOOP('',(#4427,#4428,#4429,#4430));
#667=EDGE_LOOP('',(#4431,#4432,#4433,#4434));
#668=EDGE_LOOP('',(#4435,#4436,#4437,#4438));
#669=EDGE_LOOP('',(#4439,#4440,#4441,#4442));
#670=EDGE_LOOP('',(#4443,#4444,#4445,#4446));
#671=EDGE_LOOP('',(#4447,#4448,#4449,#4450));
#672=EDGE_LOOP('',(#4451,#4452,#4453,#4454));
#673=EDGE_LOOP('',(#4455,#4456,#4457,#4458));
#674=EDGE_LOOP('',(#4459,#4460,#4461,#4462));
#675=EDGE_LOOP('',(#4463,#4464,#4465,#4466));
#676=EDGE_LOOP('',(#4467,#4468,#4469,#4470));
#677=EDGE_LOOP('',(#4471,#4472,#4473,#4474));
#678=EDGE_LOOP('',(#4475,#4476,#4477,#4478));
#679=EDGE_LOOP('',(#4479,#4480,#4481,#4482));
#680=EDGE_LOOP('',(#4483,#4484,#4485,#4486));
#681=EDGE_LOOP('',(#4487,#4488,#4489,#4490));
#682=EDGE_LOOP('',(#4491,#4492,#4493,#4494));
#683=EDGE_LOOP('',(#4495,#4496,#4497,#4498));
#684=EDGE_LOOP('',(#4499,#4500,#4501,#4502));
#685=EDGE_LOOP('',(#4503,#4504,#4505,#4506));
#686=EDGE_LOOP('',(#4507,#4508,#4509,#4510));
#687=EDGE_LOOP('',(#4511,#4512,#4513,#4514));
#688=EDGE_LOOP('',(#4515,#4516,#4517,#4518));
#689=EDGE_LOOP('',(#4519,#4520,#4521,#4522));
#690=EDGE_LOOP('',(#4523,#4524,#4525,#4526));
#691=EDGE_LOOP('',(#4527,#4528,#4529,#4530));
#692=EDGE_LOOP('',(#4531,#4532,#4533,#4534));
#693=EDGE_LOOP('',(#4535,#4536,#4537,#4538));
#694=EDGE_LOOP('',(#4539,#4540,#4541,#4542));
#695=EDGE_LOOP('',(#4543,#4544,#4545,#4546));
#696=EDGE_LOOP('',(#4547,#4548,#4549,#4550));
#697=EDGE_LOOP('',(#4551,#4552,#4553,#4554));
#698=EDGE_LOOP('',(#4555,#4556,#4557,#4558));
#699=EDGE_LOOP('',(#4559,#4560,#4561,#4562));
#700=EDGE_LOOP('',(#4563,#4564,#4565,#4566));
#701=EDGE_LOOP('',(#4567,#4568,#4569,#4570));
#702=EDGE_LOOP('',(#4571,#4572,#4573,#4574));
#703=EDGE_LOOP('',(#4575,#4576,#4577,#4578));
#704=EDGE_LOOP('',(#4579,#4580,#4581,#4582));
#705=EDGE_LOOP('',(#4583,#4584,#4585,#4586));
#706=EDGE_LOOP('',(#4587,#4588,#4589,#4590));
#707=EDGE_LOOP('',(#4591,#4592,#4593,#4594));
#708=EDGE_LOOP('',(#4595,#4596,#4597,#4598));
#709=EDGE_LOOP('',(#4599,#4600,#4601,#4602));
#710=EDGE_LOOP('',(#4603,#4604,#4605,#4606));
#711=EDGE_LOOP('',(#4607,#4608,#4609,#4610));
#712=EDGE_LOOP('',(#4611,#4612,#4613,#4614));
#713=EDGE_LOOP('',(#4615,#4616,#4617,#4618));
#714=EDGE_LOOP('',(#4619,#4620,#4621,#4622));
#715=EDGE_LOOP('',(#4623,#4624,#4625,#4626));
#716=EDGE_LOOP('',(#4627,#4628,#4629,#4630));
#717=EDGE_LOOP('',(#4631,#4632,#4633,#4634));
#718=EDGE_LOOP('',(#4635,#4636,#4637,#4638));
#719=EDGE_LOOP('',(#4639,#4640,#4641,#4642));
#720=EDGE_LOOP('',(#4643,#4644,#4645,#4646));
#721=EDGE_LOOP('',(#4647,#4648,#4649,#4650));
#722=EDGE_LOOP('',(#4651,#4652,#4653,#4654));
#723=EDGE_LOOP('',(#4655,#4656,#4657,#4658));
#724=EDGE_LOOP('',(#4659,#4660,#4661,#4662));
#725=EDGE_LOOP('',(#4663,#4664,#4665,#4666));
#726=EDGE_LOOP('',(#4667,#4668,#4669,#4670));
#727=EDGE_LOOP('',(#4671,#4672,#4673,#4674));
#728=EDGE_LOOP('',(#4675,#4676,#4677,#4678));
#729=EDGE_LOOP('',(#4679,#4680,#4681,#4682));
#730=EDGE_LOOP('',(#4683,#4684,#4685,#4686));
#731=EDGE_LOOP('',(#4687,#4688,#4689,#4690));
#732=EDGE_LOOP('',(#4691,#4692,#4693,#4694));
#733=EDGE_LOOP('',(#4695,#4696,#4697,#4698));
#734=EDGE_LOOP('',(#4699,#4700,#4701,#4702));
#735=EDGE_LOOP('',(#4703,#4704,#4705,#4706));
#736=EDGE_LOOP('',(#4707,#4708,#4709,#4710));
#737=EDGE_LOOP('',(#4711,#4712,#4713,#4714));
#738=EDGE_LOOP('',(#4715,#4716,#4717,#4718));
#739=EDGE_LOOP('',(#4719,#4720,#4721,#4722));
#740=EDGE_LOOP('',(#4723,#4724,#4725,#4726));
#741=EDGE_LOOP('',(#4727,#4728,#4729,#4730));
#742=EDGE_LOOP('',(#4731,#4732,#4733,#4734));
#743=EDGE_LOOP('',(#4735,#4736,#4737,#4738));
#744=EDGE_LOOP('',(#4739,#4740,#4741,#4742));
#745=EDGE_LOOP('',(#4743,#4744,#4745,#4746));
#746=EDGE_LOOP('',(#4747,#4748,#4749,#4750));
#747=EDGE_LOOP('',(#4751,#4752,#4753,#4754));
#748=EDGE_LOOP('',(#4755,#4756,#4757,#4758));
#749=EDGE_LOOP('',(#4759,#4760,#4761,#4762));
#750=EDGE_LOOP('',(#4763,#4764,#4765,#4766));
#751=EDGE_LOOP('',(#4767,#4768,#4769,#4770));
#752=EDGE_LOOP('',(#4771,#4772,#4773,#4774));
#753=EDGE_LOOP('',(#4775,#4776,#4777,#4778));
#754=EDGE_LOOP('',(#4779,#4780,#4781,#4782));
#755=EDGE_LOOP('',(#4783,#4784,#4785,#4786));
#756=EDGE_LOOP('',(#4787,#4788,#4789,#4790));
#757=EDGE_LOOP('',(#4791,#4792,#4793,#4794));
#758=EDGE_LOOP('',(#4795,#4796,#4797,#4798));
#759=EDGE_LOOP('',(#4799,#4800,#4801,#4802));
#760=EDGE_LOOP('',(#4803,#4804,#4805,#4806));
#761=EDGE_LOOP('',(#4807,#4808,#4809,#4810));
#762=EDGE_LOOP('',(#4811,#4812,#4813,#4814));
#763=EDGE_LOOP('',(#4815,#4816,#4817,#4818));
#764=EDGE_LOOP('',(#4819,#4820,#4821,#4822));
#765=EDGE_LOOP('',(#4823,#4824,#4825,#4826));
#766=EDGE_LOOP('',(#4827,#4828,#4829,#4830));
#767=EDGE_LOOP('',(#4831,#4832,#4833,#4834));
#768=EDGE_LOOP('',(#4835,#4836,#4837,#4838));
#769=EDGE_LOOP('',(#4839,#4840,#4841,#4842));
#770=EDGE_LOOP('',(#4843,#4844,#4845,#4846));
#771=EDGE_LOOP('',(#4847,#4848,#4849,#4850));
#772=EDGE_LOOP('',(#4851,#4852,#4853,#4854));
#773=EDGE_LOOP('',(#4855,#4856,#4857,#4858));
#774=EDGE_LOOP('',(#4859,#4860,#4861,#4862));
#775=EDGE_LOOP('',(#4863,#4864,#4865,#4866));
#776=EDGE_LOOP('',(#4867,#4868,#4869,#4870));
#777=EDGE_LOOP('',(#4871,#4872,#4873,#4874));
#778=EDGE_LOOP('',(#4875,#4876,#4877,#4878));
#779=EDGE_LOOP('',(#4879,#4880,#4881,#4882));
#780=EDGE_LOOP('',(#4883,#4884,#4885,#4886));
#781=EDGE_LOOP('',(#4887,#4888,#4889,#4890));
#782=EDGE_LOOP('',(#4891,#4892,#4893,#4894));
#783=EDGE_LOOP('',(#4895,#4896,#4897,#4898));
#784=EDGE_LOOP('',(#4899,#4900,#4901,#4902));
#785=EDGE_LOOP('',(#4903,#4904,#4905,#4906));
#786=EDGE_LOOP('',(#4907,#4908,#4909,#4910));
#787=EDGE_LOOP('',(#4911,#4912,#4913,#4914));
#788=EDGE_LOOP('',(#4915,#4916,#4917,#4918));
#789=EDGE_LOOP('',(#4919,#4920,#4921,#4922));
#790=EDGE_LOOP('',(#4923,#4924,#4925,#4926));
#791=EDGE_LOOP('',(#4927,#4928,#4929,#4930));
#792=EDGE_LOOP('',(#4931,#4932,#4933,#4934));
#793=EDGE_LOOP('',(#4935,#4936,#4937,#4938));
#794=EDGE_LOOP('',(#4939,#4940,#4941,#4942));
#795=EDGE_LOOP('',(#4943,#4944,#4945,#4946));
#796=EDGE_LOOP('',(#4947,#4948,#4949,#4950));
#797=EDGE_LOOP('',(#4951,#4952,#4953,#4954));
#798=EDGE_LOOP('',(#4955,#4956,#4957,#4958));
#799=EDGE_LOOP('',(#4959,#4960,#4961,#4962));
#800=EDGE_LOOP('',(#4963,#4964,#4965,#4966));
#801=EDGE_LOOP('',(#4967,#4968,#4969,#4970));
#802=EDGE_LOOP('',(#4971,#4972,#4973,#4974));
#803=EDGE_LOOP('',(#4975,#4976,#4977,#4978));
#804=EDGE_LOOP('',(#4979,#4980,#4981,#4982));
#805=EDGE_LOOP('',(#4983,#4984,#4985,#4986));
#806=EDGE_LOOP('',(#4987,#4988,#4989,#4990));
#807=EDGE_LOOP('',(#4991,#4992,#4993,#4994));
#808=EDGE_LOOP('',(#4995,#4996,#4997,#4998));
#809=EDGE_LOOP('',(#4999,#5000,#5001,#5002));
#810=EDGE_LOOP('',(#5003,#5004,#5005,#5006));
#811=EDGE_LOOP('',(#5007,#5008,#5009,#5010));
#812=EDGE_LOOP('',(#5011,#5012,#5013,#5014));
#813=EDGE_LOOP('',(#5015,#5016,#5017,#5018));
#814=EDGE_LOOP('',(#5019,#5020,#5021,#5022));
#815=EDGE_LOOP('',(#5023,#5024,#5025,#5026));
#816=EDGE_LOOP('',(#5027,#5028,#5029,#5030));
#817=EDGE_LOOP('',(#5031,#5032,#5033,#5034));
#818=EDGE_LOOP('',(#5035,#5036,#5037,#5038));
#819=EDGE_LOOP('',(#5039,#5040,#5041,#5042));
#820=EDGE_LOOP('',(#5043,#5044,#5045,#5046));
#821=EDGE_LOOP('',(#5047,#5048,#5049,#5050));
#822=EDGE_LOOP('',(#5051,#5052,#5053,#5054));
#823=EDGE_LOOP('',(#5055,#5056,#5057,#5058));
#824=EDGE_LOOP('',(#5059,#5060,#5061,#5062));
#825=EDGE_LOOP('',(#5063,#5064,#5065,#5066));
#826=EDGE_LOOP('',(#5067,#5068,#5069,#5070));
#827=EDGE_LOOP('',(#5071,#5072,#5073,#5074));
#828=EDGE_LOOP('',(#5075,#5076,#5077,#5078));
#829=EDGE_LOOP('',(#5079,#5080,#5081,#5082));
#830=EDGE_LOOP('',(#5083,#5084,#5085,#5086));
#831=EDGE_LOOP('',(#5087,#5088,#5089,#5090));
#832=EDGE_LOOP('',(#5091,#5092,#5093,#5094));
#833=EDGE_LOOP('',(#5095,#5096,#5097,#5098));
#834=EDGE_LOOP('',(#5099,#5100,#5101,#5102));
#835=LINE('',#7486,#1583);
#836=LINE('',#7488,#1584);
#837=LINE('',#7490,#1585);
#838=LINE('',#7491,#1586);
#839=LINE('',#7494,#1587);
#840=LINE('',#7496,#1588);
#841=LINE('',#7497,#1589);
#842=LINE('',#7500,#1590);
#843=LINE('',#7502,#1591);
#844=LINE('',#7503,#1592);
#845=LINE('',#7505,#1593);
#846=LINE('',#7506,#1594);
#847=LINE('',#7510,#1595);
#848=LINE('',#7512,#1596);
#849=LINE('',#7514,#1597);
#850=LINE('',#7515,#1598);
#851=LINE('',#7518,#1599);
#852=LINE('',#7520,#1600);
#853=LINE('',#7521,#1601);
#854=LINE('',#7524,#1602);
#855=LINE('',#7526,#1603);
#856=LINE('',#7527,#1604);
#857=LINE('',#7529,#1605);
#858=LINE('',#7530,#1606);
#859=LINE('',#7535,#1607);
#860=LINE('',#7537,#1608);
#861=LINE('',#7539,#1609);
#862=LINE('',#7540,#1610);
#863=LINE('',#7543,#1611);
#864=LINE('',#7545,#1612);
#865=LINE('',#7546,#1613);
#866=LINE('',#7549,#1614);
#867=LINE('',#7551,#1615);
#868=LINE('',#7552,#1616);
#869=LINE('',#7554,#1617);
#870=LINE('',#7555,#1618);
#871=LINE('',#7559,#1619);
#872=LINE('',#7561,#1620);
#873=LINE('',#7563,#1621);
#874=LINE('',#7564,#1622);
#875=LINE('',#7567,#1623);
#876=LINE('',#7569,#1624);
#877=LINE('',#7570,#1625);
#878=LINE('',#7573,#1626);
#879=LINE('',#7575,#1627);
#880=LINE('',#7576,#1628);
#881=LINE('',#7578,#1629);
#882=LINE('',#7579,#1630);
#883=LINE('',#7584,#1631);
#884=LINE('',#7586,#1632);
#885=LINE('',#7588,#1633);
#886=LINE('',#7589,#1634);
#887=LINE('',#7592,#1635);
#888=LINE('',#7594,#1636);
#889=LINE('',#7595,#1637);
#890=LINE('',#7598,#1638);
#891=LINE('',#7600,#1639);
#892=LINE('',#7601,#1640);
#893=LINE('',#7603,#1641);
#894=LINE('',#7604,#1642);
#895=LINE('',#7608,#1643);
#896=LINE('',#7610,#1644);
#897=LINE('',#7612,#1645);
#898=LINE('',#7613,#1646);
#899=LINE('',#7616,#1647);
#900=LINE('',#7618,#1648);
#901=LINE('',#7619,#1649);
#902=LINE('',#7622,#1650);
#903=LINE('',#7624,#1651);
#904=LINE('',#7625,#1652);
#905=LINE('',#7627,#1653);
#906=LINE('',#7628,#1654);
#907=LINE('',#7633,#1655);
#908=LINE('',#7635,#1656);
#909=LINE('',#7637,#1657);
#910=LINE('',#7638,#1658);
#911=LINE('',#7641,#1659);
#912=LINE('',#7643,#1660);
#913=LINE('',#7644,#1661);
#914=LINE('',#7647,#1662);
#915=LINE('',#7649,#1663);
#916=LINE('',#7650,#1664);
#917=LINE('',#7652,#1665);
#918=LINE('',#7653,#1666);
#919=LINE('',#7657,#1667);
#920=LINE('',#7659,#1668);
#921=LINE('',#7661,#1669);
#922=LINE('',#7662,#1670);
#923=LINE('',#7665,#1671);
#924=LINE('',#7667,#1672);
#925=LINE('',#7668,#1673);
#926=LINE('',#7671,#1674);
#927=LINE('',#7673,#1675);
#928=LINE('',#7674,#1676);
#929=LINE('',#7676,#1677);
#930=LINE('',#7677,#1678);
#931=LINE('',#7682,#1679);
#932=LINE('',#7684,#1680);
#933=LINE('',#7686,#1681);
#934=LINE('',#7687,#1682);
#935=LINE('',#7690,#1683);
#936=LINE('',#7692,#1684);
#937=LINE('',#7693,#1685);
#938=LINE('',#7696,#1686);
#939=LINE('',#7698,#1687);
#940=LINE('',#7699,#1688);
#941=LINE('',#7701,#1689);
#942=LINE('',#7702,#1690);
#943=LINE('',#7706,#1691);
#944=LINE('',#7708,#1692);
#945=LINE('',#7710,#1693);
#946=LINE('',#7711,#1694);
#947=LINE('',#7714,#1695);
#948=LINE('',#7716,#1696);
#949=LINE('',#7717,#1697);
#950=LINE('',#7720,#1698);
#951=LINE('',#7722,#1699);
#952=LINE('',#7723,#1700);
#953=LINE('',#7725,#1701);
#954=LINE('',#7726,#1702);
#955=LINE('',#7731,#1703);
#956=LINE('',#7733,#1704);
#957=LINE('',#7735,#1705);
#958=LINE('',#7736,#1706);
#959=LINE('',#7739,#1707);
#960=LINE('',#7741,#1708);
#961=LINE('',#7742,#1709);
#962=LINE('',#7745,#1710);
#963=LINE('',#7747,#1711);
#964=LINE('',#7748,#1712);
#965=LINE('',#7750,#1713);
#966=LINE('',#7751,#1714);
#967=LINE('',#7755,#1715);
#968=LINE('',#7757,#1716);
#969=LINE('',#7759,#1717);
#970=LINE('',#7760,#1718);
#971=LINE('',#7763,#1719);
#972=LINE('',#7765,#1720);
#973=LINE('',#7766,#1721);
#974=LINE('',#7769,#1722);
#975=LINE('',#7771,#1723);
#976=LINE('',#7772,#1724);
#977=LINE('',#7774,#1725);
#978=LINE('',#7775,#1726);
#979=LINE('',#7780,#1727);
#980=LINE('',#7782,#1728);
#981=LINE('',#7784,#1729);
#982=LINE('',#7785,#1730);
#983=LINE('',#7788,#1731);
#984=LINE('',#7790,#1732);
#985=LINE('',#7791,#1733);
#986=LINE('',#7794,#1734);
#987=LINE('',#7796,#1735);
#988=LINE('',#7797,#1736);
#989=LINE('',#7799,#1737);
#990=LINE('',#7800,#1738);
#991=LINE('',#7804,#1739);
#992=LINE('',#7806,#1740);
#993=LINE('',#7808,#1741);
#994=LINE('',#7809,#1742);
#995=LINE('',#7812,#1743);
#996=LINE('',#7814,#1744);
#997=LINE('',#7815,#1745);
#998=LINE('',#7818,#1746);
#999=LINE('',#7820,#1747);
#1000=LINE('',#7821,#1748);
#1001=LINE('',#7823,#1749);
#1002=LINE('',#7824,#1750);
#1003=LINE('',#7829,#1751);
#1004=LINE('',#7831,#1752);
#1005=LINE('',#7833,#1753);
#1006=LINE('',#7834,#1754);
#1007=LINE('',#7837,#1755);
#1008=LINE('',#7839,#1756);
#1009=LINE('',#7840,#1757);
#1010=LINE('',#7843,#1758);
#1011=LINE('',#7845,#1759);
#1012=LINE('',#7846,#1760);
#1013=LINE('',#7848,#1761);
#1014=LINE('',#7849,#1762);
#1015=LINE('',#7853,#1763);
#1016=LINE('',#7855,#1764);
#1017=LINE('',#7857,#1765);
#1018=LINE('',#7858,#1766);
#1019=LINE('',#7861,#1767);
#1020=LINE('',#7863,#1768);
#1021=LINE('',#7864,#1769);
#1022=LINE('',#7867,#1770);
#1023=LINE('',#7869,#1771);
#1024=LINE('',#7870,#1772);
#1025=LINE('',#7872,#1773);
#1026=LINE('',#7873,#1774);
#1027=LINE('',#7878,#1775);
#1028=LINE('',#7880,#1776);
#1029=LINE('',#7882,#1777);
#1030=LINE('',#7883,#1778);
#1031=LINE('',#7886,#1779);
#1032=LINE('',#7888,#1780);
#1033=LINE('',#7889,#1781);
#1034=LINE('',#7892,#1782);
#1035=LINE('',#7894,#1783);
#1036=LINE('',#7895,#1784);
#1037=LINE('',#7897,#1785);
#1038=LINE('',#7898,#1786);
#1039=LINE('',#7902,#1787);
#1040=LINE('',#7904,#1788);
#1041=LINE('',#7906,#1789);
#1042=LINE('',#7907,#1790);
#1043=LINE('',#7910,#1791);
#1044=LINE('',#7912,#1792);
#1045=LINE('',#7913,#1793);
#1046=LINE('',#7916,#1794);
#1047=LINE('',#7918,#1795);
#1048=LINE('',#7919,#1796);
#1049=LINE('',#7921,#1797);
#1050=LINE('',#7922,#1798);
#1051=LINE('',#7927,#1799);
#1052=LINE('',#7929,#1800);
#1053=LINE('',#7931,#1801);
#1054=LINE('',#7932,#1802);
#1055=LINE('',#7935,#1803);
#1056=LINE('',#7937,#1804);
#1057=LINE('',#7938,#1805);
#1058=LINE('',#7941,#1806);
#1059=LINE('',#7943,#1807);
#1060=LINE('',#7944,#1808);
#1061=LINE('',#7946,#1809);
#1062=LINE('',#7947,#1810);
#1063=LINE('',#7951,#1811);
#1064=LINE('',#7953,#1812);
#1065=LINE('',#7955,#1813);
#1066=LINE('',#7956,#1814);
#1067=LINE('',#7959,#1815);
#1068=LINE('',#7961,#1816);
#1069=LINE('',#7962,#1817);
#1070=LINE('',#7965,#1818);
#1071=LINE('',#7967,#1819);
#1072=LINE('',#7968,#1820);
#1073=LINE('',#7970,#1821);
#1074=LINE('',#7971,#1822);
#1075=LINE('',#7976,#1823);
#1076=LINE('',#7978,#1824);
#1077=LINE('',#7980,#1825);
#1078=LINE('',#7981,#1826);
#1079=LINE('',#7984,#1827);
#1080=LINE('',#7986,#1828);
#1081=LINE('',#7987,#1829);
#1082=LINE('',#7990,#1830);
#1083=LINE('',#7992,#1831);
#1084=LINE('',#7993,#1832);
#1085=LINE('',#7995,#1833);
#1086=LINE('',#7996,#1834);
#1087=LINE('',#8000,#1835);
#1088=LINE('',#8002,#1836);
#1089=LINE('',#8004,#1837);
#1090=LINE('',#8005,#1838);
#1091=LINE('',#8008,#1839);
#1092=LINE('',#8010,#1840);
#1093=LINE('',#8011,#1841);
#1094=LINE('',#8014,#1842);
#1095=LINE('',#8016,#1843);
#1096=LINE('',#8017,#1844);
#1097=LINE('',#8019,#1845);
#1098=LINE('',#8020,#1846);
#1099=LINE('',#8025,#1847);
#1100=LINE('',#8027,#1848);
#1101=LINE('',#8029,#1849);
#1102=LINE('',#8030,#1850);
#1103=LINE('',#8033,#1851);
#1104=LINE('',#8035,#1852);
#1105=LINE('',#8036,#1853);
#1106=LINE('',#8039,#1854);
#1107=LINE('',#8041,#1855);
#1108=LINE('',#8042,#1856);
#1109=LINE('',#8044,#1857);
#1110=LINE('',#8045,#1858);
#1111=LINE('',#8049,#1859);
#1112=LINE('',#8051,#1860);
#1113=LINE('',#8053,#1861);
#1114=LINE('',#8054,#1862);
#1115=LINE('',#8057,#1863);
#1116=LINE('',#8059,#1864);
#1117=LINE('',#8060,#1865);
#1118=LINE('',#8063,#1866);
#1119=LINE('',#8065,#1867);
#1120=LINE('',#8066,#1868);
#1121=LINE('',#8068,#1869);
#1122=LINE('',#8069,#1870);
#1123=LINE('',#8074,#1871);
#1124=LINE('',#8076,#1872);
#1125=LINE('',#8078,#1873);
#1126=LINE('',#8079,#1874);
#1127=LINE('',#8082,#1875);
#1128=LINE('',#8084,#1876);
#1129=LINE('',#8085,#1877);
#1130=LINE('',#8088,#1878);
#1131=LINE('',#8090,#1879);
#1132=LINE('',#8091,#1880);
#1133=LINE('',#8093,#1881);
#1134=LINE('',#8094,#1882);
#1135=LINE('',#8098,#1883);
#1136=LINE('',#8100,#1884);
#1137=LINE('',#8102,#1885);
#1138=LINE('',#8103,#1886);
#1139=LINE('',#8106,#1887);
#1140=LINE('',#8108,#1888);
#1141=LINE('',#8109,#1889);
#1142=LINE('',#8112,#1890);
#1143=LINE('',#8114,#1891);
#1144=LINE('',#8115,#1892);
#1145=LINE('',#8117,#1893);
#1146=LINE('',#8118,#1894);
#1147=LINE('',#8123,#1895);
#1148=LINE('',#8125,#1896);
#1149=LINE('',#8127,#1897);
#1150=LINE('',#8128,#1898);
#1151=LINE('',#8131,#1899);
#1152=LINE('',#8133,#1900);
#1153=LINE('',#8134,#1901);
#1154=LINE('',#8137,#1902);
#1155=LINE('',#8139,#1903);
#1156=LINE('',#8140,#1904);
#1157=LINE('',#8142,#1905);
#1158=LINE('',#8143,#1906);
#1159=LINE('',#8147,#1907);
#1160=LINE('',#8149,#1908);
#1161=LINE('',#8151,#1909);
#1162=LINE('',#8152,#1910);
#1163=LINE('',#8155,#1911);
#1164=LINE('',#8157,#1912);
#1165=LINE('',#8158,#1913);
#1166=LINE('',#8161,#1914);
#1167=LINE('',#8163,#1915);
#1168=LINE('',#8164,#1916);
#1169=LINE('',#8166,#1917);
#1170=LINE('',#8167,#1918);
#1171=LINE('',#8172,#1919);
#1172=LINE('',#8174,#1920);
#1173=LINE('',#8176,#1921);
#1174=LINE('',#8177,#1922);
#1175=LINE('',#8180,#1923);
#1176=LINE('',#8182,#1924);
#1177=LINE('',#8183,#1925);
#1178=LINE('',#8186,#1926);
#1179=LINE('',#8188,#1927);
#1180=LINE('',#8189,#1928);
#1181=LINE('',#8191,#1929);
#1182=LINE('',#8192,#1930);
#1183=LINE('',#8198,#1931);
#1184=LINE('',#8204,#1932);
#1185=LINE('',#8210,#1933);
#1186=LINE('',#8216,#1934);
#1187=LINE('',#8221,#1935);
#1188=LINE('',#8223,#1936);
#1189=LINE('',#8225,#1937);
#1190=LINE('',#8226,#1938);
#1191=LINE('',#8229,#1939);
#1192=LINE('',#8231,#1940);
#1193=LINE('',#8232,#1941);
#1194=LINE('',#8235,#1942);
#1195=LINE('',#8237,#1943);
#1196=LINE('',#8238,#1944);
#1197=LINE('',#8240,#1945);
#1198=LINE('',#8241,#1946);
#1199=LINE('',#8245,#1947);
#1200=LINE('',#8247,#1948);
#1201=LINE('',#8249,#1949);
#1202=LINE('',#8250,#1950);
#1203=LINE('',#8253,#1951);
#1204=LINE('',#8255,#1952);
#1205=LINE('',#8257,#1953);
#1206=LINE('',#8258,#1954);
#1207=LINE('',#8261,#1955);
#1208=LINE('',#8263,#1956);
#1209=LINE('',#8265,#1957);
#1210=LINE('',#8266,#1958);
#1211=LINE('',#8269,#1959);
#1212=LINE('',#8271,#1960);
#1213=LINE('',#8273,#1961);
#1214=LINE('',#8274,#1962);
#1215=LINE('',#8277,#1963);
#1216=LINE('',#8279,#1964);
#1217=LINE('',#8281,#1965);
#1218=LINE('',#8282,#1966);
#1219=LINE('',#8285,#1967);
#1220=LINE('',#8287,#1968);
#1221=LINE('',#8289,#1969);
#1222=LINE('',#8290,#1970);
#1223=LINE('',#8294,#1971);
#1224=LINE('',#8296,#1972);
#1225=LINE('',#8298,#1973);
#1226=LINE('',#8299,#1974);
#1227=LINE('',#8302,#1975);
#1228=LINE('',#8304,#1976);
#1229=LINE('',#8306,#1977);
#1230=LINE('',#8307,#1978);
#1231=LINE('',#8310,#1979);
#1232=LINE('',#8312,#1980);
#1233=LINE('',#8314,#1981);
#1234=LINE('',#8315,#1982);
#1235=LINE('',#8318,#1983);
#1236=LINE('',#8320,#1984);
#1237=LINE('',#8322,#1985);
#1238=LINE('',#8323,#1986);
#1239=LINE('',#8326,#1987);
#1240=LINE('',#8328,#1988);
#1241=LINE('',#8330,#1989);
#1242=LINE('',#8331,#1990);
#1243=LINE('',#8334,#1991);
#1244=LINE('',#8336,#1992);
#1245=LINE('',#8338,#1993);
#1246=LINE('',#8339,#1994);
#1247=LINE('',#8343,#1995);
#1248=LINE('',#8344,#1996);
#1249=LINE('',#8345,#1997);
#1250=LINE('',#8348,#1998);
#1251=LINE('',#8349,#1999);
#1252=LINE('',#8352,#2000);
#1253=LINE('',#8353,#2001);
#1254=LINE('',#8355,#2002);
#1255=LINE('',#8359,#2003);
#1256=LINE('',#8360,#2004);
#1257=LINE('',#8361,#2005);
#1258=LINE('',#8364,#2006);
#1259=LINE('',#8365,#2007);
#1260=LINE('',#8368,#2008);
#1261=LINE('',#8369,#2009);
#1262=LINE('',#8371,#2010);
#1263=LINE('',#8376,#2011);
#1264=LINE('',#8377,#2012);
#1265=LINE('',#8378,#2013);
#1266=LINE('',#8381,#2014);
#1267=LINE('',#8382,#2015);
#1268=LINE('',#8385,#2016);
#1269=LINE('',#8386,#2017);
#1270=LINE('',#8388,#2018);
#1271=LINE('',#8392,#2019);
#1272=LINE('',#8393,#2020);
#1273=LINE('',#8394,#2021);
#1274=LINE('',#8397,#2022);
#1275=LINE('',#8398,#2023);
#1276=LINE('',#8401,#2024);
#1277=LINE('',#8402,#2025);
#1278=LINE('',#8404,#2026);
#1279=LINE('',#8409,#2027);
#1280=LINE('',#8410,#2028);
#1281=LINE('',#8411,#2029);
#1282=LINE('',#8414,#2030);
#1283=LINE('',#8415,#2031);
#1284=LINE('',#8418,#2032);
#1285=LINE('',#8419,#2033);
#1286=LINE('',#8421,#2034);
#1287=LINE('',#8425,#2035);
#1288=LINE('',#8426,#2036);
#1289=LINE('',#8427,#2037);
#1290=LINE('',#8430,#2038);
#1291=LINE('',#8431,#2039);
#1292=LINE('',#8434,#2040);
#1293=LINE('',#8435,#2041);
#1294=LINE('',#8437,#2042);
#1295=LINE('',#8442,#2043);
#1296=LINE('',#8443,#2044);
#1297=LINE('',#8444,#2045);
#1298=LINE('',#8447,#2046);
#1299=LINE('',#8448,#2047);
#1300=LINE('',#8451,#2048);
#1301=LINE('',#8452,#2049);
#1302=LINE('',#8454,#2050);
#1303=LINE('',#8458,#2051);
#1304=LINE('',#8459,#2052);
#1305=LINE('',#8460,#2053);
#1306=LINE('',#8463,#2054);
#1307=LINE('',#8464,#2055);
#1308=LINE('',#8467,#2056);
#1309=LINE('',#8468,#2057);
#1310=LINE('',#8470,#2058);
#1311=LINE('',#8475,#2059);
#1312=LINE('',#8476,#2060);
#1313=LINE('',#8477,#2061);
#1314=LINE('',#8480,#2062);
#1315=LINE('',#8481,#2063);
#1316=LINE('',#8484,#2064);
#1317=LINE('',#8485,#2065);
#1318=LINE('',#8487,#2066);
#1319=LINE('',#8491,#2067);
#1320=LINE('',#8492,#2068);
#1321=LINE('',#8493,#2069);
#1322=LINE('',#8496,#2070);
#1323=LINE('',#8497,#2071);
#1324=LINE('',#8500,#2072);
#1325=LINE('',#8501,#2073);
#1326=LINE('',#8503,#2074);
#1327=LINE('',#8508,#2075);
#1328=LINE('',#8509,#2076);
#1329=LINE('',#8510,#2077);
#1330=LINE('',#8513,#2078);
#1331=LINE('',#8514,#2079);
#1332=LINE('',#8517,#2080);
#1333=LINE('',#8518,#2081);
#1334=LINE('',#8520,#2082);
#1335=LINE('',#8524,#2083);
#1336=LINE('',#8525,#2084);
#1337=LINE('',#8526,#2085);
#1338=LINE('',#8529,#2086);
#1339=LINE('',#8530,#2087);
#1340=LINE('',#8533,#2088);
#1341=LINE('',#8534,#2089);
#1342=LINE('',#8536,#2090);
#1343=LINE('',#8541,#2091);
#1344=LINE('',#8543,#2092);
#1345=LINE('',#8545,#2093);
#1346=LINE('',#8546,#2094);
#1347=LINE('',#8549,#2095);
#1348=LINE('',#8551,#2096);
#1349=LINE('',#8552,#2097);
#1350=LINE('',#8555,#2098);
#1351=LINE('',#8557,#2099);
#1352=LINE('',#8558,#2100);
#1353=LINE('',#8560,#2101);
#1354=LINE('',#8561,#2102);
#1355=LINE('',#8567,#2103);
#1356=LINE('',#8569,#2104);
#1357=LINE('',#8571,#2105);
#1358=LINE('',#8572,#2106);
#1359=LINE('',#8575,#2107);
#1360=LINE('',#8577,#2108);
#1361=LINE('',#8578,#2109);
#1362=LINE('',#8581,#2110);
#1363=LINE('',#8583,#2111);
#1364=LINE('',#8584,#2112);
#1365=LINE('',#8586,#2113);
#1366=LINE('',#8587,#2114);
#1367=LINE('',#8593,#2115);
#1368=LINE('',#8595,#2116);
#1369=LINE('',#8597,#2117);
#1370=LINE('',#8598,#2118);
#1371=LINE('',#8601,#2119);
#1372=LINE('',#8603,#2120);
#1373=LINE('',#8604,#2121);
#1374=LINE('',#8607,#2122);
#1375=LINE('',#8609,#2123);
#1376=LINE('',#8610,#2124);
#1377=LINE('',#8612,#2125);
#1378=LINE('',#8613,#2126);
#1379=LINE('',#8619,#2127);
#1380=LINE('',#8621,#2128);
#1381=LINE('',#8623,#2129);
#1382=LINE('',#8624,#2130);
#1383=LINE('',#8627,#2131);
#1384=LINE('',#8629,#2132);
#1385=LINE('',#8630,#2133);
#1386=LINE('',#8633,#2134);
#1387=LINE('',#8635,#2135);
#1388=LINE('',#8636,#2136);
#1389=LINE('',#8638,#2137);
#1390=LINE('',#8639,#2138);
#1391=LINE('',#8645,#2139);
#1392=LINE('',#8647,#2140);
#1393=LINE('',#8649,#2141);
#1394=LINE('',#8650,#2142);
#1395=LINE('',#8653,#2143);
#1396=LINE('',#8655,#2144);
#1397=LINE('',#8656,#2145);
#1398=LINE('',#8659,#2146);
#1399=LINE('',#8661,#2147);
#1400=LINE('',#8662,#2148);
#1401=LINE('',#8664,#2149);
#1402=LINE('',#8665,#2150);
#1403=LINE('',#8671,#2151);
#1404=LINE('',#8673,#2152);
#1405=LINE('',#8675,#2153);
#1406=LINE('',#8676,#2154);
#1407=LINE('',#8679,#2155);
#1408=LINE('',#8681,#2156);
#1409=LINE('',#8682,#2157);
#1410=LINE('',#8685,#2158);
#1411=LINE('',#8687,#2159);
#1412=LINE('',#8688,#2160);
#1413=LINE('',#8690,#2161);
#1414=LINE('',#8691,#2162);
#1415=LINE('',#8697,#2163);
#1416=LINE('',#8699,#2164);
#1417=LINE('',#8701,#2165);
#1418=LINE('',#8702,#2166);
#1419=LINE('',#8705,#2167);
#1420=LINE('',#8707,#2168);
#1421=LINE('',#8708,#2169);
#1422=LINE('',#8711,#2170);
#1423=LINE('',#8713,#2171);
#1424=LINE('',#8714,#2172);
#1425=LINE('',#8716,#2173);
#1426=LINE('',#8717,#2174);
#1427=LINE('',#8723,#2175);
#1428=LINE('',#8725,#2176);
#1429=LINE('',#8727,#2177);
#1430=LINE('',#8728,#2178);
#1431=LINE('',#8731,#2179);
#1432=LINE('',#8733,#2180);
#1433=LINE('',#8734,#2181);
#1434=LINE('',#8737,#2182);
#1435=LINE('',#8739,#2183);
#1436=LINE('',#8740,#2184);
#1437=LINE('',#8742,#2185);
#1438=LINE('',#8743,#2186);
#1439=LINE('',#8749,#2187);
#1440=LINE('',#8751,#2188);
#1441=LINE('',#8753,#2189);
#1442=LINE('',#8754,#2190);
#1443=LINE('',#8757,#2191);
#1444=LINE('',#8759,#2192);
#1445=LINE('',#8760,#2193);
#1446=LINE('',#8763,#2194);
#1447=LINE('',#8765,#2195);
#1448=LINE('',#8766,#2196);
#1449=LINE('',#8768,#2197);
#1450=LINE('',#8769,#2198);
#1451=LINE('',#8775,#2199);
#1452=LINE('',#8777,#2200);
#1453=LINE('',#8779,#2201);
#1454=LINE('',#8780,#2202);
#1455=LINE('',#8783,#2203);
#1456=LINE('',#8785,#2204);
#1457=LINE('',#8786,#2205);
#1458=LINE('',#8789,#2206);
#1459=LINE('',#8791,#2207);
#1460=LINE('',#8792,#2208);
#1461=LINE('',#8794,#2209);
#1462=LINE('',#8795,#2210);
#1463=LINE('',#8801,#2211);
#1464=LINE('',#8803,#2212);
#1465=LINE('',#8805,#2213);
#1466=LINE('',#8806,#2214);
#1467=LINE('',#8809,#2215);
#1468=LINE('',#8811,#2216);
#1469=LINE('',#8812,#2217);
#1470=LINE('',#8815,#2218);
#1471=LINE('',#8817,#2219);
#1472=LINE('',#8818,#2220);
#1473=LINE('',#8820,#2221);
#1474=LINE('',#8821,#2222);
#1475=LINE('',#8827,#2223);
#1476=LINE('',#8829,#2224);
#1477=LINE('',#8831,#2225);
#1478=LINE('',#8832,#2226);
#1479=LINE('',#8835,#2227);
#1480=LINE('',#8837,#2228);
#1481=LINE('',#8838,#2229);
#1482=LINE('',#8841,#2230);
#1483=LINE('',#8843,#2231);
#1484=LINE('',#8844,#2232);
#1485=LINE('',#8846,#2233);
#1486=LINE('',#8847,#2234);
#1487=LINE('',#8853,#2235);
#1488=LINE('',#8855,#2236);
#1489=LINE('',#8857,#2237);
#1490=LINE('',#8858,#2238);
#1491=LINE('',#8861,#2239);
#1492=LINE('',#8863,#2240);
#1493=LINE('',#8864,#2241);
#1494=LINE('',#8867,#2242);
#1495=LINE('',#8869,#2243);
#1496=LINE('',#8870,#2244);
#1497=LINE('',#8872,#2245);
#1498=LINE('',#8873,#2246);
#1499=LINE('',#8879,#2247);
#1500=LINE('',#8881,#2248);
#1501=LINE('',#8883,#2249);
#1502=LINE('',#8884,#2250);
#1503=LINE('',#8887,#2251);
#1504=LINE('',#8889,#2252);
#1505=LINE('',#8890,#2253);
#1506=LINE('',#8893,#2254);
#1507=LINE('',#8895,#2255);
#1508=LINE('',#8896,#2256);
#1509=LINE('',#8898,#2257);
#1510=LINE('',#8899,#2258);
#1511=LINE('',#8905,#2259);
#1512=LINE('',#8907,#2260);
#1513=LINE('',#8909,#2261);
#1514=LINE('',#8910,#2262);
#1515=LINE('',#8913,#2263);
#1516=LINE('',#8915,#2264);
#1517=LINE('',#8916,#2265);
#1518=LINE('',#8919,#2266);
#1519=LINE('',#8921,#2267);
#1520=LINE('',#8922,#2268);
#1521=LINE('',#8924,#2269);
#1522=LINE('',#8925,#2270);
#1523=LINE('',#8931,#2271);
#1524=LINE('',#8933,#2272);
#1525=LINE('',#8935,#2273);
#1526=LINE('',#8936,#2274);
#1527=LINE('',#8939,#2275);
#1528=LINE('',#8941,#2276);
#1529=LINE('',#8942,#2277);
#1530=LINE('',#8945,#2278);
#1531=LINE('',#8947,#2279);
#1532=LINE('',#8948,#2280);
#1533=LINE('',#8950,#2281);
#1534=LINE('',#8951,#2282);
#1535=LINE('',#8957,#2283);
#1536=LINE('',#8959,#2284);
#1537=LINE('',#8961,#2285);
#1538=LINE('',#8962,#2286);
#1539=LINE('',#8965,#2287);
#1540=LINE('',#8967,#2288);
#1541=LINE('',#8968,#2289);
#1542=LINE('',#8971,#2290);
#1543=LINE('',#8973,#2291);
#1544=LINE('',#8974,#2292);
#1545=LINE('',#8976,#2293);
#1546=LINE('',#8977,#2294);
#1547=LINE('',#8983,#2295);
#1548=LINE('',#8985,#2296);
#1549=LINE('',#8987,#2297);
#1550=LINE('',#8988,#2298);
#1551=LINE('',#8991,#2299);
#1552=LINE('',#8993,#2300);
#1553=LINE('',#8994,#2301);
#1554=LINE('',#8997,#2302);
#1555=LINE('',#8999,#2303);
#1556=LINE('',#9000,#2304);
#1557=LINE('',#9002,#2305);
#1558=LINE('',#9003,#2306);
#1559=LINE('',#9009,#2307);
#1560=LINE('',#9011,#2308);
#1561=LINE('',#9013,#2309);
#1562=LINE('',#9014,#2310);
#1563=LINE('',#9017,#2311);
#1564=LINE('',#9019,#2312);
#1565=LINE('',#9020,#2313);
#1566=LINE('',#9023,#2314);
#1567=LINE('',#9025,#2315);
#1568=LINE('',#9026,#2316);
#1569=LINE('',#9028,#2317);
#1570=LINE('',#9029,#2318);
#1571=LINE('',#9035,#2319);
#1572=LINE('',#9037,#2320);
#1573=LINE('',#9039,#2321);
#1574=LINE('',#9040,#2322);
#1575=LINE('',#9043,#2323);
#1576=LINE('',#9045,#2324);
#1577=LINE('',#9046,#2325);
#1578=LINE('',#9049,#2326);
#1579=LINE('',#9051,#2327);
#1580=LINE('',#9052,#2328);
#1581=LINE('',#9054,#2329);
#1582=LINE('',#9055,#2330);
#1583=VECTOR('',#6090,10.);
#1584=VECTOR('',#6091,10.);
#1585=VECTOR('',#6092,10.);
#1586=VECTOR('',#6093,10.);
#1587=VECTOR('',#6096,10.);
#1588=VECTOR('',#6097,10.);
#1589=VECTOR('',#6098,10.);
#1590=VECTOR('',#6101,10.);
#1591=VECTOR('',#6102,10.);
#1592=VECTOR('',#6103,10.);
#1593=VECTOR('',#6106,10.);
#1594=VECTOR('',#6107,10.);
#1595=VECTOR('',#6110,10.);
#1596=VECTOR('',#6111,10.);
#1597=VECTOR('',#6112,10.);
#1598=VECTOR('',#6113,10.);
#1599=VECTOR('',#6116,10.);
#1600=VECTOR('',#6117,10.);
#1601=VECTOR('',#6118,10.);
#1602=VECTOR('',#6121,10.);
#1603=VECTOR('',#6122,10.);
#1604=VECTOR('',#6123,10.);
#1605=VECTOR('',#6126,10.);
#1606=VECTOR('',#6127,10.);
#1607=VECTOR('',#6132,10.);
#1608=VECTOR('',#6133,10.);
#1609=VECTOR('',#6134,10.);
#1610=VECTOR('',#6135,10.);
#1611=VECTOR('',#6138,10.);
#1612=VECTOR('',#6139,10.);
#1613=VECTOR('',#6140,10.);
#1614=VECTOR('',#6143,10.);
#1615=VECTOR('',#6144,10.);
#1616=VECTOR('',#6145,10.);
#1617=VECTOR('',#6148,10.);
#1618=VECTOR('',#6149,10.);
#1619=VECTOR('',#6152,10.);
#1620=VECTOR('',#6153,10.);
#1621=VECTOR('',#6154,10.);
#1622=VECTOR('',#6155,10.);
#1623=VECTOR('',#6158,10.);
#1624=VECTOR('',#6159,10.);
#1625=VECTOR('',#6160,10.);
#1626=VECTOR('',#6163,10.);
#1627=VECTOR('',#6164,10.);
#1628=VECTOR('',#6165,10.);
#1629=VECTOR('',#6168,10.);
#1630=VECTOR('',#6169,10.);
#1631=VECTOR('',#6174,10.);
#1632=VECTOR('',#6175,10.);
#1633=VECTOR('',#6176,10.);
#1634=VECTOR('',#6177,10.);
#1635=VECTOR('',#6180,10.);
#1636=VECTOR('',#6181,10.);
#1637=VECTOR('',#6182,10.);
#1638=VECTOR('',#6185,10.);
#1639=VECTOR('',#6186,10.);
#1640=VECTOR('',#6187,10.);
#1641=VECTOR('',#6190,10.);
#1642=VECTOR('',#6191,10.);
#1643=VECTOR('',#6194,10.);
#1644=VECTOR('',#6195,10.);
#1645=VECTOR('',#6196,10.);
#1646=VECTOR('',#6197,10.);
#1647=VECTOR('',#6200,10.);
#1648=VECTOR('',#6201,10.);
#1649=VECTOR('',#6202,10.);
#1650=VECTOR('',#6205,10.);
#1651=VECTOR('',#6206,10.);
#1652=VECTOR('',#6207,10.);
#1653=VECTOR('',#6210,10.);
#1654=VECTOR('',#6211,10.);
#1655=VECTOR('',#6216,10.);
#1656=VECTOR('',#6217,10.);
#1657=VECTOR('',#6218,10.);
#1658=VECTOR('',#6219,10.);
#1659=VECTOR('',#6222,10.);
#1660=VECTOR('',#6223,10.);
#1661=VECTOR('',#6224,10.);
#1662=VECTOR('',#6227,10.);
#1663=VECTOR('',#6228,10.);
#1664=VECTOR('',#6229,10.);
#1665=VECTOR('',#6232,10.);
#1666=VECTOR('',#6233,10.);
#1667=VECTOR('',#6236,10.);
#1668=VECTOR('',#6237,10.);
#1669=VECTOR('',#6238,10.);
#1670=VECTOR('',#6239,10.);
#1671=VECTOR('',#6242,10.);
#1672=VECTOR('',#6243,10.);
#1673=VECTOR('',#6244,10.);
#1674=VECTOR('',#6247,10.);
#1675=VECTOR('',#6248,10.);
#1676=VECTOR('',#6249,10.);
#1677=VECTOR('',#6252,10.);
#1678=VECTOR('',#6253,10.);
#1679=VECTOR('',#6258,10.);
#1680=VECTOR('',#6259,10.);
#1681=VECTOR('',#6260,10.);
#1682=VECTOR('',#6261,10.);
#1683=VECTOR('',#6264,10.);
#1684=VECTOR('',#6265,10.);
#1685=VECTOR('',#6266,10.);
#1686=VECTOR('',#6269,10.);
#1687=VECTOR('',#6270,10.);
#1688=VECTOR('',#6271,10.);
#1689=VECTOR('',#6274,10.);
#1690=VECTOR('',#6275,10.);
#1691=VECTOR('',#6278,10.);
#1692=VECTOR('',#6279,10.);
#1693=VECTOR('',#6280,10.);
#1694=VECTOR('',#6281,10.);
#1695=VECTOR('',#6284,10.);
#1696=VECTOR('',#6285,10.);
#1697=VECTOR('',#6286,10.);
#1698=VECTOR('',#6289,10.);
#1699=VECTOR('',#6290,10.);
#1700=VECTOR('',#6291,10.);
#1701=VECTOR('',#6294,10.);
#1702=VECTOR('',#6295,10.);
#1703=VECTOR('',#6300,10.);
#1704=VECTOR('',#6301,10.);
#1705=VECTOR('',#6302,10.);
#1706=VECTOR('',#6303,10.);
#1707=VECTOR('',#6306,10.);
#1708=VECTOR('',#6307,10.);
#1709=VECTOR('',#6308,10.);
#1710=VECTOR('',#6311,10.);
#1711=VECTOR('',#6312,10.);
#1712=VECTOR('',#6313,10.);
#1713=VECTOR('',#6316,10.);
#1714=VECTOR('',#6317,10.);
#1715=VECTOR('',#6320,10.);
#1716=VECTOR('',#6321,10.);
#1717=VECTOR('',#6322,10.);
#1718=VECTOR('',#6323,10.);
#1719=VECTOR('',#6326,10.);
#1720=VECTOR('',#6327,10.);
#1721=VECTOR('',#6328,10.);
#1722=VECTOR('',#6331,10.);
#1723=VECTOR('',#6332,10.);
#1724=VECTOR('',#6333,10.);
#1725=VECTOR('',#6336,10.);
#1726=VECTOR('',#6337,10.);
#1727=VECTOR('',#6342,10.);
#1728=VECTOR('',#6343,10.);
#1729=VECTOR('',#6344,10.);
#1730=VECTOR('',#6345,10.);
#1731=VECTOR('',#6348,10.);
#1732=VECTOR('',#6349,10.);
#1733=VECTOR('',#6350,10.);
#1734=VECTOR('',#6353,10.);
#1735=VECTOR('',#6354,10.);
#1736=VECTOR('',#6355,10.);
#1737=VECTOR('',#6358,10.);
#1738=VECTOR('',#6359,10.);
#1739=VECTOR('',#6362,10.);
#1740=VECTOR('',#6363,10.);
#1741=VECTOR('',#6364,10.);
#1742=VECTOR('',#6365,10.);
#1743=VECTOR('',#6368,10.);
#1744=VECTOR('',#6369,10.);
#1745=VECTOR('',#6370,10.);
#1746=VECTOR('',#6373,10.);
#1747=VECTOR('',#6374,10.);
#1748=VECTOR('',#6375,10.);
#1749=VECTOR('',#6378,10.);
#1750=VECTOR('',#6379,10.);
#1751=VECTOR('',#6384,10.);
#1752=VECTOR('',#6385,10.);
#1753=VECTOR('',#6386,10.);
#1754=VECTOR('',#6387,10.);
#1755=VECTOR('',#6390,10.);
#1756=VECTOR('',#6391,10.);
#1757=VECTOR('',#6392,10.);
#1758=VECTOR('',#6395,10.);
#1759=VECTOR('',#6396,10.);
#1760=VECTOR('',#6397,10.);
#1761=VECTOR('',#6400,10.);
#1762=VECTOR('',#6401,10.);
#1763=VECTOR('',#6404,10.);
#1764=VECTOR('',#6405,10.);
#1765=VECTOR('',#6406,10.);
#1766=VECTOR('',#6407,10.);
#1767=VECTOR('',#6410,10.);
#1768=VECTOR('',#6411,10.);
#1769=VECTOR('',#6412,10.);
#1770=VECTOR('',#6415,10.);
#1771=VECTOR('',#6416,10.);
#1772=VECTOR('',#6417,10.);
#1773=VECTOR('',#6420,10.);
#1774=VECTOR('',#6421,10.);
#1775=VECTOR('',#6426,10.);
#1776=VECTOR('',#6427,10.);
#1777=VECTOR('',#6428,10.);
#1778=VECTOR('',#6429,10.);
#1779=VECTOR('',#6432,10.);
#1780=VECTOR('',#6433,10.);
#1781=VECTOR('',#6434,10.);
#1782=VECTOR('',#6437,10.);
#1783=VECTOR('',#6438,10.);
#1784=VECTOR('',#6439,10.);
#1785=VECTOR('',#6442,10.);
#1786=VECTOR('',#6443,10.);
#1787=VECTOR('',#6446,10.);
#1788=VECTOR('',#6447,10.);
#1789=VECTOR('',#6448,10.);
#1790=VECTOR('',#6449,10.);
#1791=VECTOR('',#6452,10.);
#1792=VECTOR('',#6453,10.);
#1793=VECTOR('',#6454,10.);
#1794=VECTOR('',#6457,10.);
#1795=VECTOR('',#6458,10.);
#1796=VECTOR('',#6459,10.);
#1797=VECTOR('',#6462,10.);
#1798=VECTOR('',#6463,10.);
#1799=VECTOR('',#6468,10.);
#1800=VECTOR('',#6469,10.);
#1801=VECTOR('',#6470,10.);
#1802=VECTOR('',#6471,10.);
#1803=VECTOR('',#6474,10.);
#1804=VECTOR('',#6475,10.);
#1805=VECTOR('',#6476,10.);
#1806=VECTOR('',#6479,10.);
#1807=VECTOR('',#6480,10.);
#1808=VECTOR('',#6481,10.);
#1809=VECTOR('',#6484,10.);
#1810=VECTOR('',#6485,10.);
#1811=VECTOR('',#6488,10.);
#1812=VECTOR('',#6489,10.);
#1813=VECTOR('',#6490,10.);
#1814=VECTOR('',#6491,10.);
#1815=VECTOR('',#6494,10.);
#1816=VECTOR('',#6495,10.);
#1817=VECTOR('',#6496,10.);
#1818=VECTOR('',#6499,10.);
#1819=VECTOR('',#6500,10.);
#1820=VECTOR('',#6501,10.);
#1821=VECTOR('',#6504,10.);
#1822=VECTOR('',#6505,10.);
#1823=VECTOR('',#6510,10.);
#1824=VECTOR('',#6511,10.);
#1825=VECTOR('',#6512,10.);
#1826=VECTOR('',#6513,10.);
#1827=VECTOR('',#6516,10.);
#1828=VECTOR('',#6517,10.);
#1829=VECTOR('',#6518,10.);
#1830=VECTOR('',#6521,10.);
#1831=VECTOR('',#6522,10.);
#1832=VECTOR('',#6523,10.);
#1833=VECTOR('',#6526,10.);
#1834=VECTOR('',#6527,10.);
#1835=VECTOR('',#6530,10.);
#1836=VECTOR('',#6531,10.);
#1837=VECTOR('',#6532,10.);
#1838=VECTOR('',#6533,10.);
#1839=VECTOR('',#6536,10.);
#1840=VECTOR('',#6537,10.);
#1841=VECTOR('',#6538,10.);
#1842=VECTOR('',#6541,10.);
#1843=VECTOR('',#6542,10.);
#1844=VECTOR('',#6543,10.);
#1845=VECTOR('',#6546,10.);
#1846=VECTOR('',#6547,10.);
#1847=VECTOR('',#6552,10.);
#1848=VECTOR('',#6553,10.);
#1849=VECTOR('',#6554,10.);
#1850=VECTOR('',#6555,10.);
#1851=VECTOR('',#6558,10.);
#1852=VECTOR('',#6559,10.);
#1853=VECTOR('',#6560,10.);
#1854=VECTOR('',#6563,10.);
#1855=VECTOR('',#6564,10.);
#1856=VECTOR('',#6565,10.);
#1857=VECTOR('',#6568,10.);
#1858=VECTOR('',#6569,10.);
#1859=VECTOR('',#6572,10.);
#1860=VECTOR('',#6573,10.);
#1861=VECTOR('',#6574,10.);
#1862=VECTOR('',#6575,10.);
#1863=VECTOR('',#6578,10.);
#1864=VECTOR('',#6579,10.);
#1865=VECTOR('',#6580,10.);
#1866=VECTOR('',#6583,10.);
#1867=VECTOR('',#6584,10.);
#1868=VECTOR('',#6585,10.);
#1869=VECTOR('',#6588,10.);
#1870=VECTOR('',#6589,10.);
#1871=VECTOR('',#6594,10.);
#1872=VECTOR('',#6595,10.);
#1873=VECTOR('',#6596,10.);
#1874=VECTOR('',#6597,10.);
#1875=VECTOR('',#6600,10.);
#1876=VECTOR('',#6601,10.);
#1877=VECTOR('',#6602,10.);
#1878=VECTOR('',#6605,10.);
#1879=VECTOR('',#6606,10.);
#1880=VECTOR('',#6607,10.);
#1881=VECTOR('',#6610,10.);
#1882=VECTOR('',#6611,10.);
#1883=VECTOR('',#6614,10.);
#1884=VECTOR('',#6615,10.);
#1885=VECTOR('',#6616,10.);
#1886=VECTOR('',#6617,10.);
#1887=VECTOR('',#6620,10.);
#1888=VECTOR('',#6621,10.);
#1889=VECTOR('',#6622,10.);
#1890=VECTOR('',#6625,10.);
#1891=VECTOR('',#6626,10.);
#1892=VECTOR('',#6627,10.);
#1893=VECTOR('',#6630,10.);
#1894=VECTOR('',#6631,10.);
#1895=VECTOR('',#6636,10.);
#1896=VECTOR('',#6637,10.);
#1897=VECTOR('',#6638,10.);
#1898=VECTOR('',#6639,10.);
#1899=VECTOR('',#6642,10.);
#1900=VECTOR('',#6643,10.);
#1901=VECTOR('',#6644,10.);
#1902=VECTOR('',#6647,10.);
#1903=VECTOR('',#6648,10.);
#1904=VECTOR('',#6649,10.);
#1905=VECTOR('',#6652,10.);
#1906=VECTOR('',#6653,10.);
#1907=VECTOR('',#6656,10.);
#1908=VECTOR('',#6657,10.);
#1909=VECTOR('',#6658,10.);
#1910=VECTOR('',#6659,10.);
#1911=VECTOR('',#6662,10.);
#1912=VECTOR('',#6663,10.);
#1913=VECTOR('',#6664,10.);
#1914=VECTOR('',#6667,10.);
#1915=VECTOR('',#6668,10.);
#1916=VECTOR('',#6669,10.);
#1917=VECTOR('',#6672,10.);
#1918=VECTOR('',#6673,10.);
#1919=VECTOR('',#6678,10.);
#1920=VECTOR('',#6679,10.);
#1921=VECTOR('',#6680,10.);
#1922=VECTOR('',#6681,10.);
#1923=VECTOR('',#6684,10.);
#1924=VECTOR('',#6685,10.);
#1925=VECTOR('',#6686,10.);
#1926=VECTOR('',#6689,10.);
#1927=VECTOR('',#6690,10.);
#1928=VECTOR('',#6691,10.);
#1929=VECTOR('',#6694,10.);
#1930=VECTOR('',#6695,10.);
#1931=VECTOR('',#6702,1.6);
#1932=VECTOR('',#6709,1.6);
#1933=VECTOR('',#6716,1.6);
#1934=VECTOR('',#6723,1.6);
#1935=VECTOR('',#6728,10.);
#1936=VECTOR('',#6729,10.);
#1937=VECTOR('',#6730,10.);
#1938=VECTOR('',#6731,10.);
#1939=VECTOR('',#6734,10.);
#1940=VECTOR('',#6735,10.);
#1941=VECTOR('',#6736,10.);
#1942=VECTOR('',#6739,10.);
#1943=VECTOR('',#6740,10.);
#1944=VECTOR('',#6741,10.);
#1945=VECTOR('',#6744,10.);
#1946=VECTOR('',#6745,10.);
#1947=VECTOR('',#6748,10.);
#1948=VECTOR('',#6749,10.);
#1949=VECTOR('',#6750,10.);
#1950=VECTOR('',#6751,10.);
#1951=VECTOR('',#6752,10.);
#1952=VECTOR('',#6753,10.);
#1953=VECTOR('',#6754,10.);
#1954=VECTOR('',#6755,10.);
#1955=VECTOR('',#6756,10.);
#1956=VECTOR('',#6757,10.);
#1957=VECTOR('',#6758,10.);
#1958=VECTOR('',#6759,10.);
#1959=VECTOR('',#6760,10.);
#1960=VECTOR('',#6761,10.);
#1961=VECTOR('',#6762,10.);
#1962=VECTOR('',#6763,10.);
#1963=VECTOR('',#6764,10.);
#1964=VECTOR('',#6765,10.);
#1965=VECTOR('',#6766,10.);
#1966=VECTOR('',#6767,10.);
#1967=VECTOR('',#6768,10.);
#1968=VECTOR('',#6769,10.);
#1969=VECTOR('',#6770,10.);
#1970=VECTOR('',#6771,10.);
#1971=VECTOR('',#6774,10.);
#1972=VECTOR('',#6775,10.);
#1973=VECTOR('',#6776,10.);
#1974=VECTOR('',#6777,10.);
#1975=VECTOR('',#6778,10.);
#1976=VECTOR('',#6779,10.);
#1977=VECTOR('',#6780,10.);
#1978=VECTOR('',#6781,10.);
#1979=VECTOR('',#6782,10.);
#1980=VECTOR('',#6783,10.);
#1981=VECTOR('',#6784,10.);
#1982=VECTOR('',#6785,10.);
#1983=VECTOR('',#6786,10.);
#1984=VECTOR('',#6787,10.);
#1985=VECTOR('',#6788,10.);
#1986=VECTOR('',#6789,10.);
#1987=VECTOR('',#6790,10.);
#1988=VECTOR('',#6791,10.);
#1989=VECTOR('',#6792,10.);
#1990=VECTOR('',#6793,10.);
#1991=VECTOR('',#6794,10.);
#1992=VECTOR('',#6795,10.);
#1993=VECTOR('',#6796,10.);
#1994=VECTOR('',#6797,10.);
#1995=VECTOR('',#6800,10.);
#1996=VECTOR('',#6801,10.);
#1997=VECTOR('',#6802,10.);
#1998=VECTOR('',#6805,10.);
#1999=VECTOR('',#6806,10.);
#2000=VECTOR('',#6809,10.);
#2001=VECTOR('',#6810,10.);
#2002=VECTOR('',#6813,10.);
#2003=VECTOR('',#6816,10.);
#2004=VECTOR('',#6817,10.);
#2005=VECTOR('',#6818,10.);
#2006=VECTOR('',#6821,10.);
#2007=VECTOR('',#6822,10.);
#2008=VECTOR('',#6825,10.);
#2009=VECTOR('',#6826,10.);
#2010=VECTOR('',#6829,10.);
#2011=VECTOR('',#6834,10.);
#2012=VECTOR('',#6835,10.);
#2013=VECTOR('',#6836,10.);
#2014=VECTOR('',#6839,10.);
#2015=VECTOR('',#6840,10.);
#2016=VECTOR('',#6843,10.);
#2017=VECTOR('',#6844,10.);
#2018=VECTOR('',#6847,10.);
#2019=VECTOR('',#6850,10.);
#2020=VECTOR('',#6851,10.);
#2021=VECTOR('',#6852,10.);
#2022=VECTOR('',#6855,10.);
#2023=VECTOR('',#6856,10.);
#2024=VECTOR('',#6859,10.);
#2025=VECTOR('',#6860,10.);
#2026=VECTOR('',#6863,10.);
#2027=VECTOR('',#6868,10.);
#2028=VECTOR('',#6869,10.);
#2029=VECTOR('',#6870,10.);
#2030=VECTOR('',#6873,10.);
#2031=VECTOR('',#6874,10.);
#2032=VECTOR('',#6877,10.);
#2033=VECTOR('',#6878,10.);
#2034=VECTOR('',#6881,10.);
#2035=VECTOR('',#6884,10.);
#2036=VECTOR('',#6885,10.);
#2037=VECTOR('',#6886,10.);
#2038=VECTOR('',#6889,10.);
#2039=VECTOR('',#6890,10.);
#2040=VECTOR('',#6893,10.);
#2041=VECTOR('',#6894,10.);
#2042=VECTOR('',#6897,10.);
#2043=VECTOR('',#6902,10.);
#2044=VECTOR('',#6903,10.);
#2045=VECTOR('',#6904,10.);
#2046=VECTOR('',#6907,10.);
#2047=VECTOR('',#6908,10.);
#2048=VECTOR('',#6911,10.);
#2049=VECTOR('',#6912,10.);
#2050=VECTOR('',#6915,10.);
#2051=VECTOR('',#6918,10.);
#2052=VECTOR('',#6919,10.);
#2053=VECTOR('',#6920,10.);
#2054=VECTOR('',#6923,10.);
#2055=VECTOR('',#6924,10.);
#2056=VECTOR('',#6927,10.);
#2057=VECTOR('',#6928,10.);
#2058=VECTOR('',#6931,10.);
#2059=VECTOR('',#6936,10.);
#2060=VECTOR('',#6937,10.);
#2061=VECTOR('',#6938,10.);
#2062=VECTOR('',#6941,10.);
#2063=VECTOR('',#6942,10.);
#2064=VECTOR('',#6945,10.);
#2065=VECTOR('',#6946,10.);
#2066=VECTOR('',#6949,10.);
#2067=VECTOR('',#6952,10.);
#2068=VECTOR('',#6953,10.);
#2069=VECTOR('',#6954,10.);
#2070=VECTOR('',#6957,10.);
#2071=VECTOR('',#6958,10.);
#2072=VECTOR('',#6961,10.);
#2073=VECTOR('',#6962,10.);
#2074=VECTOR('',#6965,10.);
#2075=VECTOR('',#6970,10.);
#2076=VECTOR('',#6971,10.);
#2077=VECTOR('',#6972,10.);
#2078=VECTOR('',#6975,10.);
#2079=VECTOR('',#6976,10.);
#2080=VECTOR('',#6979,10.);
#2081=VECTOR('',#6980,10.);
#2082=VECTOR('',#6983,10.);
#2083=VECTOR('',#6986,10.);
#2084=VECTOR('',#6987,10.);
#2085=VECTOR('',#6988,10.);
#2086=VECTOR('',#6991,10.);
#2087=VECTOR('',#6992,10.);
#2088=VECTOR('',#6995,10.);
#2089=VECTOR('',#6996,10.);
#2090=VECTOR('',#6999,10.);
#2091=VECTOR('',#7004,10.);
#2092=VECTOR('',#7005,10.);
#2093=VECTOR('',#7006,10.);
#2094=VECTOR('',#7007,10.);
#2095=VECTOR('',#7010,10.);
#2096=VECTOR('',#7011,10.);
#2097=VECTOR('',#7012,10.);
#2098=VECTOR('',#7015,10.);
#2099=VECTOR('',#7016,10.);
#2100=VECTOR('',#7017,10.);
#2101=VECTOR('',#7020,10.);
#2102=VECTOR('',#7021,10.);
#2103=VECTOR('',#7028,10.);
#2104=VECTOR('',#7029,10.);
#2105=VECTOR('',#7030,10.);
#2106=VECTOR('',#7031,10.);
#2107=VECTOR('',#7034,10.);
#2108=VECTOR('',#7035,10.);
#2109=VECTOR('',#7036,10.);
#2110=VECTOR('',#7039,10.);
#2111=VECTOR('',#7040,10.);
#2112=VECTOR('',#7041,10.);
#2113=VECTOR('',#7044,10.);
#2114=VECTOR('',#7045,10.);
#2115=VECTOR('',#7052,10.);
#2116=VECTOR('',#7053,10.);
#2117=VECTOR('',#7054,10.);
#2118=VECTOR('',#7055,10.);
#2119=VECTOR('',#7058,10.);
#2120=VECTOR('',#7059,10.);
#2121=VECTOR('',#7060,10.);
#2122=VECTOR('',#7063,10.);
#2123=VECTOR('',#7064,10.);
#2124=VECTOR('',#7065,10.);
#2125=VECTOR('',#7068,10.);
#2126=VECTOR('',#7069,10.);
#2127=VECTOR('',#7076,10.);
#2128=VECTOR('',#7077,10.);
#2129=VECTOR('',#7078,10.);
#2130=VECTOR('',#7079,10.);
#2131=VECTOR('',#7082,10.);
#2132=VECTOR('',#7083,10.);
#2133=VECTOR('',#7084,10.);
#2134=VECTOR('',#7087,10.);
#2135=VECTOR('',#7088,10.);
#2136=VECTOR('',#7089,10.);
#2137=VECTOR('',#7092,10.);
#2138=VECTOR('',#7093,10.);
#2139=VECTOR('',#7100,10.);
#2140=VECTOR('',#7101,10.);
#2141=VECTOR('',#7102,10.);
#2142=VECTOR('',#7103,10.);
#2143=VECTOR('',#7106,10.);
#2144=VECTOR('',#7107,10.);
#2145=VECTOR('',#7108,10.);
#2146=VECTOR('',#7111,10.);
#2147=VECTOR('',#7112,10.);
#2148=VECTOR('',#7113,10.);
#2149=VECTOR('',#7116,10.);
#2150=VECTOR('',#7117,10.);
#2151=VECTOR('',#7124,10.);
#2152=VECTOR('',#7125,10.);
#2153=VECTOR('',#7126,10.);
#2154=VECTOR('',#7127,10.);
#2155=VECTOR('',#7130,10.);
#2156=VECTOR('',#7131,10.);
#2157=VECTOR('',#7132,10.);
#2158=VECTOR('',#7135,10.);
#2159=VECTOR('',#7136,10.);
#2160=VECTOR('',#7137,10.);
#2161=VECTOR('',#7140,10.);
#2162=VECTOR('',#7141,10.);
#2163=VECTOR('',#7148,10.);
#2164=VECTOR('',#7149,10.);
#2165=VECTOR('',#7150,10.);
#2166=VECTOR('',#7151,10.);
#2167=VECTOR('',#7154,10.);
#2168=VECTOR('',#7155,10.);
#2169=VECTOR('',#7156,10.);
#2170=VECTOR('',#7159,10.);
#2171=VECTOR('',#7160,10.);
#2172=VECTOR('',#7161,10.);
#2173=VECTOR('',#7164,10.);
#2174=VECTOR('',#7165,10.);
#2175=VECTOR('',#7172,10.);
#2176=VECTOR('',#7173,10.);
#2177=VECTOR('',#7174,10.);
#2178=VECTOR('',#7175,10.);
#2179=VECTOR('',#7178,10.);
#2180=VECTOR('',#7179,10.);
#2181=VECTOR('',#7180,10.);
#2182=VECTOR('',#7183,10.);
#2183=VECTOR('',#7184,10.);
#2184=VECTOR('',#7185,10.);
#2185=VECTOR('',#7188,10.);
#2186=VECTOR('',#7189,10.);
#2187=VECTOR('',#7196,10.);
#2188=VECTOR('',#7197,10.);
#2189=VECTOR('',#7198,10.);
#2190=VECTOR('',#7199,10.);
#2191=VECTOR('',#7202,10.);
#2192=VECTOR('',#7203,10.);
#2193=VECTOR('',#7204,10.);
#2194=VECTOR('',#7207,10.);
#2195=VECTOR('',#7208,10.);
#2196=VECTOR('',#7209,10.);
#2197=VECTOR('',#7212,10.);
#2198=VECTOR('',#7213,10.);
#2199=VECTOR('',#7220,10.);
#2200=VECTOR('',#7221,10.);
#2201=VECTOR('',#7222,10.);
#2202=VECTOR('',#7223,10.);
#2203=VECTOR('',#7226,10.);
#2204=VECTOR('',#7227,10.);
#2205=VECTOR('',#7228,10.);
#2206=VECTOR('',#7231,10.);
#2207=VECTOR('',#7232,10.);
#2208=VECTOR('',#7233,10.);
#2209=VECTOR('',#7236,10.);
#2210=VECTOR('',#7237,10.);
#2211=VECTOR('',#7244,10.);
#2212=VECTOR('',#7245,10.);
#2213=VECTOR('',#7246,10.);
#2214=VECTOR('',#7247,10.);
#2215=VECTOR('',#7250,10.);
#2216=VECTOR('',#7251,10.);
#2217=VECTOR('',#7252,10.);
#2218=VECTOR('',#7255,10.);
#2219=VECTOR('',#7256,10.);
#2220=VECTOR('',#7257,10.);
#2221=VECTOR('',#7260,10.);
#2222=VECTOR('',#7261,10.);
#2223=VECTOR('',#7268,10.);
#2224=VECTOR('',#7269,10.);
#2225=VECTOR('',#7270,10.);
#2226=VECTOR('',#7271,10.);
#2227=VECTOR('',#7274,10.);
#2228=VECTOR('',#7275,10.);
#2229=VECTOR('',#7276,10.);
#2230=VECTOR('',#7279,10.);
#2231=VECTOR('',#7280,10.);
#2232=VECTOR('',#7281,10.);
#2233=VECTOR('',#7284,10.);
#2234=VECTOR('',#7285,10.);
#2235=VECTOR('',#7292,10.);
#2236=VECTOR('',#7293,10.);
#2237=VECTOR('',#7294,10.);
#2238=VECTOR('',#7295,10.);
#2239=VECTOR('',#7298,10.);
#2240=VECTOR('',#7299,10.);
#2241=VECTOR('',#7300,10.);
#2242=VECTOR('',#7303,10.);
#2243=VECTOR('',#7304,10.);
#2244=VECTOR('',#7305,10.);
#2245=VECTOR('',#7308,10.);
#2246=VECTOR('',#7309,10.);
#2247=VECTOR('',#7316,10.);
#2248=VECTOR('',#7317,10.);
#2249=VECTOR('',#7318,10.);
#2250=VECTOR('',#7319,10.);
#2251=VECTOR('',#7322,10.);
#2252=VECTOR('',#7323,10.);
#2253=VECTOR('',#7324,10.);
#2254=VECTOR('',#7327,10.);
#2255=VECTOR('',#7328,10.);
#2256=VECTOR('',#7329,10.);
#2257=VECTOR('',#7332,10.);
#2258=VECTOR('',#7333,10.);
#2259=VECTOR('',#7340,10.);
#2260=VECTOR('',#7341,10.);
#2261=VECTOR('',#7342,10.);
#2262=VECTOR('',#7343,10.);
#2263=VECTOR('',#7346,10.);
#2264=VECTOR('',#7347,10.);
#2265=VECTOR('',#7348,10.);
#2266=VECTOR('',#7351,10.);
#2267=VECTOR('',#7352,10.);
#2268=VECTOR('',#7353,10.);
#2269=VECTOR('',#7356,10.);
#2270=VECTOR('',#7357,10.);
#2271=VECTOR('',#7364,10.);
#2272=VECTOR('',#7365,10.);
#2273=VECTOR('',#7366,10.);
#2274=VECTOR('',#7367,10.);
#2275=VECTOR('',#7370,10.);
#2276=VECTOR('',#7371,10.);
#2277=VECTOR('',#7372,10.);
#2278=VECTOR('',#7375,10.);
#2279=VECTOR('',#7376,10.);
#2280=VECTOR('',#7377,10.);
#2281=VECTOR('',#7380,10.);
#2282=VECTOR('',#7381,10.);
#2283=VECTOR('',#7388,10.);
#2284=VECTOR('',#7389,10.);
#2285=VECTOR('',#7390,10.);
#2286=VECTOR('',#7391,10.);
#2287=VECTOR('',#7394,10.);
#2288=VECTOR('',#7395,10.);
#2289=VECTOR('',#7396,10.);
#2290=VECTOR('',#7399,10.);
#2291=VECTOR('',#7400,10.);
#2292=VECTOR('',#7401,10.);
#2293=VECTOR('',#7404,10.);
#2294=VECTOR('',#7405,10.);
#2295=VECTOR('',#7412,10.);
#2296=VECTOR('',#7413,10.);
#2297=VECTOR('',#7414,10.);
#2298=VECTOR('',#7415,10.);
#2299=VECTOR('',#7418,10.);
#2300=VECTOR('',#7419,10.);
#2301=VECTOR('',#7420,10.);
#2302=VECTOR('',#7423,10.);
#2303=VECTOR('',#7424,10.);
#2304=VECTOR('',#7425,10.);
#2305=VECTOR('',#7428,10.);
#2306=VECTOR('',#7429,10.);
#2307=VECTOR('',#7436,10.);
#2308=VECTOR('',#7437,10.);
#2309=VECTOR('',#7438,10.);
#2310=VECTOR('',#7439,10.);
#2311=VECTOR('',#7442,10.);
#2312=VECTOR('',#7443,10.);
#2313=VECTOR('',#7444,10.);
#2314=VECTOR('',#7447,10.);
#2315=VECTOR('',#7448,10.);
#2316=VECTOR('',#7449,10.);
#2317=VECTOR('',#7452,10.);
#2318=VECTOR('',#7453,10.);
#2319=VECTOR('',#7460,10.);
#2320=VECTOR('',#7461,10.);
#2321=VECTOR('',#7462,10.);
#2322=VECTOR('',#7463,10.);
#2323=VECTOR('',#7466,10.);
#2324=VECTOR('',#7467,10.);
#2325=VECTOR('',#7468,10.);
#2326=VECTOR('',#7471,10.);
#2327=VECTOR('',#7472,10.);
#2328=VECTOR('',#7473,10.);
#2329=VECTOR('',#7476,10.);
#2330=VECTOR('',#7477,10.);
#2331=VERTEX_POINT('',#7484);
#2332=VERTEX_POINT('',#7485);
#2333=VERTEX_POINT('',#7487);
#2334=VERTEX_POINT('',#7489);
#2335=VERTEX_POINT('',#7493);
#2336=VERTEX_POINT('',#7495);
#2337=VERTEX_POINT('',#7499);
#2338=VERTEX_POINT('',#7501);
#2339=VERTEX_POINT('',#7508);
#2340=VERTEX_POINT('',#7509);
#2341=VERTEX_POINT('',#7511);
#2342=VERTEX_POINT('',#7513);
#2343=VERTEX_POINT('',#7517);
#2344=VERTEX_POINT('',#7519);
#2345=VERTEX_POINT('',#7523);
#2346=VERTEX_POINT('',#7525);
#2347=VERTEX_POINT('',#7533);
#2348=VERTEX_POINT('',#7534);
#2349=VERTEX_POINT('',#7536);
#2350=VERTEX_POINT('',#7538);
#2351=VERTEX_POINT('',#7542);
#2352=VERTEX_POINT('',#7544);
#2353=VERTEX_POINT('',#7548);
#2354=VERTEX_POINT('',#7550);
#2355=VERTEX_POINT('',#7557);
#2356=VERTEX_POINT('',#7558);
#2357=VERTEX_POINT('',#7560);
#2358=VERTEX_POINT('',#7562);
#2359=VERTEX_POINT('',#7566);
#2360=VERTEX_POINT('',#7568);
#2361=VERTEX_POINT('',#7572);
#2362=VERTEX_POINT('',#7574);
#2363=VERTEX_POINT('',#7582);
#2364=VERTEX_POINT('',#7583);
#2365=VERTEX_POINT('',#7585);
#2366=VERTEX_POINT('',#7587);
#2367=VERTEX_POINT('',#7591);
#2368=VERTEX_POINT('',#7593);
#2369=VERTEX_POINT('',#7597);
#2370=VERTEX_POINT('',#7599);
#2371=VERTEX_POINT('',#7606);
#2372=VERTEX_POINT('',#7607);
#2373=VERTEX_POINT('',#7609);
#2374=VERTEX_POINT('',#7611);
#2375=VERTEX_POINT('',#7615);
#2376=VERTEX_POINT('',#7617);
#2377=VERTEX_POINT('',#7621);
#2378=VERTEX_POINT('',#7623);
#2379=VERTEX_POINT('',#7631);
#2380=VERTEX_POINT('',#7632);
#2381=VERTEX_POINT('',#7634);
#2382=VERTEX_POINT('',#7636);
#2383=VERTEX_POINT('',#7640);
#2384=VERTEX_POINT('',#7642);
#2385=VERTEX_POINT('',#7646);
#2386=VERTEX_POINT('',#7648);
#2387=VERTEX_POINT('',#7655);
#2388=VERTEX_POINT('',#7656);
#2389=VERTEX_POINT('',#7658);
#2390=VERTEX_POINT('',#7660);
#2391=VERTEX_POINT('',#7664);
#2392=VERTEX_POINT('',#7666);
#2393=VERTEX_POINT('',#7670);
#2394=VERTEX_POINT('',#7672);
#2395=VERTEX_POINT('',#7680);
#2396=VERTEX_POINT('',#7681);
#2397=VERTEX_POINT('',#7683);
#2398=VERTEX_POINT('',#7685);
#2399=VERTEX_POINT('',#7689);
#2400=VERTEX_POINT('',#7691);
#2401=VERTEX_POINT('',#7695);
#2402=VERTEX_POINT('',#7697);
#2403=VERTEX_POINT('',#7704);
#2404=VERTEX_POINT('',#7705);
#2405=VERTEX_POINT('',#7707);
#2406=VERTEX_POINT('',#7709);
#2407=VERTEX_POINT('',#7713);
#2408=VERTEX_POINT('',#7715);
#2409=VERTEX_POINT('',#7719);
#2410=VERTEX_POINT('',#7721);
#2411=VERTEX_POINT('',#7729);
#2412=VERTEX_POINT('',#7730);
#2413=VERTEX_POINT('',#7732);
#2414=VERTEX_POINT('',#7734);
#2415=VERTEX_POINT('',#7738);
#2416=VERTEX_POINT('',#7740);
#2417=VERTEX_POINT('',#7744);
#2418=VERTEX_POINT('',#7746);
#2419=VERTEX_POINT('',#7753);
#2420=VERTEX_POINT('',#7754);
#2421=VERTEX_POINT('',#7756);
#2422=VERTEX_POINT('',#7758);
#2423=VERTEX_POINT('',#7762);
#2424=VERTEX_POINT('',#7764);
#2425=VERTEX_POINT('',#7768);
#2426=VERTEX_POINT('',#7770);
#2427=VERTEX_POINT('',#7778);
#2428=VERTEX_POINT('',#7779);
#2429=VERTEX_POINT('',#7781);
#2430=VERTEX_POINT('',#7783);
#2431=VERTEX_POINT('',#7787);
#2432=VERTEX_POINT('',#7789);
#2433=VERTEX_POINT('',#7793);
#2434=VERTEX_POINT('',#7795);
#2435=VERTEX_POINT('',#7802);
#2436=VERTEX_POINT('',#7803);
#2437=VERTEX_POINT('',#7805);
#2438=VERTEX_POINT('',#7807);
#2439=VERTEX_POINT('',#7811);
#2440=VERTEX_POINT('',#7813);
#2441=VERTEX_POINT('',#7817);
#2442=VERTEX_POINT('',#7819);
#2443=VERTEX_POINT('',#7827);
#2444=VERTEX_POINT('',#7828);
#2445=VERTEX_POINT('',#7830);
#2446=VERTEX_POINT('',#7832);
#2447=VERTEX_POINT('',#7836);
#2448=VERTEX_POINT('',#7838);
#2449=VERTEX_POINT('',#7842);
#2450=VERTEX_POINT('',#7844);
#2451=VERTEX_POINT('',#7851);
#2452=VERTEX_POINT('',#7852);
#2453=VERTEX_POINT('',#7854);
#2454=VERTEX_POINT('',#7856);
#2455=VERTEX_POINT('',#7860);
#2456=VERTEX_POINT('',#7862);
#2457=VERTEX_POINT('',#7866);
#2458=VERTEX_POINT('',#7868);
#2459=VERTEX_POINT('',#7876);
#2460=VERTEX_POINT('',#7877);
#2461=VERTEX_POINT('',#7879);
#2462=VERTEX_POINT('',#7881);
#2463=VERTEX_POINT('',#7885);
#2464=VERTEX_POINT('',#7887);
#2465=VERTEX_POINT('',#7891);
#2466=VERTEX_POINT('',#7893);
#2467=VERTEX_POINT('',#7900);
#2468=VERTEX_POINT('',#7901);
#2469=VERTEX_POINT('',#7903);
#2470=VERTEX_POINT('',#7905);
#2471=VERTEX_POINT('',#7909);
#2472=VERTEX_POINT('',#7911);
#2473=VERTEX_POINT('',#7915);
#2474=VERTEX_POINT('',#7917);
#2475=VERTEX_POINT('',#7925);
#2476=VERTEX_POINT('',#7926);
#2477=VERTEX_POINT('',#7928);
#2478=VERTEX_POINT('',#7930);
#2479=VERTEX_POINT('',#7934);
#2480=VERTEX_POINT('',#7936);
#2481=VERTEX_POINT('',#7940);
#2482=VERTEX_POINT('',#7942);
#2483=VERTEX_POINT('',#7949);
#2484=VERTEX_POINT('',#7950);
#2485=VERTEX_POINT('',#7952);
#2486=VERTEX_POINT('',#7954);
#2487=VERTEX_POINT('',#7958);
#2488=VERTEX_POINT('',#7960);
#2489=VERTEX_POINT('',#7964);
#2490=VERTEX_POINT('',#7966);
#2491=VERTEX_POINT('',#7974);
#2492=VERTEX_POINT('',#7975);
#2493=VERTEX_POINT('',#7977);
#2494=VERTEX_POINT('',#7979);
#2495=VERTEX_POINT('',#7983);
#2496=VERTEX_POINT('',#7985);
#2497=VERTEX_POINT('',#7989);
#2498=VERTEX_POINT('',#7991);
#2499=VERTEX_POINT('',#7998);
#2500=VERTEX_POINT('',#7999);
#2501=VERTEX_POINT('',#8001);
#2502=VERTEX_POINT('',#8003);
#2503=VERTEX_POINT('',#8007);
#2504=VERTEX_POINT('',#8009);
#2505=VERTEX_POINT('',#8013);
#2506=VERTEX_POINT('',#8015);
#2507=VERTEX_POINT('',#8023);
#2508=VERTEX_POINT('',#8024);
#2509=VERTEX_POINT('',#8026);
#2510=VERTEX_POINT('',#8028);
#2511=VERTEX_POINT('',#8032);
#2512=VERTEX_POINT('',#8034);
#2513=VERTEX_POINT('',#8038);
#2514=VERTEX_POINT('',#8040);
#2515=VERTEX_POINT('',#8047);
#2516=VERTEX_POINT('',#8048);
#2517=VERTEX_POINT('',#8050);
#2518=VERTEX_POINT('',#8052);
#2519=VERTEX_POINT('',#8056);
#2520=VERTEX_POINT('',#8058);
#2521=VERTEX_POINT('',#8062);
#2522=VERTEX_POINT('',#8064);
#2523=VERTEX_POINT('',#8072);
#2524=VERTEX_POINT('',#8073);
#2525=VERTEX_POINT('',#8075);
#2526=VERTEX_POINT('',#8077);
#2527=VERTEX_POINT('',#8081);
#2528=VERTEX_POINT('',#8083);
#2529=VERTEX_POINT('',#8087);
#2530=VERTEX_POINT('',#8089);
#2531=VERTEX_POINT('',#8096);
#2532=VERTEX_POINT('',#8097);
#2533=VERTEX_POINT('',#8099);
#2534=VERTEX_POINT('',#8101);
#2535=VERTEX_POINT('',#8105);
#2536=VERTEX_POINT('',#8107);
#2537=VERTEX_POINT('',#8111);
#2538=VERTEX_POINT('',#8113);
#2539=VERTEX_POINT('',#8121);
#2540=VERTEX_POINT('',#8122);
#2541=VERTEX_POINT('',#8124);
#2542=VERTEX_POINT('',#8126);
#2543=VERTEX_POINT('',#8130);
#2544=VERTEX_POINT('',#8132);
#2545=VERTEX_POINT('',#8136);
#2546=VERTEX_POINT('',#8138);
#2547=VERTEX_POINT('',#8145);
#2548=VERTEX_POINT('',#8146);
#2549=VERTEX_POINT('',#8148);
#2550=VERTEX_POINT('',#8150);
#2551=VERTEX_POINT('',#8154);
#2552=VERTEX_POINT('',#8156);
#2553=VERTEX_POINT('',#8160);
#2554=VERTEX_POINT('',#8162);
#2555=VERTEX_POINT('',#8170);
#2556=VERTEX_POINT('',#8171);
#2557=VERTEX_POINT('',#8173);
#2558=VERTEX_POINT('',#8175);
#2559=VERTEX_POINT('',#8179);
#2560=VERTEX_POINT('',#8181);
#2561=VERTEX_POINT('',#8185);
#2562=VERTEX_POINT('',#8187);
#2563=VERTEX_POINT('',#8195);
#2564=VERTEX_POINT('',#8197);
#2565=VERTEX_POINT('',#8201);
#2566=VERTEX_POINT('',#8203);
#2567=VERTEX_POINT('',#8207);
#2568=VERTEX_POINT('',#8209);
#2569=VERTEX_POINT('',#8213);
#2570=VERTEX_POINT('',#8215);
#2571=VERTEX_POINT('',#8219);
#2572=VERTEX_POINT('',#8220);
#2573=VERTEX_POINT('',#8222);
#2574=VERTEX_POINT('',#8224);
#2575=VERTEX_POINT('',#8228);
#2576=VERTEX_POINT('',#8230);
#2577=VERTEX_POINT('',#8234);
#2578=VERTEX_POINT('',#8236);
#2579=VERTEX_POINT('',#8243);
#2580=VERTEX_POINT('',#8244);
#2581=VERTEX_POINT('',#8246);
#2582=VERTEX_POINT('',#8248);
#2583=VERTEX_POINT('',#8251);
#2584=VERTEX_POINT('',#8252);
#2585=VERTEX_POINT('',#8254);
#2586=VERTEX_POINT('',#8256);
#2587=VERTEX_POINT('',#8259);
#2588=VERTEX_POINT('',#8260);
#2589=VERTEX_POINT('',#8262);
#2590=VERTEX_POINT('',#8264);
#2591=VERTEX_POINT('',#8267);
#2592=VERTEX_POINT('',#8268);
#2593=VERTEX_POINT('',#8270);
#2594=VERTEX_POINT('',#8272);
#2595=VERTEX_POINT('',#8275);
#2596=VERTEX_POINT('',#8276);
#2597=VERTEX_POINT('',#8278);
#2598=VERTEX_POINT('',#8280);
#2599=VERTEX_POINT('',#8283);
#2600=VERTEX_POINT('',#8284);
#2601=VERTEX_POINT('',#8286);
#2602=VERTEX_POINT('',#8288);
#2603=VERTEX_POINT('',#8292);
#2604=VERTEX_POINT('',#8293);
#2605=VERTEX_POINT('',#8295);
#2606=VERTEX_POINT('',#8297);
#2607=VERTEX_POINT('',#8300);
#2608=VERTEX_POINT('',#8301);
#2609=VERTEX_POINT('',#8303);
#2610=VERTEX_POINT('',#8305);
#2611=VERTEX_POINT('',#8308);
#2612=VERTEX_POINT('',#8309);
#2613=VERTEX_POINT('',#8311);
#2614=VERTEX_POINT('',#8313);
#2615=VERTEX_POINT('',#8316);
#2616=VERTEX_POINT('',#8317);
#2617=VERTEX_POINT('',#8319);
#2618=VERTEX_POINT('',#8321);
#2619=VERTEX_POINT('',#8324);
#2620=VERTEX_POINT('',#8325);
#2621=VERTEX_POINT('',#8327);
#2622=VERTEX_POINT('',#8329);
#2623=VERTEX_POINT('',#8332);
#2624=VERTEX_POINT('',#8333);
#2625=VERTEX_POINT('',#8335);
#2626=VERTEX_POINT('',#8337);
#2627=VERTEX_POINT('',#8341);
#2628=VERTEX_POINT('',#8342);
#2629=VERTEX_POINT('',#8347);
#2630=VERTEX_POINT('',#8351);
#2631=VERTEX_POINT('',#8357);
#2632=VERTEX_POINT('',#8358);
#2633=VERTEX_POINT('',#8363);
#2634=VERTEX_POINT('',#8367);
#2635=VERTEX_POINT('',#8374);
#2636=VERTEX_POINT('',#8375);
#2637=VERTEX_POINT('',#8380);
#2638=VERTEX_POINT('',#8384);
#2639=VERTEX_POINT('',#8390);
#2640=VERTEX_POINT('',#8391);
#2641=VERTEX_POINT('',#8396);
#2642=VERTEX_POINT('',#8400);
#2643=VERTEX_POINT('',#8407);
#2644=VERTEX_POINT('',#8408);
#2645=VERTEX_POINT('',#8413);
#2646=VERTEX_POINT('',#8417);
#2647=VERTEX_POINT('',#8423);
#2648=VERTEX_POINT('',#8424);
#2649=VERTEX_POINT('',#8429);
#2650=VERTEX_POINT('',#8433);
#2651=VERTEX_POINT('',#8440);
#2652=VERTEX_POINT('',#8441);
#2653=VERTEX_POINT('',#8446);
#2654=VERTEX_POINT('',#8450);
#2655=VERTEX_POINT('',#8456);
#2656=VERTEX_POINT('',#8457);
#2657=VERTEX_POINT('',#8462);
#2658=VERTEX_POINT('',#8466);
#2659=VERTEX_POINT('',#8473);
#2660=VERTEX_POINT('',#8474);
#2661=VERTEX_POINT('',#8479);
#2662=VERTEX_POINT('',#8483);
#2663=VERTEX_POINT('',#8489);
#2664=VERTEX_POINT('',#8490);
#2665=VERTEX_POINT('',#8495);
#2666=VERTEX_POINT('',#8499);
#2667=VERTEX_POINT('',#8506);
#2668=VERTEX_POINT('',#8507);
#2669=VERTEX_POINT('',#8512);
#2670=VERTEX_POINT('',#8516);
#2671=VERTEX_POINT('',#8522);
#2672=VERTEX_POINT('',#8523);
#2673=VERTEX_POINT('',#8528);
#2674=VERTEX_POINT('',#8532);
#2675=VERTEX_POINT('',#8539);
#2676=VERTEX_POINT('',#8540);
#2677=VERTEX_POINT('',#8542);
#2678=VERTEX_POINT('',#8544);
#2679=VERTEX_POINT('',#8548);
#2680=VERTEX_POINT('',#8550);
#2681=VERTEX_POINT('',#8554);
#2682=VERTEX_POINT('',#8556);
#2683=VERTEX_POINT('',#8565);
#2684=VERTEX_POINT('',#8566);
#2685=VERTEX_POINT('',#8568);
#2686=VERTEX_POINT('',#8570);
#2687=VERTEX_POINT('',#8574);
#2688=VERTEX_POINT('',#8576);
#2689=VERTEX_POINT('',#8580);
#2690=VERTEX_POINT('',#8582);
#2691=VERTEX_POINT('',#8591);
#2692=VERTEX_POINT('',#8592);
#2693=VERTEX_POINT('',#8594);
#2694=VERTEX_POINT('',#8596);
#2695=VERTEX_POINT('',#8600);
#2696=VERTEX_POINT('',#8602);
#2697=VERTEX_POINT('',#8606);
#2698=VERTEX_POINT('',#8608);
#2699=VERTEX_POINT('',#8617);
#2700=VERTEX_POINT('',#8618);
#2701=VERTEX_POINT('',#8620);
#2702=VERTEX_POINT('',#8622);
#2703=VERTEX_POINT('',#8626);
#2704=VERTEX_POINT('',#8628);
#2705=VERTEX_POINT('',#8632);
#2706=VERTEX_POINT('',#8634);
#2707=VERTEX_POINT('',#8643);
#2708=VERTEX_POINT('',#8644);
#2709=VERTEX_POINT('',#8646);
#2710=VERTEX_POINT('',#8648);
#2711=VERTEX_POINT('',#8652);
#2712=VERTEX_POINT('',#8654);
#2713=VERTEX_POINT('',#8658);
#2714=VERTEX_POINT('',#8660);
#2715=VERTEX_POINT('',#8669);
#2716=VERTEX_POINT('',#8670);
#2717=VERTEX_POINT('',#8672);
#2718=VERTEX_POINT('',#8674);
#2719=VERTEX_POINT('',#8678);
#2720=VERTEX_POINT('',#8680);
#2721=VERTEX_POINT('',#8684);
#2722=VERTEX_POINT('',#8686);
#2723=VERTEX_POINT('',#8695);
#2724=VERTEX_POINT('',#8696);
#2725=VERTEX_POINT('',#8698);
#2726=VERTEX_POINT('',#8700);
#2727=VERTEX_POINT('',#8704);
#2728=VERTEX_POINT('',#8706);
#2729=VERTEX_POINT('',#8710);
#2730=VERTEX_POINT('',#8712);
#2731=VERTEX_POINT('',#8721);
#2732=VERTEX_POINT('',#8722);
#2733=VERTEX_POINT('',#8724);
#2734=VERTEX_POINT('',#8726);
#2735=VERTEX_POINT('',#8730);
#2736=VERTEX_POINT('',#8732);
#2737=VERTEX_POINT('',#8736);
#2738=VERTEX_POINT('',#8738);
#2739=VERTEX_POINT('',#8747);
#2740=VERTEX_POINT('',#8748);
#2741=VERTEX_POINT('',#8750);
#2742=VERTEX_POINT('',#8752);
#2743=VERTEX_POINT('',#8756);
#2744=VERTEX_POINT('',#8758);
#2745=VERTEX_POINT('',#8762);
#2746=VERTEX_POINT('',#8764);
#2747=VERTEX_POINT('',#8773);
#2748=VERTEX_POINT('',#8774);
#2749=VERTEX_POINT('',#8776);
#2750=VERTEX_POINT('',#8778);
#2751=VERTEX_POINT('',#8782);
#2752=VERTEX_POINT('',#8784);
#2753=VERTEX_POINT('',#8788);
#2754=VERTEX_POINT('',#8790);
#2755=VERTEX_POINT('',#8799);
#2756=VERTEX_POINT('',#8800);
#2757=VERTEX_POINT('',#8802);
#2758=VERTEX_POINT('',#8804);
#2759=VERTEX_POINT('',#8808);
#2760=VERTEX_POINT('',#8810);
#2761=VERTEX_POINT('',#8814);
#2762=VERTEX_POINT('',#8816);
#2763=VERTEX_POINT('',#8825);
#2764=VERTEX_POINT('',#8826);
#2765=VERTEX_POINT('',#8828);
#2766=VERTEX_POINT('',#8830);
#2767=VERTEX_POINT('',#8834);
#2768=VERTEX_POINT('',#8836);
#2769=VERTEX_POINT('',#8840);
#2770=VERTEX_POINT('',#8842);
#2771=VERTEX_POINT('',#8851);
#2772=VERTEX_POINT('',#8852);
#2773=VERTEX_POINT('',#8854);
#2774=VERTEX_POINT('',#8856);
#2775=VERTEX_POINT('',#8860);
#2776=VERTEX_POINT('',#8862);
#2777=VERTEX_POINT('',#8866);
#2778=VERTEX_POINT('',#8868);
#2779=VERTEX_POINT('',#8877);
#2780=VERTEX_POINT('',#8878);
#2781=VERTEX_POINT('',#8880);
#2782=VERTEX_POINT('',#8882);
#2783=VERTEX_POINT('',#8886);
#2784=VERTEX_POINT('',#8888);
#2785=VERTEX_POINT('',#8892);
#2786=VERTEX_POINT('',#8894);
#2787=VERTEX_POINT('',#8903);
#2788=VERTEX_POINT('',#8904);
#2789=VERTEX_POINT('',#8906);
#2790=VERTEX_POINT('',#8908);
#2791=VERTEX_POINT('',#8912);
#2792=VERTEX_POINT('',#8914);
#2793=VERTEX_POINT('',#8918);
#2794=VERTEX_POINT('',#8920);
#2795=VERTEX_POINT('',#8929);
#2796=VERTEX_POINT('',#8930);
#2797=VERTEX_POINT('',#8932);
#2798=VERTEX_POINT('',#8934);
#2799=VERTEX_POINT('',#8938);
#2800=VERTEX_POINT('',#8940);
#2801=VERTEX_POINT('',#8944);
#2802=VERTEX_POINT('',#8946);
#2803=VERTEX_POINT('',#8955);
#2804=VERTEX_POINT('',#8956);
#2805=VERTEX_POINT('',#8958);
#2806=VERTEX_POINT('',#8960);
#2807=VERTEX_POINT('',#8964);
#2808=VERTEX_POINT('',#8966);
#2809=VERTEX_POINT('',#8970);
#2810=VERTEX_POINT('',#8972);
#2811=VERTEX_POINT('',#8981);
#2812=VERTEX_POINT('',#8982);
#2813=VERTEX_POINT('',#8984);
#2814=VERTEX_POINT('',#8986);
#2815=VERTEX_POINT('',#8990);
#2816=VERTEX_POINT('',#8992);
#2817=VERTEX_POINT('',#8996);
#2818=VERTEX_POINT('',#8998);
#2819=VERTEX_POINT('',#9007);
#2820=VERTEX_POINT('',#9008);
#2821=VERTEX_POINT('',#9010);
#2822=VERTEX_POINT('',#9012);
#2823=VERTEX_POINT('',#9016);
#2824=VERTEX_POINT('',#9018);
#2825=VERTEX_POINT('',#9022);
#2826=VERTEX_POINT('',#9024);
#2827=VERTEX_POINT('',#9033);
#2828=VERTEX_POINT('',#9034);
#2829=VERTEX_POINT('',#9036);
#2830=VERTEX_POINT('',#9038);
#2831=VERTEX_POINT('',#9042);
#2832=VERTEX_POINT('',#9044);
#2833=VERTEX_POINT('',#9048);
#2834=VERTEX_POINT('',#9050);
#2835=EDGE_CURVE('',#2331,#2332,#835,.T.);
#2836=EDGE_CURVE('',#2332,#2333,#836,.T.);
#2837=EDGE_CURVE('',#2334,#2333,#837,.T.);
#2838=EDGE_CURVE('',#2331,#2334,#838,.T.);
#2839=EDGE_CURVE('',#2335,#2331,#839,.T.);
#2840=EDGE_CURVE('',#2336,#2334,#840,.T.);
#2841=EDGE_CURVE('',#2335,#2336,#841,.T.);
#2842=EDGE_CURVE('',#2337,#2335,#842,.T.);
#2843=EDGE_CURVE('',#2338,#2336,#843,.T.);
#2844=EDGE_CURVE('',#2337,#2338,#844,.T.);
#2845=EDGE_CURVE('',#2332,#2337,#845,.T.);
#2846=EDGE_CURVE('',#2333,#2338,#846,.T.);
#2847=EDGE_CURVE('',#2339,#2340,#847,.T.);
#2848=EDGE_CURVE('',#2339,#2341,#848,.T.);
#2849=EDGE_CURVE('',#2341,#2342,#849,.T.);
#2850=EDGE_CURVE('',#2340,#2342,#850,.T.);
#2851=EDGE_CURVE('',#2340,#2343,#851,.T.);
#2852=EDGE_CURVE('',#2342,#2344,#852,.T.);
#2853=EDGE_CURVE('',#2343,#2344,#853,.T.);
#2854=EDGE_CURVE('',#2343,#2345,#854,.T.);
#2855=EDGE_CURVE('',#2344,#2346,#855,.T.);
#2856=EDGE_CURVE('',#2345,#2346,#856,.T.);
#2857=EDGE_CURVE('',#2345,#2339,#857,.T.);
#2858=EDGE_CURVE('',#2346,#2341,#858,.T.);
#2859=EDGE_CURVE('',#2347,#2348,#859,.T.);
#2860=EDGE_CURVE('',#2348,#2349,#860,.T.);
#2861=EDGE_CURVE('',#2350,#2349,#861,.T.);
#2862=EDGE_CURVE('',#2347,#2350,#862,.T.);
#2863=EDGE_CURVE('',#2351,#2347,#863,.T.);
#2864=EDGE_CURVE('',#2352,#2350,#864,.T.);
#2865=EDGE_CURVE('',#2351,#2352,#865,.T.);
#2866=EDGE_CURVE('',#2353,#2351,#866,.T.);
#2867=EDGE_CURVE('',#2354,#2352,#867,.T.);
#2868=EDGE_CURVE('',#2353,#2354,#868,.T.);
#2869=EDGE_CURVE('',#2348,#2353,#869,.T.);
#2870=EDGE_CURVE('',#2349,#2354,#870,.T.);
#2871=EDGE_CURVE('',#2355,#2356,#871,.T.);
#2872=EDGE_CURVE('',#2355,#2357,#872,.T.);
#2873=EDGE_CURVE('',#2357,#2358,#873,.T.);
#2874=EDGE_CURVE('',#2356,#2358,#874,.T.);
#2875=EDGE_CURVE('',#2356,#2359,#875,.T.);
#2876=EDGE_CURVE('',#2358,#2360,#876,.T.);
#2877=EDGE_CURVE('',#2359,#2360,#877,.T.);
#2878=EDGE_CURVE('',#2359,#2361,#878,.T.);
#2879=EDGE_CURVE('',#2360,#2362,#879,.T.);
#2880=EDGE_CURVE('',#2361,#2362,#880,.T.);
#2881=EDGE_CURVE('',#2361,#2355,#881,.T.);
#2882=EDGE_CURVE('',#2362,#2357,#882,.T.);
#2883=EDGE_CURVE('',#2363,#2364,#883,.T.);
#2884=EDGE_CURVE('',#2364,#2365,#884,.T.);
#2885=EDGE_CURVE('',#2366,#2365,#885,.T.);
#2886=EDGE_CURVE('',#2363,#2366,#886,.T.);
#2887=EDGE_CURVE('',#2367,#2363,#887,.T.);
#2888=EDGE_CURVE('',#2368,#2366,#888,.T.);
#2889=EDGE_CURVE('',#2367,#2368,#889,.T.);
#2890=EDGE_CURVE('',#2369,#2367,#890,.T.);
#2891=EDGE_CURVE('',#2370,#2368,#891,.T.);
#2892=EDGE_CURVE('',#2369,#2370,#892,.T.);
#2893=EDGE_CURVE('',#2364,#2369,#893,.T.);
#2894=EDGE_CURVE('',#2365,#2370,#894,.T.);
#2895=EDGE_CURVE('',#2371,#2372,#895,.T.);
#2896=EDGE_CURVE('',#2371,#2373,#896,.T.);
#2897=EDGE_CURVE('',#2373,#2374,#897,.T.);
#2898=EDGE_CURVE('',#2372,#2374,#898,.T.);
#2899=EDGE_CURVE('',#2372,#2375,#899,.T.);
#2900=EDGE_CURVE('',#2374,#2376,#900,.T.);
#2901=EDGE_CURVE('',#2375,#2376,#901,.T.);
#2902=EDGE_CURVE('',#2375,#2377,#902,.T.);
#2903=EDGE_CURVE('',#2376,#2378,#903,.T.);
#2904=EDGE_CURVE('',#2377,#2378,#904,.T.);
#2905=EDGE_CURVE('',#2377,#2371,#905,.T.);
#2906=EDGE_CURVE('',#2378,#2373,#906,.T.);
#2907=EDGE_CURVE('',#2379,#2380,#907,.T.);
#2908=EDGE_CURVE('',#2380,#2381,#908,.T.);
#2909=EDGE_CURVE('',#2382,#2381,#909,.T.);
#2910=EDGE_CURVE('',#2379,#2382,#910,.T.);
#2911=EDGE_CURVE('',#2383,#2379,#911,.T.);
#2912=EDGE_CURVE('',#2384,#2382,#912,.T.);
#2913=EDGE_CURVE('',#2383,#2384,#913,.T.);
#2914=EDGE_CURVE('',#2385,#2383,#914,.T.);
#2915=EDGE_CURVE('',#2386,#2384,#915,.T.);
#2916=EDGE_CURVE('',#2385,#2386,#916,.T.);
#2917=EDGE_CURVE('',#2380,#2385,#917,.T.);
#2918=EDGE_CURVE('',#2381,#2386,#918,.T.);
#2919=EDGE_CURVE('',#2387,#2388,#919,.T.);
#2920=EDGE_CURVE('',#2387,#2389,#920,.T.);
#2921=EDGE_CURVE('',#2389,#2390,#921,.T.);
#2922=EDGE_CURVE('',#2388,#2390,#922,.T.);
#2923=EDGE_CURVE('',#2388,#2391,#923,.T.);
#2924=EDGE_CURVE('',#2390,#2392,#924,.T.);
#2925=EDGE_CURVE('',#2391,#2392,#925,.T.);
#2926=EDGE_CURVE('',#2391,#2393,#926,.T.);
#2927=EDGE_CURVE('',#2392,#2394,#927,.T.);
#2928=EDGE_CURVE('',#2393,#2394,#928,.T.);
#2929=EDGE_CURVE('',#2393,#2387,#929,.T.);
#2930=EDGE_CURVE('',#2394,#2389,#930,.T.);
#2931=EDGE_CURVE('',#2395,#2396,#931,.T.);
#2932=EDGE_CURVE('',#2396,#2397,#932,.T.);
#2933=EDGE_CURVE('',#2398,#2397,#933,.T.);
#2934=EDGE_CURVE('',#2395,#2398,#934,.T.);
#2935=EDGE_CURVE('',#2399,#2395,#935,.T.);
#2936=EDGE_CURVE('',#2400,#2398,#936,.T.);
#2937=EDGE_CURVE('',#2399,#2400,#937,.T.);
#2938=EDGE_CURVE('',#2401,#2399,#938,.T.);
#2939=EDGE_CURVE('',#2402,#2400,#939,.T.);
#2940=EDGE_CURVE('',#2401,#2402,#940,.T.);
#2941=EDGE_CURVE('',#2396,#2401,#941,.T.);
#2942=EDGE_CURVE('',#2397,#2402,#942,.T.);
#2943=EDGE_CURVE('',#2403,#2404,#943,.T.);
#2944=EDGE_CURVE('',#2403,#2405,#944,.T.);
#2945=EDGE_CURVE('',#2405,#2406,#945,.T.);
#2946=EDGE_CURVE('',#2404,#2406,#946,.T.);
#2947=EDGE_CURVE('',#2404,#2407,#947,.T.);
#2948=EDGE_CURVE('',#2406,#2408,#948,.T.);
#2949=EDGE_CURVE('',#2407,#2408,#949,.T.);
#2950=EDGE_CURVE('',#2407,#2409,#950,.T.);
#2951=EDGE_CURVE('',#2408,#2410,#951,.T.);
#2952=EDGE_CURVE('',#2409,#2410,#952,.T.);
#2953=EDGE_CURVE('',#2409,#2403,#953,.T.);
#2954=EDGE_CURVE('',#2410,#2405,#954,.T.);
#2955=EDGE_CURVE('',#2411,#2412,#955,.T.);
#2956=EDGE_CURVE('',#2412,#2413,#956,.T.);
#2957=EDGE_CURVE('',#2414,#2413,#957,.T.);
#2958=EDGE_CURVE('',#2411,#2414,#958,.T.);
#2959=EDGE_CURVE('',#2415,#2411,#959,.T.);
#2960=EDGE_CURVE('',#2416,#2414,#960,.T.);
#2961=EDGE_CURVE('',#2415,#2416,#961,.T.);
#2962=EDGE_CURVE('',#2417,#2415,#962,.T.);
#2963=EDGE_CURVE('',#2418,#2416,#963,.T.);
#2964=EDGE_CURVE('',#2417,#2418,#964,.T.);
#2965=EDGE_CURVE('',#2412,#2417,#965,.T.);
#2966=EDGE_CURVE('',#2413,#2418,#966,.T.);
#2967=EDGE_CURVE('',#2419,#2420,#967,.T.);
#2968=EDGE_CURVE('',#2419,#2421,#968,.T.);
#2969=EDGE_CURVE('',#2421,#2422,#969,.T.);
#2970=EDGE_CURVE('',#2420,#2422,#970,.T.);
#2971=EDGE_CURVE('',#2420,#2423,#971,.T.);
#2972=EDGE_CURVE('',#2422,#2424,#972,.T.);
#2973=EDGE_CURVE('',#2423,#2424,#973,.T.);
#2974=EDGE_CURVE('',#2423,#2425,#974,.T.);
#2975=EDGE_CURVE('',#2424,#2426,#975,.T.);
#2976=EDGE_CURVE('',#2425,#2426,#976,.T.);
#2977=EDGE_CURVE('',#2425,#2419,#977,.T.);
#2978=EDGE_CURVE('',#2426,#2421,#978,.T.);
#2979=EDGE_CURVE('',#2427,#2428,#979,.T.);
#2980=EDGE_CURVE('',#2428,#2429,#980,.T.);
#2981=EDGE_CURVE('',#2430,#2429,#981,.T.);
#2982=EDGE_CURVE('',#2427,#2430,#982,.T.);
#2983=EDGE_CURVE('',#2431,#2427,#983,.T.);
#2984=EDGE_CURVE('',#2432,#2430,#984,.T.);
#2985=EDGE_CURVE('',#2431,#2432,#985,.T.);
#2986=EDGE_CURVE('',#2433,#2431,#986,.T.);
#2987=EDGE_CURVE('',#2434,#2432,#987,.T.);
#2988=EDGE_CURVE('',#2433,#2434,#988,.T.);
#2989=EDGE_CURVE('',#2428,#2433,#989,.T.);
#2990=EDGE_CURVE('',#2429,#2434,#990,.T.);
#2991=EDGE_CURVE('',#2435,#2436,#991,.T.);
#2992=EDGE_CURVE('',#2435,#2437,#992,.T.);
#2993=EDGE_CURVE('',#2437,#2438,#993,.T.);
#2994=EDGE_CURVE('',#2436,#2438,#994,.T.);
#2995=EDGE_CURVE('',#2436,#2439,#995,.T.);
#2996=EDGE_CURVE('',#2438,#2440,#996,.T.);
#2997=EDGE_CURVE('',#2439,#2440,#997,.T.);
#2998=EDGE_CURVE('',#2439,#2441,#998,.T.);
#2999=EDGE_CURVE('',#2440,#2442,#999,.T.);
#3000=EDGE_CURVE('',#2441,#2442,#1000,.T.);
#3001=EDGE_CURVE('',#2441,#2435,#1001,.T.);
#3002=EDGE_CURVE('',#2442,#2437,#1002,.T.);
#3003=EDGE_CURVE('',#2443,#2444,#1003,.T.);
#3004=EDGE_CURVE('',#2444,#2445,#1004,.T.);
#3005=EDGE_CURVE('',#2446,#2445,#1005,.T.);
#3006=EDGE_CURVE('',#2443,#2446,#1006,.T.);
#3007=EDGE_CURVE('',#2447,#2443,#1007,.T.);
#3008=EDGE_CURVE('',#2448,#2446,#1008,.T.);
#3009=EDGE_CURVE('',#2447,#2448,#1009,.T.);
#3010=EDGE_CURVE('',#2449,#2447,#1010,.T.);
#3011=EDGE_CURVE('',#2450,#2448,#1011,.T.);
#3012=EDGE_CURVE('',#2449,#2450,#1012,.T.);
#3013=EDGE_CURVE('',#2444,#2449,#1013,.T.);
#3014=EDGE_CURVE('',#2445,#2450,#1014,.T.);
#3015=EDGE_CURVE('',#2451,#2452,#1015,.T.);
#3016=EDGE_CURVE('',#2451,#2453,#1016,.T.);
#3017=EDGE_CURVE('',#2453,#2454,#1017,.T.);
#3018=EDGE_CURVE('',#2452,#2454,#1018,.T.);
#3019=EDGE_CURVE('',#2452,#2455,#1019,.T.);
#3020=EDGE_CURVE('',#2454,#2456,#1020,.T.);
#3021=EDGE_CURVE('',#2455,#2456,#1021,.T.);
#3022=EDGE_CURVE('',#2455,#2457,#1022,.T.);
#3023=EDGE_CURVE('',#2456,#2458,#1023,.T.);
#3024=EDGE_CURVE('',#2457,#2458,#1024,.T.);
#3025=EDGE_CURVE('',#2457,#2451,#1025,.T.);
#3026=EDGE_CURVE('',#2458,#2453,#1026,.T.);
#3027=EDGE_CURVE('',#2459,#2460,#1027,.T.);
#3028=EDGE_CURVE('',#2460,#2461,#1028,.T.);
#3029=EDGE_CURVE('',#2462,#2461,#1029,.T.);
#3030=EDGE_CURVE('',#2459,#2462,#1030,.T.);
#3031=EDGE_CURVE('',#2463,#2459,#1031,.T.);
#3032=EDGE_CURVE('',#2464,#2462,#1032,.T.);
#3033=EDGE_CURVE('',#2463,#2464,#1033,.T.);
#3034=EDGE_CURVE('',#2465,#2463,#1034,.T.);
#3035=EDGE_CURVE('',#2466,#2464,#1035,.T.);
#3036=EDGE_CURVE('',#2465,#2466,#1036,.T.);
#3037=EDGE_CURVE('',#2460,#2465,#1037,.T.);
#3038=EDGE_CURVE('',#2461,#2466,#1038,.T.);
#3039=EDGE_CURVE('',#2467,#2468,#1039,.T.);
#3040=EDGE_CURVE('',#2467,#2469,#1040,.T.);
#3041=EDGE_CURVE('',#2469,#2470,#1041,.T.);
#3042=EDGE_CURVE('',#2468,#2470,#1042,.T.);
#3043=EDGE_CURVE('',#2468,#2471,#1043,.T.);
#3044=EDGE_CURVE('',#2470,#2472,#1044,.T.);
#3045=EDGE_CURVE('',#2471,#2472,#1045,.T.);
#3046=EDGE_CURVE('',#2471,#2473,#1046,.T.);
#3047=EDGE_CURVE('',#2472,#2474,#1047,.T.);
#3048=EDGE_CURVE('',#2473,#2474,#1048,.T.);
#3049=EDGE_CURVE('',#2473,#2467,#1049,.T.);
#3050=EDGE_CURVE('',#2474,#2469,#1050,.T.);
#3051=EDGE_CURVE('',#2475,#2476,#1051,.T.);
#3052=EDGE_CURVE('',#2476,#2477,#1052,.T.);
#3053=EDGE_CURVE('',#2478,#2477,#1053,.T.);
#3054=EDGE_CURVE('',#2475,#2478,#1054,.T.);
#3055=EDGE_CURVE('',#2479,#2475,#1055,.T.);
#3056=EDGE_CURVE('',#2480,#2478,#1056,.T.);
#3057=EDGE_CURVE('',#2479,#2480,#1057,.T.);
#3058=EDGE_CURVE('',#2481,#2479,#1058,.T.);
#3059=EDGE_CURVE('',#2482,#2480,#1059,.T.);
#3060=EDGE_CURVE('',#2481,#2482,#1060,.T.);
#3061=EDGE_CURVE('',#2476,#2481,#1061,.T.);
#3062=EDGE_CURVE('',#2477,#2482,#1062,.T.);
#3063=EDGE_CURVE('',#2483,#2484,#1063,.T.);
#3064=EDGE_CURVE('',#2483,#2485,#1064,.T.);
#3065=EDGE_CURVE('',#2485,#2486,#1065,.T.);
#3066=EDGE_CURVE('',#2484,#2486,#1066,.T.);
#3067=EDGE_CURVE('',#2484,#2487,#1067,.T.);
#3068=EDGE_CURVE('',#2486,#2488,#1068,.T.);
#3069=EDGE_CURVE('',#2487,#2488,#1069,.T.);
#3070=EDGE_CURVE('',#2487,#2489,#1070,.T.);
#3071=EDGE_CURVE('',#2488,#2490,#1071,.T.);
#3072=EDGE_CURVE('',#2489,#2490,#1072,.T.);
#3073=EDGE_CURVE('',#2489,#2483,#1073,.T.);
#3074=EDGE_CURVE('',#2490,#2485,#1074,.T.);
#3075=EDGE_CURVE('',#2491,#2492,#1075,.T.);
#3076=EDGE_CURVE('',#2492,#2493,#1076,.T.);
#3077=EDGE_CURVE('',#2494,#2493,#1077,.T.);
#3078=EDGE_CURVE('',#2491,#2494,#1078,.T.);
#3079=EDGE_CURVE('',#2495,#2491,#1079,.T.);
#3080=EDGE_CURVE('',#2496,#2494,#1080,.T.);
#3081=EDGE_CURVE('',#2495,#2496,#1081,.T.);
#3082=EDGE_CURVE('',#2497,#2495,#1082,.T.);
#3083=EDGE_CURVE('',#2498,#2496,#1083,.T.);
#3084=EDGE_CURVE('',#2497,#2498,#1084,.T.);
#3085=EDGE_CURVE('',#2492,#2497,#1085,.T.);
#3086=EDGE_CURVE('',#2493,#2498,#1086,.T.);
#3087=EDGE_CURVE('',#2499,#2500,#1087,.T.);
#3088=EDGE_CURVE('',#2499,#2501,#1088,.T.);
#3089=EDGE_CURVE('',#2501,#2502,#1089,.T.);
#3090=EDGE_CURVE('',#2500,#2502,#1090,.T.);
#3091=EDGE_CURVE('',#2500,#2503,#1091,.T.);
#3092=EDGE_CURVE('',#2502,#2504,#1092,.T.);
#3093=EDGE_CURVE('',#2503,#2504,#1093,.T.);
#3094=EDGE_CURVE('',#2503,#2505,#1094,.T.);
#3095=EDGE_CURVE('',#2504,#2506,#1095,.T.);
#3096=EDGE_CURVE('',#2505,#2506,#1096,.T.);
#3097=EDGE_CURVE('',#2505,#2499,#1097,.T.);
#3098=EDGE_CURVE('',#2506,#2501,#1098,.T.);
#3099=EDGE_CURVE('',#2507,#2508,#1099,.T.);
#3100=EDGE_CURVE('',#2508,#2509,#1100,.T.);
#3101=EDGE_CURVE('',#2510,#2509,#1101,.T.);
#3102=EDGE_CURVE('',#2507,#2510,#1102,.T.);
#3103=EDGE_CURVE('',#2511,#2507,#1103,.T.);
#3104=EDGE_CURVE('',#2512,#2510,#1104,.T.);
#3105=EDGE_CURVE('',#2511,#2512,#1105,.T.);
#3106=EDGE_CURVE('',#2513,#2511,#1106,.T.);
#3107=EDGE_CURVE('',#2514,#2512,#1107,.T.);
#3108=EDGE_CURVE('',#2513,#2514,#1108,.T.);
#3109=EDGE_CURVE('',#2508,#2513,#1109,.T.);
#3110=EDGE_CURVE('',#2509,#2514,#1110,.T.);
#3111=EDGE_CURVE('',#2515,#2516,#1111,.T.);
#3112=EDGE_CURVE('',#2515,#2517,#1112,.T.);
#3113=EDGE_CURVE('',#2517,#2518,#1113,.T.);
#3114=EDGE_CURVE('',#2516,#2518,#1114,.T.);
#3115=EDGE_CURVE('',#2516,#2519,#1115,.T.);
#3116=EDGE_CURVE('',#2518,#2520,#1116,.T.);
#3117=EDGE_CURVE('',#2519,#2520,#1117,.T.);
#3118=EDGE_CURVE('',#2519,#2521,#1118,.T.);
#3119=EDGE_CURVE('',#2520,#2522,#1119,.T.);
#3120=EDGE_CURVE('',#2521,#2522,#1120,.T.);
#3121=EDGE_CURVE('',#2521,#2515,#1121,.T.);
#3122=EDGE_CURVE('',#2522,#2517,#1122,.T.);
#3123=EDGE_CURVE('',#2523,#2524,#1123,.T.);
#3124=EDGE_CURVE('',#2524,#2525,#1124,.T.);
#3125=EDGE_CURVE('',#2526,#2525,#1125,.T.);
#3126=EDGE_CURVE('',#2523,#2526,#1126,.T.);
#3127=EDGE_CURVE('',#2527,#2523,#1127,.T.);
#3128=EDGE_CURVE('',#2528,#2526,#1128,.T.);
#3129=EDGE_CURVE('',#2527,#2528,#1129,.T.);
#3130=EDGE_CURVE('',#2529,#2527,#1130,.T.);
#3131=EDGE_CURVE('',#2530,#2528,#1131,.T.);
#3132=EDGE_CURVE('',#2529,#2530,#1132,.T.);
#3133=EDGE_CURVE('',#2524,#2529,#1133,.T.);
#3134=EDGE_CURVE('',#2525,#2530,#1134,.T.);
#3135=EDGE_CURVE('',#2531,#2532,#1135,.T.);
#3136=EDGE_CURVE('',#2531,#2533,#1136,.T.);
#3137=EDGE_CURVE('',#2533,#2534,#1137,.T.);
#3138=EDGE_CURVE('',#2532,#2534,#1138,.T.);
#3139=EDGE_CURVE('',#2532,#2535,#1139,.T.);
#3140=EDGE_CURVE('',#2534,#2536,#1140,.T.);
#3141=EDGE_CURVE('',#2535,#2536,#1141,.T.);
#3142=EDGE_CURVE('',#2535,#2537,#1142,.T.);
#3143=EDGE_CURVE('',#2536,#2538,#1143,.T.);
#3144=EDGE_CURVE('',#2537,#2538,#1144,.T.);
#3145=EDGE_CURVE('',#2537,#2531,#1145,.T.);
#3146=EDGE_CURVE('',#2538,#2533,#1146,.T.);
#3147=EDGE_CURVE('',#2539,#2540,#1147,.T.);
#3148=EDGE_CURVE('',#2540,#2541,#1148,.T.);
#3149=EDGE_CURVE('',#2542,#2541,#1149,.T.);
#3150=EDGE_CURVE('',#2539,#2542,#1150,.T.);
#3151=EDGE_CURVE('',#2543,#2539,#1151,.T.);
#3152=EDGE_CURVE('',#2544,#2542,#1152,.T.);
#3153=EDGE_CURVE('',#2543,#2544,#1153,.T.);
#3154=EDGE_CURVE('',#2545,#2543,#1154,.T.);
#3155=EDGE_CURVE('',#2546,#2544,#1155,.T.);
#3156=EDGE_CURVE('',#2545,#2546,#1156,.T.);
#3157=EDGE_CURVE('',#2540,#2545,#1157,.T.);
#3158=EDGE_CURVE('',#2541,#2546,#1158,.T.);
#3159=EDGE_CURVE('',#2547,#2548,#1159,.T.);
#3160=EDGE_CURVE('',#2547,#2549,#1160,.T.);
#3161=EDGE_CURVE('',#2549,#2550,#1161,.T.);
#3162=EDGE_CURVE('',#2548,#2550,#1162,.T.);
#3163=EDGE_CURVE('',#2548,#2551,#1163,.T.);
#3164=EDGE_CURVE('',#2550,#2552,#1164,.T.);
#3165=EDGE_CURVE('',#2551,#2552,#1165,.T.);
#3166=EDGE_CURVE('',#2551,#2553,#1166,.T.);
#3167=EDGE_CURVE('',#2552,#2554,#1167,.T.);
#3168=EDGE_CURVE('',#2553,#2554,#1168,.T.);
#3169=EDGE_CURVE('',#2553,#2547,#1169,.T.);
#3170=EDGE_CURVE('',#2554,#2549,#1170,.T.);
#3171=EDGE_CURVE('',#2555,#2556,#1171,.T.);
#3172=EDGE_CURVE('',#2555,#2557,#1172,.T.);
#3173=EDGE_CURVE('',#2558,#2557,#1173,.T.);
#3174=EDGE_CURVE('',#2556,#2558,#1174,.T.);
#3175=EDGE_CURVE('',#2559,#2555,#1175,.T.);
#3176=EDGE_CURVE('',#2559,#2560,#1176,.T.);
#3177=EDGE_CURVE('',#2557,#2560,#1177,.T.);
#3178=EDGE_CURVE('',#2556,#2561,#1178,.T.);
#3179=EDGE_CURVE('',#2562,#2558,#1179,.T.);
#3180=EDGE_CURVE('',#2561,#2562,#1180,.T.);
#3181=EDGE_CURVE('',#2561,#2559,#1181,.T.);
#3182=EDGE_CURVE('',#2560,#2562,#1182,.T.);
#3183=EDGE_CURVE('',#2563,#2563,#55,.T.);
#3184=EDGE_CURVE('',#2563,#2564,#1183,.T.);
#3185=EDGE_CURVE('',#2564,#2564,#56,.T.);
#3186=EDGE_CURVE('',#2565,#2565,#57,.T.);
#3187=EDGE_CURVE('',#2565,#2566,#1184,.T.);
#3188=EDGE_CURVE('',#2566,#2566,#58,.T.);
#3189=EDGE_CURVE('',#2567,#2567,#59,.T.);
#3190=EDGE_CURVE('',#2567,#2568,#1185,.T.);
#3191=EDGE_CURVE('',#2568,#2568,#60,.T.);
#3192=EDGE_CURVE('',#2569,#2569,#61,.T.);
#3193=EDGE_CURVE('',#2569,#2570,#1186,.T.);
#3194=EDGE_CURVE('',#2570,#2570,#62,.T.);
#3195=EDGE_CURVE('',#2571,#2572,#1187,.T.);
#3196=EDGE_CURVE('',#2571,#2573,#1188,.T.);
#3197=EDGE_CURVE('',#2574,#2573,#1189,.T.);
#3198=EDGE_CURVE('',#2572,#2574,#1190,.T.);
#3199=EDGE_CURVE('',#2572,#2575,#1191,.T.);
#3200=EDGE_CURVE('',#2576,#2574,#1192,.T.);
#3201=EDGE_CURVE('',#2575,#2576,#1193,.T.);
#3202=EDGE_CURVE('',#2575,#2577,#1194,.T.);
#3203=EDGE_CURVE('',#2578,#2576,#1195,.T.);
#3204=EDGE_CURVE('',#2577,#2578,#1196,.T.);
#3205=EDGE_CURVE('',#2577,#2571,#1197,.T.);
#3206=EDGE_CURVE('',#2573,#2578,#1198,.T.);
#3207=EDGE_CURVE('',#2579,#2580,#1199,.T.);
#3208=EDGE_CURVE('',#2580,#2581,#1200,.T.);
#3209=EDGE_CURVE('',#2581,#2582,#1201,.T.);
#3210=EDGE_CURVE('',#2582,#2579,#1202,.T.);
#3211=EDGE_CURVE('',#2583,#2584,#1203,.T.);
#3212=EDGE_CURVE('',#2584,#2585,#1204,.T.);
#3213=EDGE_CURVE('',#2585,#2586,#1205,.T.);
#3214=EDGE_CURVE('',#2586,#2583,#1206,.T.);
#3215=EDGE_CURVE('',#2587,#2588,#1207,.T.);
#3216=EDGE_CURVE('',#2588,#2589,#1208,.T.);
#3217=EDGE_CURVE('',#2589,#2590,#1209,.T.);
#3218=EDGE_CURVE('',#2590,#2587,#1210,.T.);
#3219=EDGE_CURVE('',#2591,#2592,#1211,.T.);
#3220=EDGE_CURVE('',#2592,#2593,#1212,.T.);
#3221=EDGE_CURVE('',#2593,#2594,#1213,.T.);
#3222=EDGE_CURVE('',#2594,#2591,#1214,.T.);
#3223=EDGE_CURVE('',#2595,#2596,#1215,.T.);
#3224=EDGE_CURVE('',#2596,#2597,#1216,.T.);
#3225=EDGE_CURVE('',#2597,#2598,#1217,.T.);
#3226=EDGE_CURVE('',#2598,#2595,#1218,.T.);
#3227=EDGE_CURVE('',#2599,#2600,#1219,.T.);
#3228=EDGE_CURVE('',#2600,#2601,#1220,.T.);
#3229=EDGE_CURVE('',#2601,#2602,#1221,.T.);
#3230=EDGE_CURVE('',#2602,#2599,#1222,.T.);
#3231=EDGE_CURVE('',#2603,#2604,#1223,.T.);
#3232=EDGE_CURVE('',#2604,#2605,#1224,.T.);
#3233=EDGE_CURVE('',#2605,#2606,#1225,.T.);
#3234=EDGE_CURVE('',#2606,#2603,#1226,.T.);
#3235=EDGE_CURVE('',#2607,#2608,#1227,.T.);
#3236=EDGE_CURVE('',#2608,#2609,#1228,.T.);
#3237=EDGE_CURVE('',#2609,#2610,#1229,.T.);
#3238=EDGE_CURVE('',#2610,#2607,#1230,.T.);
#3239=EDGE_CURVE('',#2611,#2612,#1231,.T.);
#3240=EDGE_CURVE('',#2612,#2613,#1232,.T.);
#3241=EDGE_CURVE('',#2613,#2614,#1233,.T.);
#3242=EDGE_CURVE('',#2614,#2611,#1234,.T.);
#3243=EDGE_CURVE('',#2615,#2616,#1235,.T.);
#3244=EDGE_CURVE('',#2616,#2617,#1236,.T.);
#3245=EDGE_CURVE('',#2617,#2618,#1237,.T.);
#3246=EDGE_CURVE('',#2618,#2615,#1238,.T.);
#3247=EDGE_CURVE('',#2619,#2620,#1239,.T.);
#3248=EDGE_CURVE('',#2620,#2621,#1240,.T.);
#3249=EDGE_CURVE('',#2621,#2622,#1241,.T.);
#3250=EDGE_CURVE('',#2622,#2619,#1242,.T.);
#3251=EDGE_CURVE('',#2623,#2624,#1243,.T.);
#3252=EDGE_CURVE('',#2624,#2625,#1244,.T.);
#3253=EDGE_CURVE('',#2625,#2626,#1245,.T.);
#3254=EDGE_CURVE('',#2626,#2623,#1246,.T.);
#3255=EDGE_CURVE('',#2627,#2628,#1247,.T.);
#3256=EDGE_CURVE('',#2628,#2599,#1248,.T.);
#3257=EDGE_CURVE('',#2627,#2602,#1249,.T.);
#3258=EDGE_CURVE('',#2629,#2627,#1250,.T.);
#3259=EDGE_CURVE('',#2629,#2601,#1251,.T.);
#3260=EDGE_CURVE('',#2630,#2629,#1252,.T.);
#3261=EDGE_CURVE('',#2630,#2600,#1253,.T.);
#3262=EDGE_CURVE('',#2628,#2630,#1254,.T.);
#3263=EDGE_CURVE('',#2631,#2632,#1255,.T.);
#3264=EDGE_CURVE('',#2631,#2611,#1256,.T.);
#3265=EDGE_CURVE('',#2632,#2614,#1257,.T.);
#3266=EDGE_CURVE('',#2632,#2633,#1258,.T.);
#3267=EDGE_CURVE('',#2633,#2613,#1259,.T.);
#3268=EDGE_CURVE('',#2633,#2634,#1260,.T.);
#3269=EDGE_CURVE('',#2634,#2612,#1261,.T.);
#3270=EDGE_CURVE('',#2634,#2631,#1262,.T.);
#3271=EDGE_CURVE('',#2635,#2636,#1263,.T.);
#3272=EDGE_CURVE('',#2636,#2595,#1264,.T.);
#3273=EDGE_CURVE('',#2635,#2598,#1265,.T.);
#3274=EDGE_CURVE('',#2637,#2635,#1266,.T.);
#3275=EDGE_CURVE('',#2637,#2597,#1267,.T.);
#3276=EDGE_CURVE('',#2638,#2637,#1268,.T.);
#3277=EDGE_CURVE('',#2638,#2596,#1269,.T.);
#3278=EDGE_CURVE('',#2636,#2638,#1270,.T.);
#3279=EDGE_CURVE('',#2639,#2640,#1271,.T.);
#3280=EDGE_CURVE('',#2639,#2603,#1272,.T.);
#3281=EDGE_CURVE('',#2640,#2606,#1273,.T.);
#3282=EDGE_CURVE('',#2640,#2641,#1274,.T.);
#3283=EDGE_CURVE('',#2641,#2605,#1275,.T.);
#3284=EDGE_CURVE('',#2641,#2642,#1276,.T.);
#3285=EDGE_CURVE('',#2642,#2604,#1277,.T.);
#3286=EDGE_CURVE('',#2642,#2639,#1278,.T.);
#3287=EDGE_CURVE('',#2643,#2644,#1279,.T.);
#3288=EDGE_CURVE('',#2644,#2591,#1280,.T.);
#3289=EDGE_CURVE('',#2643,#2594,#1281,.T.);
#3290=EDGE_CURVE('',#2645,#2643,#1282,.T.);
#3291=EDGE_CURVE('',#2645,#2593,#1283,.T.);
#3292=EDGE_CURVE('',#2646,#2645,#1284,.T.);
#3293=EDGE_CURVE('',#2646,#2592,#1285,.T.);
#3294=EDGE_CURVE('',#2644,#2646,#1286,.T.);
#3295=EDGE_CURVE('',#2647,#2648,#1287,.T.);
#3296=EDGE_CURVE('',#2647,#2623,#1288,.T.);
#3297=EDGE_CURVE('',#2648,#2626,#1289,.T.);
#3298=EDGE_CURVE('',#2648,#2649,#1290,.T.);
#3299=EDGE_CURVE('',#2649,#2625,#1291,.T.);
#3300=EDGE_CURVE('',#2649,#2650,#1292,.T.);
#3301=EDGE_CURVE('',#2650,#2624,#1293,.T.);
#3302=EDGE_CURVE('',#2650,#2647,#1294,.T.);
#3303=EDGE_CURVE('',#2651,#2652,#1295,.T.);
#3304=EDGE_CURVE('',#2652,#2587,#1296,.T.);
#3305=EDGE_CURVE('',#2651,#2590,#1297,.T.);
#3306=EDGE_CURVE('',#2653,#2651,#1298,.T.);
#3307=EDGE_CURVE('',#2653,#2589,#1299,.T.);
#3308=EDGE_CURVE('',#2654,#2653,#1300,.T.);
#3309=EDGE_CURVE('',#2654,#2588,#1301,.T.);
#3310=EDGE_CURVE('',#2652,#2654,#1302,.T.);
#3311=EDGE_CURVE('',#2655,#2656,#1303,.T.);
#3312=EDGE_CURVE('',#2655,#2607,#1304,.T.);
#3313=EDGE_CURVE('',#2656,#2610,#1305,.T.);
#3314=EDGE_CURVE('',#2656,#2657,#1306,.T.);
#3315=EDGE_CURVE('',#2657,#2609,#1307,.T.);
#3316=EDGE_CURVE('',#2657,#2658,#1308,.T.);
#3317=EDGE_CURVE('',#2658,#2608,#1309,.T.);
#3318=EDGE_CURVE('',#2658,#2655,#1310,.T.);
#3319=EDGE_CURVE('',#2659,#2660,#1311,.T.);
#3320=EDGE_CURVE('',#2660,#2583,#1312,.T.);
#3321=EDGE_CURVE('',#2659,#2586,#1313,.T.);
#3322=EDGE_CURVE('',#2661,#2659,#1314,.T.);
#3323=EDGE_CURVE('',#2661,#2585,#1315,.T.);
#3324=EDGE_CURVE('',#2662,#2661,#1316,.T.);
#3325=EDGE_CURVE('',#2662,#2584,#1317,.T.);
#3326=EDGE_CURVE('',#2660,#2662,#1318,.T.);
#3327=EDGE_CURVE('',#2663,#2664,#1319,.T.);
#3328=EDGE_CURVE('',#2663,#2615,#1320,.T.);
#3329=EDGE_CURVE('',#2664,#2618,#1321,.T.);
#3330=EDGE_CURVE('',#2664,#2665,#1322,.T.);
#3331=EDGE_CURVE('',#2665,#2617,#1323,.T.);
#3332=EDGE_CURVE('',#2665,#2666,#1324,.T.);
#3333=EDGE_CURVE('',#2666,#2616,#1325,.T.);
#3334=EDGE_CURVE('',#2666,#2663,#1326,.T.);
#3335=EDGE_CURVE('',#2667,#2668,#1327,.T.);
#3336=EDGE_CURVE('',#2668,#2579,#1328,.T.);
#3337=EDGE_CURVE('',#2667,#2582,#1329,.T.);
#3338=EDGE_CURVE('',#2669,#2667,#1330,.T.);
#3339=EDGE_CURVE('',#2669,#2581,#1331,.T.);
#3340=EDGE_CURVE('',#2670,#2669,#1332,.T.);
#3341=EDGE_CURVE('',#2670,#2580,#1333,.T.);
#3342=EDGE_CURVE('',#2668,#2670,#1334,.T.);
#3343=EDGE_CURVE('',#2671,#2672,#1335,.T.);
#3344=EDGE_CURVE('',#2671,#2619,#1336,.T.);
#3345=EDGE_CURVE('',#2672,#2622,#1337,.T.);
#3346=EDGE_CURVE('',#2672,#2673,#1338,.T.);
#3347=EDGE_CURVE('',#2673,#2621,#1339,.T.);
#3348=EDGE_CURVE('',#2673,#2674,#1340,.T.);
#3349=EDGE_CURVE('',#2674,#2620,#1341,.T.);
#3350=EDGE_CURVE('',#2674,#2671,#1342,.T.);
#3351=EDGE_CURVE('',#2675,#2676,#1343,.T.);
#3352=EDGE_CURVE('',#2675,#2677,#1344,.T.);
#3353=EDGE_CURVE('',#2678,#2677,#1345,.T.);
#3354=EDGE_CURVE('',#2676,#2678,#1346,.T.);
#3355=EDGE_CURVE('',#2676,#2679,#1347,.T.);
#3356=EDGE_CURVE('',#2680,#2678,#1348,.T.);
#3357=EDGE_CURVE('',#2679,#2680,#1349,.T.);
#3358=EDGE_CURVE('',#2679,#2681,#1350,.T.);
#3359=EDGE_CURVE('',#2682,#2680,#1351,.T.);
#3360=EDGE_CURVE('',#2681,#2682,#1352,.T.);
#3361=EDGE_CURVE('',#2681,#2675,#1353,.T.);
#3362=EDGE_CURVE('',#2677,#2682,#1354,.T.);
#3363=EDGE_CURVE('',#2683,#2684,#1355,.T.);
#3364=EDGE_CURVE('',#2683,#2685,#1356,.T.);
#3365=EDGE_CURVE('',#2686,#2685,#1357,.T.);
#3366=EDGE_CURVE('',#2684,#2686,#1358,.T.);
#3367=EDGE_CURVE('',#2684,#2687,#1359,.T.);
#3368=EDGE_CURVE('',#2688,#2686,#1360,.T.);
#3369=EDGE_CURVE('',#2687,#2688,#1361,.T.);
#3370=EDGE_CURVE('',#2687,#2689,#1362,.T.);
#3371=EDGE_CURVE('',#2690,#2688,#1363,.T.);
#3372=EDGE_CURVE('',#2689,#2690,#1364,.T.);
#3373=EDGE_CURVE('',#2689,#2683,#1365,.T.);
#3374=EDGE_CURVE('',#2685,#2690,#1366,.T.);
#3375=EDGE_CURVE('',#2691,#2692,#1367,.T.);
#3376=EDGE_CURVE('',#2691,#2693,#1368,.T.);
#3377=EDGE_CURVE('',#2694,#2693,#1369,.T.);
#3378=EDGE_CURVE('',#2692,#2694,#1370,.T.);
#3379=EDGE_CURVE('',#2692,#2695,#1371,.T.);
#3380=EDGE_CURVE('',#2696,#2694,#1372,.T.);
#3381=EDGE_CURVE('',#2695,#2696,#1373,.T.);
#3382=EDGE_CURVE('',#2695,#2697,#1374,.T.);
#3383=EDGE_CURVE('',#2698,#2696,#1375,.T.);
#3384=EDGE_CURVE('',#2697,#2698,#1376,.T.);
#3385=EDGE_CURVE('',#2697,#2691,#1377,.T.);
#3386=EDGE_CURVE('',#2693,#2698,#1378,.T.);
#3387=EDGE_CURVE('',#2699,#2700,#1379,.T.);
#3388=EDGE_CURVE('',#2699,#2701,#1380,.T.);
#3389=EDGE_CURVE('',#2702,#2701,#1381,.T.);
#3390=EDGE_CURVE('',#2700,#2702,#1382,.T.);
#3391=EDGE_CURVE('',#2700,#2703,#1383,.T.);
#3392=EDGE_CURVE('',#2704,#2702,#1384,.T.);
#3393=EDGE_CURVE('',#2703,#2704,#1385,.T.);
#3394=EDGE_CURVE('',#2703,#2705,#1386,.T.);
#3395=EDGE_CURVE('',#2706,#2704,#1387,.T.);
#3396=EDGE_CURVE('',#2705,#2706,#1388,.T.);
#3397=EDGE_CURVE('',#2705,#2699,#1389,.T.);
#3398=EDGE_CURVE('',#2701,#2706,#1390,.T.);
#3399=EDGE_CURVE('',#2707,#2708,#1391,.T.);
#3400=EDGE_CURVE('',#2707,#2709,#1392,.T.);
#3401=EDGE_CURVE('',#2710,#2709,#1393,.T.);
#3402=EDGE_CURVE('',#2708,#2710,#1394,.T.);
#3403=EDGE_CURVE('',#2708,#2711,#1395,.T.);
#3404=EDGE_CURVE('',#2712,#2710,#1396,.T.);
#3405=EDGE_CURVE('',#2711,#2712,#1397,.T.);
#3406=EDGE_CURVE('',#2711,#2713,#1398,.T.);
#3407=EDGE_CURVE('',#2714,#2712,#1399,.T.);
#3408=EDGE_CURVE('',#2713,#2714,#1400,.T.);
#3409=EDGE_CURVE('',#2713,#2707,#1401,.T.);
#3410=EDGE_CURVE('',#2709,#2714,#1402,.T.);
#3411=EDGE_CURVE('',#2715,#2716,#1403,.T.);
#3412=EDGE_CURVE('',#2715,#2717,#1404,.T.);
#3413=EDGE_CURVE('',#2718,#2717,#1405,.T.);
#3414=EDGE_CURVE('',#2716,#2718,#1406,.T.);
#3415=EDGE_CURVE('',#2716,#2719,#1407,.T.);
#3416=EDGE_CURVE('',#2720,#2718,#1408,.T.);
#3417=EDGE_CURVE('',#2719,#2720,#1409,.T.);
#3418=EDGE_CURVE('',#2719,#2721,#1410,.T.);
#3419=EDGE_CURVE('',#2722,#2720,#1411,.T.);
#3420=EDGE_CURVE('',#2721,#2722,#1412,.T.);
#3421=EDGE_CURVE('',#2721,#2715,#1413,.T.);
#3422=EDGE_CURVE('',#2717,#2722,#1414,.T.);
#3423=EDGE_CURVE('',#2723,#2724,#1415,.T.);
#3424=EDGE_CURVE('',#2723,#2725,#1416,.T.);
#3425=EDGE_CURVE('',#2726,#2725,#1417,.T.);
#3426=EDGE_CURVE('',#2724,#2726,#1418,.T.);
#3427=EDGE_CURVE('',#2724,#2727,#1419,.T.);
#3428=EDGE_CURVE('',#2728,#2726,#1420,.T.);
#3429=EDGE_CURVE('',#2727,#2728,#1421,.T.);
#3430=EDGE_CURVE('',#2727,#2729,#1422,.T.);
#3431=EDGE_CURVE('',#2730,#2728,#1423,.T.);
#3432=EDGE_CURVE('',#2729,#2730,#1424,.T.);
#3433=EDGE_CURVE('',#2729,#2723,#1425,.T.);
#3434=EDGE_CURVE('',#2725,#2730,#1426,.T.);
#3435=EDGE_CURVE('',#2731,#2732,#1427,.T.);
#3436=EDGE_CURVE('',#2731,#2733,#1428,.T.);
#3437=EDGE_CURVE('',#2734,#2733,#1429,.T.);
#3438=EDGE_CURVE('',#2732,#2734,#1430,.T.);
#3439=EDGE_CURVE('',#2732,#2735,#1431,.T.);
#3440=EDGE_CURVE('',#2736,#2734,#1432,.T.);
#3441=EDGE_CURVE('',#2735,#2736,#1433,.T.);
#3442=EDGE_CURVE('',#2735,#2737,#1434,.T.);
#3443=EDGE_CURVE('',#2738,#2736,#1435,.T.);
#3444=EDGE_CURVE('',#2737,#2738,#1436,.T.);
#3445=EDGE_CURVE('',#2737,#2731,#1437,.T.);
#3446=EDGE_CURVE('',#2733,#2738,#1438,.T.);
#3447=EDGE_CURVE('',#2739,#2740,#1439,.T.);
#3448=EDGE_CURVE('',#2739,#2741,#1440,.T.);
#3449=EDGE_CURVE('',#2742,#2741,#1441,.T.);
#3450=EDGE_CURVE('',#2740,#2742,#1442,.T.);
#3451=EDGE_CURVE('',#2740,#2743,#1443,.T.);
#3452=EDGE_CURVE('',#2744,#2742,#1444,.T.);
#3453=EDGE_CURVE('',#2743,#2744,#1445,.T.);
#3454=EDGE_CURVE('',#2743,#2745,#1446,.T.);
#3455=EDGE_CURVE('',#2746,#2744,#1447,.T.);
#3456=EDGE_CURVE('',#2745,#2746,#1448,.T.);
#3457=EDGE_CURVE('',#2745,#2739,#1449,.T.);
#3458=EDGE_CURVE('',#2741,#2746,#1450,.T.);
#3459=EDGE_CURVE('',#2747,#2748,#1451,.T.);
#3460=EDGE_CURVE('',#2747,#2749,#1452,.T.);
#3461=EDGE_CURVE('',#2750,#2749,#1453,.T.);
#3462=EDGE_CURVE('',#2748,#2750,#1454,.T.);
#3463=EDGE_CURVE('',#2748,#2751,#1455,.T.);
#3464=EDGE_CURVE('',#2752,#2750,#1456,.T.);
#3465=EDGE_CURVE('',#2751,#2752,#1457,.T.);
#3466=EDGE_CURVE('',#2751,#2753,#1458,.T.);
#3467=EDGE_CURVE('',#2754,#2752,#1459,.T.);
#3468=EDGE_CURVE('',#2753,#2754,#1460,.T.);
#3469=EDGE_CURVE('',#2753,#2747,#1461,.T.);
#3470=EDGE_CURVE('',#2749,#2754,#1462,.T.);
#3471=EDGE_CURVE('',#2755,#2756,#1463,.T.);
#3472=EDGE_CURVE('',#2755,#2757,#1464,.T.);
#3473=EDGE_CURVE('',#2758,#2757,#1465,.T.);
#3474=EDGE_CURVE('',#2756,#2758,#1466,.T.);
#3475=EDGE_CURVE('',#2756,#2759,#1467,.T.);
#3476=EDGE_CURVE('',#2760,#2758,#1468,.T.);
#3477=EDGE_CURVE('',#2759,#2760,#1469,.T.);
#3478=EDGE_CURVE('',#2759,#2761,#1470,.T.);
#3479=EDGE_CURVE('',#2762,#2760,#1471,.T.);
#3480=EDGE_CURVE('',#2761,#2762,#1472,.T.);
#3481=EDGE_CURVE('',#2761,#2755,#1473,.T.);
#3482=EDGE_CURVE('',#2757,#2762,#1474,.T.);
#3483=EDGE_CURVE('',#2763,#2764,#1475,.T.);
#3484=EDGE_CURVE('',#2763,#2765,#1476,.T.);
#3485=EDGE_CURVE('',#2766,#2765,#1477,.T.);
#3486=EDGE_CURVE('',#2764,#2766,#1478,.T.);
#3487=EDGE_CURVE('',#2764,#2767,#1479,.T.);
#3488=EDGE_CURVE('',#2768,#2766,#1480,.T.);
#3489=EDGE_CURVE('',#2767,#2768,#1481,.T.);
#3490=EDGE_CURVE('',#2767,#2769,#1482,.T.);
#3491=EDGE_CURVE('',#2770,#2768,#1483,.T.);
#3492=EDGE_CURVE('',#2769,#2770,#1484,.T.);
#3493=EDGE_CURVE('',#2769,#2763,#1485,.T.);
#3494=EDGE_CURVE('',#2765,#2770,#1486,.T.);
#3495=EDGE_CURVE('',#2771,#2772,#1487,.T.);
#3496=EDGE_CURVE('',#2771,#2773,#1488,.T.);
#3497=EDGE_CURVE('',#2774,#2773,#1489,.T.);
#3498=EDGE_CURVE('',#2772,#2774,#1490,.T.);
#3499=EDGE_CURVE('',#2772,#2775,#1491,.T.);
#3500=EDGE_CURVE('',#2776,#2774,#1492,.T.);
#3501=EDGE_CURVE('',#2775,#2776,#1493,.T.);
#3502=EDGE_CURVE('',#2775,#2777,#1494,.T.);
#3503=EDGE_CURVE('',#2778,#2776,#1495,.T.);
#3504=EDGE_CURVE('',#2777,#2778,#1496,.T.);
#3505=EDGE_CURVE('',#2777,#2771,#1497,.T.);
#3506=EDGE_CURVE('',#2773,#2778,#1498,.T.);
#3507=EDGE_CURVE('',#2779,#2780,#1499,.T.);
#3508=EDGE_CURVE('',#2779,#2781,#1500,.T.);
#3509=EDGE_CURVE('',#2782,#2781,#1501,.T.);
#3510=EDGE_CURVE('',#2780,#2782,#1502,.T.);
#3511=EDGE_CURVE('',#2780,#2783,#1503,.T.);
#3512=EDGE_CURVE('',#2784,#2782,#1504,.T.);
#3513=EDGE_CURVE('',#2783,#2784,#1505,.T.);
#3514=EDGE_CURVE('',#2783,#2785,#1506,.T.);
#3515=EDGE_CURVE('',#2786,#2784,#1507,.T.);
#3516=EDGE_CURVE('',#2785,#2786,#1508,.T.);
#3517=EDGE_CURVE('',#2785,#2779,#1509,.T.);
#3518=EDGE_CURVE('',#2781,#2786,#1510,.T.);
#3519=EDGE_CURVE('',#2787,#2788,#1511,.T.);
#3520=EDGE_CURVE('',#2787,#2789,#1512,.T.);
#3521=EDGE_CURVE('',#2790,#2789,#1513,.T.);
#3522=EDGE_CURVE('',#2788,#2790,#1514,.T.);
#3523=EDGE_CURVE('',#2788,#2791,#1515,.T.);
#3524=EDGE_CURVE('',#2792,#2790,#1516,.T.);
#3525=EDGE_CURVE('',#2791,#2792,#1517,.T.);
#3526=EDGE_CURVE('',#2791,#2793,#1518,.T.);
#3527=EDGE_CURVE('',#2794,#2792,#1519,.T.);
#3528=EDGE_CURVE('',#2793,#2794,#1520,.T.);
#3529=EDGE_CURVE('',#2793,#2787,#1521,.T.);
#3530=EDGE_CURVE('',#2789,#2794,#1522,.T.);
#3531=EDGE_CURVE('',#2795,#2796,#1523,.T.);
#3532=EDGE_CURVE('',#2795,#2797,#1524,.T.);
#3533=EDGE_CURVE('',#2798,#2797,#1525,.T.);
#3534=EDGE_CURVE('',#2796,#2798,#1526,.T.);
#3535=EDGE_CURVE('',#2796,#2799,#1527,.T.);
#3536=EDGE_CURVE('',#2800,#2798,#1528,.T.);
#3537=EDGE_CURVE('',#2799,#2800,#1529,.T.);
#3538=EDGE_CURVE('',#2799,#2801,#1530,.T.);
#3539=EDGE_CURVE('',#2802,#2800,#1531,.T.);
#3540=EDGE_CURVE('',#2801,#2802,#1532,.T.);
#3541=EDGE_CURVE('',#2801,#2795,#1533,.T.);
#3542=EDGE_CURVE('',#2797,#2802,#1534,.T.);
#3543=EDGE_CURVE('',#2803,#2804,#1535,.T.);
#3544=EDGE_CURVE('',#2803,#2805,#1536,.T.);
#3545=EDGE_CURVE('',#2806,#2805,#1537,.T.);
#3546=EDGE_CURVE('',#2804,#2806,#1538,.T.);
#3547=EDGE_CURVE('',#2804,#2807,#1539,.T.);
#3548=EDGE_CURVE('',#2808,#2806,#1540,.T.);
#3549=EDGE_CURVE('',#2807,#2808,#1541,.T.);
#3550=EDGE_CURVE('',#2807,#2809,#1542,.T.);
#3551=EDGE_CURVE('',#2810,#2808,#1543,.T.);
#3552=EDGE_CURVE('',#2809,#2810,#1544,.T.);
#3553=EDGE_CURVE('',#2809,#2803,#1545,.T.);
#3554=EDGE_CURVE('',#2805,#2810,#1546,.T.);
#3555=EDGE_CURVE('',#2811,#2812,#1547,.T.);
#3556=EDGE_CURVE('',#2811,#2813,#1548,.T.);
#3557=EDGE_CURVE('',#2814,#2813,#1549,.T.);
#3558=EDGE_CURVE('',#2812,#2814,#1550,.T.);
#3559=EDGE_CURVE('',#2812,#2815,#1551,.T.);
#3560=EDGE_CURVE('',#2816,#2814,#1552,.T.);
#3561=EDGE_CURVE('',#2815,#2816,#1553,.T.);
#3562=EDGE_CURVE('',#2815,#2817,#1554,.T.);
#3563=EDGE_CURVE('',#2818,#2816,#1555,.T.);
#3564=EDGE_CURVE('',#2817,#2818,#1556,.T.);
#3565=EDGE_CURVE('',#2817,#2811,#1557,.T.);
#3566=EDGE_CURVE('',#2813,#2818,#1558,.T.);
#3567=EDGE_CURVE('',#2819,#2820,#1559,.T.);
#3568=EDGE_CURVE('',#2819,#2821,#1560,.T.);
#3569=EDGE_CURVE('',#2822,#2821,#1561,.T.);
#3570=EDGE_CURVE('',#2820,#2822,#1562,.T.);
#3571=EDGE_CURVE('',#2820,#2823,#1563,.T.);
#3572=EDGE_CURVE('',#2824,#2822,#1564,.T.);
#3573=EDGE_CURVE('',#2823,#2824,#1565,.T.);
#3574=EDGE_CURVE('',#2823,#2825,#1566,.T.);
#3575=EDGE_CURVE('',#2826,#2824,#1567,.T.);
#3576=EDGE_CURVE('',#2825,#2826,#1568,.T.);
#3577=EDGE_CURVE('',#2825,#2819,#1569,.T.);
#3578=EDGE_CURVE('',#2821,#2826,#1570,.T.);
#3579=EDGE_CURVE('',#2827,#2828,#1571,.T.);
#3580=EDGE_CURVE('',#2827,#2829,#1572,.T.);
#3581=EDGE_CURVE('',#2830,#2829,#1573,.T.);
#3582=EDGE_CURVE('',#2828,#2830,#1574,.T.);
#3583=EDGE_CURVE('',#2828,#2831,#1575,.T.);
#3584=EDGE_CURVE('',#2832,#2830,#1576,.T.);
#3585=EDGE_CURVE('',#2831,#2832,#1577,.T.);
#3586=EDGE_CURVE('',#2831,#2833,#1578,.T.);
#3587=EDGE_CURVE('',#2834,#2832,#1579,.T.);
#3588=EDGE_CURVE('',#2833,#2834,#1580,.T.);
#3589=EDGE_CURVE('',#2833,#2827,#1581,.T.);
#3590=EDGE_CURVE('',#2829,#2834,#1582,.T.);
#3591=ORIENTED_EDGE('',*,*,#2835,.T.);
#3592=ORIENTED_EDGE('',*,*,#2836,.T.);
#3593=ORIENTED_EDGE('',*,*,#2837,.F.);
#3594=ORIENTED_EDGE('',*,*,#2838,.F.);
#3595=ORIENTED_EDGE('',*,*,#2839,.T.);
#3596=ORIENTED_EDGE('',*,*,#2838,.T.);
#3597=ORIENTED_EDGE('',*,*,#2840,.F.);
#3598=ORIENTED_EDGE('',*,*,#2841,.F.);
#3599=ORIENTED_EDGE('',*,*,#2842,.T.);
#3600=ORIENTED_EDGE('',*,*,#2841,.T.);
#3601=ORIENTED_EDGE('',*,*,#2843,.F.);
#3602=ORIENTED_EDGE('',*,*,#2844,.F.);
#3603=ORIENTED_EDGE('',*,*,#2845,.T.);
#3604=ORIENTED_EDGE('',*,*,#2844,.T.);
#3605=ORIENTED_EDGE('',*,*,#2846,.F.);
#3606=ORIENTED_EDGE('',*,*,#2836,.F.);
#3607=ORIENTED_EDGE('',*,*,#2847,.F.);
#3608=ORIENTED_EDGE('',*,*,#2848,.T.);
#3609=ORIENTED_EDGE('',*,*,#2849,.T.);
#3610=ORIENTED_EDGE('',*,*,#2850,.F.);
#3611=ORIENTED_EDGE('',*,*,#2851,.F.);
#3612=ORIENTED_EDGE('',*,*,#2850,.T.);
#3613=ORIENTED_EDGE('',*,*,#2852,.T.);
#3614=ORIENTED_EDGE('',*,*,#2853,.F.);
#3615=ORIENTED_EDGE('',*,*,#2854,.F.);
#3616=ORIENTED_EDGE('',*,*,#2853,.T.);
#3617=ORIENTED_EDGE('',*,*,#2855,.T.);
#3618=ORIENTED_EDGE('',*,*,#2856,.F.);
#3619=ORIENTED_EDGE('',*,*,#2857,.F.);
#3620=ORIENTED_EDGE('',*,*,#2856,.T.);
#3621=ORIENTED_EDGE('',*,*,#2858,.T.);
#3622=ORIENTED_EDGE('',*,*,#2848,.F.);
#3623=ORIENTED_EDGE('',*,*,#2857,.T.);
#3624=ORIENTED_EDGE('',*,*,#2847,.T.);
#3625=ORIENTED_EDGE('',*,*,#2851,.T.);
#3626=ORIENTED_EDGE('',*,*,#2854,.T.);
#3627=ORIENTED_EDGE('',*,*,#2845,.F.);
#3628=ORIENTED_EDGE('',*,*,#2835,.F.);
#3629=ORIENTED_EDGE('',*,*,#2839,.F.);
#3630=ORIENTED_EDGE('',*,*,#2842,.F.);
#3631=ORIENTED_EDGE('',*,*,#2859,.T.);
#3632=ORIENTED_EDGE('',*,*,#2860,.T.);
#3633=ORIENTED_EDGE('',*,*,#2861,.F.);
#3634=ORIENTED_EDGE('',*,*,#2862,.F.);
#3635=ORIENTED_EDGE('',*,*,#2863,.T.);
#3636=ORIENTED_EDGE('',*,*,#2862,.T.);
#3637=ORIENTED_EDGE('',*,*,#2864,.F.);
#3638=ORIENTED_EDGE('',*,*,#2865,.F.);
#3639=ORIENTED_EDGE('',*,*,#2866,.T.);
#3640=ORIENTED_EDGE('',*,*,#2865,.T.);
#3641=ORIENTED_EDGE('',*,*,#2867,.F.);
#3642=ORIENTED_EDGE('',*,*,#2868,.F.);
#3643=ORIENTED_EDGE('',*,*,#2869,.T.);
#3644=ORIENTED_EDGE('',*,*,#2868,.T.);
#3645=ORIENTED_EDGE('',*,*,#2870,.F.);
#3646=ORIENTED_EDGE('',*,*,#2860,.F.);
#3647=ORIENTED_EDGE('',*,*,#2871,.F.);
#3648=ORIENTED_EDGE('',*,*,#2872,.T.);
#3649=ORIENTED_EDGE('',*,*,#2873,.T.);
#3650=ORIENTED_EDGE('',*,*,#2874,.F.);
#3651=ORIENTED_EDGE('',*,*,#2875,.F.);
#3652=ORIENTED_EDGE('',*,*,#2874,.T.);
#3653=ORIENTED_EDGE('',*,*,#2876,.T.);
#3654=ORIENTED_EDGE('',*,*,#2877,.F.);
#3655=ORIENTED_EDGE('',*,*,#2878,.F.);
#3656=ORIENTED_EDGE('',*,*,#2877,.T.);
#3657=ORIENTED_EDGE('',*,*,#2879,.T.);
#3658=ORIENTED_EDGE('',*,*,#2880,.F.);
#3659=ORIENTED_EDGE('',*,*,#2881,.F.);
#3660=ORIENTED_EDGE('',*,*,#2880,.T.);
#3661=ORIENTED_EDGE('',*,*,#2882,.T.);
#3662=ORIENTED_EDGE('',*,*,#2872,.F.);
#3663=ORIENTED_EDGE('',*,*,#2881,.T.);
#3664=ORIENTED_EDGE('',*,*,#2871,.T.);
#3665=ORIENTED_EDGE('',*,*,#2875,.T.);
#3666=ORIENTED_EDGE('',*,*,#2878,.T.);
#3667=ORIENTED_EDGE('',*,*,#2869,.F.);
#3668=ORIENTED_EDGE('',*,*,#2859,.F.);
#3669=ORIENTED_EDGE('',*,*,#2863,.F.);
#3670=ORIENTED_EDGE('',*,*,#2866,.F.);
#3671=ORIENTED_EDGE('',*,*,#2883,.T.);
#3672=ORIENTED_EDGE('',*,*,#2884,.T.);
#3673=ORIENTED_EDGE('',*,*,#2885,.F.);
#3674=ORIENTED_EDGE('',*,*,#2886,.F.);
#3675=ORIENTED_EDGE('',*,*,#2887,.T.);
#3676=ORIENTED_EDGE('',*,*,#2886,.T.);
#3677=ORIENTED_EDGE('',*,*,#2888,.F.);
#3678=ORIENTED_EDGE('',*,*,#2889,.F.);
#3679=ORIENTED_EDGE('',*,*,#2890,.T.);
#3680=ORIENTED_EDGE('',*,*,#2889,.T.);
#3681=ORIENTED_EDGE('',*,*,#2891,.F.);
#3682=ORIENTED_EDGE('',*,*,#2892,.F.);
#3683=ORIENTED_EDGE('',*,*,#2893,.T.);
#3684=ORIENTED_EDGE('',*,*,#2892,.T.);
#3685=ORIENTED_EDGE('',*,*,#2894,.F.);
#3686=ORIENTED_EDGE('',*,*,#2884,.F.);
#3687=ORIENTED_EDGE('',*,*,#2895,.F.);
#3688=ORIENTED_EDGE('',*,*,#2896,.T.);
#3689=ORIENTED_EDGE('',*,*,#2897,.T.);
#3690=ORIENTED_EDGE('',*,*,#2898,.F.);
#3691=ORIENTED_EDGE('',*,*,#2899,.F.);
#3692=ORIENTED_EDGE('',*,*,#2898,.T.);
#3693=ORIENTED_EDGE('',*,*,#2900,.T.);
#3694=ORIENTED_EDGE('',*,*,#2901,.F.);
#3695=ORIENTED_EDGE('',*,*,#2902,.F.);
#3696=ORIENTED_EDGE('',*,*,#2901,.T.);
#3697=ORIENTED_EDGE('',*,*,#2903,.T.);
#3698=ORIENTED_EDGE('',*,*,#2904,.F.);
#3699=ORIENTED_EDGE('',*,*,#2905,.F.);
#3700=ORIENTED_EDGE('',*,*,#2904,.T.);
#3701=ORIENTED_EDGE('',*,*,#2906,.T.);
#3702=ORIENTED_EDGE('',*,*,#2896,.F.);
#3703=ORIENTED_EDGE('',*,*,#2905,.T.);
#3704=ORIENTED_EDGE('',*,*,#2895,.T.);
#3705=ORIENTED_EDGE('',*,*,#2899,.T.);
#3706=ORIENTED_EDGE('',*,*,#2902,.T.);
#3707=ORIENTED_EDGE('',*,*,#2893,.F.);
#3708=ORIENTED_EDGE('',*,*,#2883,.F.);
#3709=ORIENTED_EDGE('',*,*,#2887,.F.);
#3710=ORIENTED_EDGE('',*,*,#2890,.F.);
#3711=ORIENTED_EDGE('',*,*,#2907,.T.);
#3712=ORIENTED_EDGE('',*,*,#2908,.T.);
#3713=ORIENTED_EDGE('',*,*,#2909,.F.);
#3714=ORIENTED_EDGE('',*,*,#2910,.F.);
#3715=ORIENTED_EDGE('',*,*,#2911,.T.);
#3716=ORIENTED_EDGE('',*,*,#2910,.T.);
#3717=ORIENTED_EDGE('',*,*,#2912,.F.);
#3718=ORIENTED_EDGE('',*,*,#2913,.F.);
#3719=ORIENTED_EDGE('',*,*,#2914,.T.);
#3720=ORIENTED_EDGE('',*,*,#2913,.T.);
#3721=ORIENTED_EDGE('',*,*,#2915,.F.);
#3722=ORIENTED_EDGE('',*,*,#2916,.F.);
#3723=ORIENTED_EDGE('',*,*,#2917,.T.);
#3724=ORIENTED_EDGE('',*,*,#2916,.T.);
#3725=ORIENTED_EDGE('',*,*,#2918,.F.);
#3726=ORIENTED_EDGE('',*,*,#2908,.F.);
#3727=ORIENTED_EDGE('',*,*,#2919,.F.);
#3728=ORIENTED_EDGE('',*,*,#2920,.T.);
#3729=ORIENTED_EDGE('',*,*,#2921,.T.);
#3730=ORIENTED_EDGE('',*,*,#2922,.F.);
#3731=ORIENTED_EDGE('',*,*,#2923,.F.);
#3732=ORIENTED_EDGE('',*,*,#2922,.T.);
#3733=ORIENTED_EDGE('',*,*,#2924,.T.);
#3734=ORIENTED_EDGE('',*,*,#2925,.F.);
#3735=ORIENTED_EDGE('',*,*,#2926,.F.);
#3736=ORIENTED_EDGE('',*,*,#2925,.T.);
#3737=ORIENTED_EDGE('',*,*,#2927,.T.);
#3738=ORIENTED_EDGE('',*,*,#2928,.F.);
#3739=ORIENTED_EDGE('',*,*,#2929,.F.);
#3740=ORIENTED_EDGE('',*,*,#2928,.T.);
#3741=ORIENTED_EDGE('',*,*,#2930,.T.);
#3742=ORIENTED_EDGE('',*,*,#2920,.F.);
#3743=ORIENTED_EDGE('',*,*,#2929,.T.);
#3744=ORIENTED_EDGE('',*,*,#2919,.T.);
#3745=ORIENTED_EDGE('',*,*,#2923,.T.);
#3746=ORIENTED_EDGE('',*,*,#2926,.T.);
#3747=ORIENTED_EDGE('',*,*,#2917,.F.);
#3748=ORIENTED_EDGE('',*,*,#2907,.F.);
#3749=ORIENTED_EDGE('',*,*,#2911,.F.);
#3750=ORIENTED_EDGE('',*,*,#2914,.F.);
#3751=ORIENTED_EDGE('',*,*,#2931,.T.);
#3752=ORIENTED_EDGE('',*,*,#2932,.T.);
#3753=ORIENTED_EDGE('',*,*,#2933,.F.);
#3754=ORIENTED_EDGE('',*,*,#2934,.F.);
#3755=ORIENTED_EDGE('',*,*,#2935,.T.);
#3756=ORIENTED_EDGE('',*,*,#2934,.T.);
#3757=ORIENTED_EDGE('',*,*,#2936,.F.);
#3758=ORIENTED_EDGE('',*,*,#2937,.F.);
#3759=ORIENTED_EDGE('',*,*,#2938,.T.);
#3760=ORIENTED_EDGE('',*,*,#2937,.T.);
#3761=ORIENTED_EDGE('',*,*,#2939,.F.);
#3762=ORIENTED_EDGE('',*,*,#2940,.F.);
#3763=ORIENTED_EDGE('',*,*,#2941,.T.);
#3764=ORIENTED_EDGE('',*,*,#2940,.T.);
#3765=ORIENTED_EDGE('',*,*,#2942,.F.);
#3766=ORIENTED_EDGE('',*,*,#2932,.F.);
#3767=ORIENTED_EDGE('',*,*,#2943,.F.);
#3768=ORIENTED_EDGE('',*,*,#2944,.T.);
#3769=ORIENTED_EDGE('',*,*,#2945,.T.);
#3770=ORIENTED_EDGE('',*,*,#2946,.F.);
#3771=ORIENTED_EDGE('',*,*,#2947,.F.);
#3772=ORIENTED_EDGE('',*,*,#2946,.T.);
#3773=ORIENTED_EDGE('',*,*,#2948,.T.);
#3774=ORIENTED_EDGE('',*,*,#2949,.F.);
#3775=ORIENTED_EDGE('',*,*,#2950,.F.);
#3776=ORIENTED_EDGE('',*,*,#2949,.T.);
#3777=ORIENTED_EDGE('',*,*,#2951,.T.);
#3778=ORIENTED_EDGE('',*,*,#2952,.F.);
#3779=ORIENTED_EDGE('',*,*,#2953,.F.);
#3780=ORIENTED_EDGE('',*,*,#2952,.T.);
#3781=ORIENTED_EDGE('',*,*,#2954,.T.);
#3782=ORIENTED_EDGE('',*,*,#2944,.F.);
#3783=ORIENTED_EDGE('',*,*,#2953,.T.);
#3784=ORIENTED_EDGE('',*,*,#2943,.T.);
#3785=ORIENTED_EDGE('',*,*,#2947,.T.);
#3786=ORIENTED_EDGE('',*,*,#2950,.T.);
#3787=ORIENTED_EDGE('',*,*,#2941,.F.);
#3788=ORIENTED_EDGE('',*,*,#2931,.F.);
#3789=ORIENTED_EDGE('',*,*,#2935,.F.);
#3790=ORIENTED_EDGE('',*,*,#2938,.F.);
#3791=ORIENTED_EDGE('',*,*,#2955,.T.);
#3792=ORIENTED_EDGE('',*,*,#2956,.T.);
#3793=ORIENTED_EDGE('',*,*,#2957,.F.);
#3794=ORIENTED_EDGE('',*,*,#2958,.F.);
#3795=ORIENTED_EDGE('',*,*,#2959,.T.);
#3796=ORIENTED_EDGE('',*,*,#2958,.T.);
#3797=ORIENTED_EDGE('',*,*,#2960,.F.);
#3798=ORIENTED_EDGE('',*,*,#2961,.F.);
#3799=ORIENTED_EDGE('',*,*,#2962,.T.);
#3800=ORIENTED_EDGE('',*,*,#2961,.T.);
#3801=ORIENTED_EDGE('',*,*,#2963,.F.);
#3802=ORIENTED_EDGE('',*,*,#2964,.F.);
#3803=ORIENTED_EDGE('',*,*,#2965,.T.);
#3804=ORIENTED_EDGE('',*,*,#2964,.T.);
#3805=ORIENTED_EDGE('',*,*,#2966,.F.);
#3806=ORIENTED_EDGE('',*,*,#2956,.F.);
#3807=ORIENTED_EDGE('',*,*,#2967,.F.);
#3808=ORIENTED_EDGE('',*,*,#2968,.T.);
#3809=ORIENTED_EDGE('',*,*,#2969,.T.);
#3810=ORIENTED_EDGE('',*,*,#2970,.F.);
#3811=ORIENTED_EDGE('',*,*,#2971,.F.);
#3812=ORIENTED_EDGE('',*,*,#2970,.T.);
#3813=ORIENTED_EDGE('',*,*,#2972,.T.);
#3814=ORIENTED_EDGE('',*,*,#2973,.F.);
#3815=ORIENTED_EDGE('',*,*,#2974,.F.);
#3816=ORIENTED_EDGE('',*,*,#2973,.T.);
#3817=ORIENTED_EDGE('',*,*,#2975,.T.);
#3818=ORIENTED_EDGE('',*,*,#2976,.F.);
#3819=ORIENTED_EDGE('',*,*,#2977,.F.);
#3820=ORIENTED_EDGE('',*,*,#2976,.T.);
#3821=ORIENTED_EDGE('',*,*,#2978,.T.);
#3822=ORIENTED_EDGE('',*,*,#2968,.F.);
#3823=ORIENTED_EDGE('',*,*,#2977,.T.);
#3824=ORIENTED_EDGE('',*,*,#2967,.T.);
#3825=ORIENTED_EDGE('',*,*,#2971,.T.);
#3826=ORIENTED_EDGE('',*,*,#2974,.T.);
#3827=ORIENTED_EDGE('',*,*,#2965,.F.);
#3828=ORIENTED_EDGE('',*,*,#2955,.F.);
#3829=ORIENTED_EDGE('',*,*,#2959,.F.);
#3830=ORIENTED_EDGE('',*,*,#2962,.F.);
#3831=ORIENTED_EDGE('',*,*,#2979,.T.);
#3832=ORIENTED_EDGE('',*,*,#2980,.T.);
#3833=ORIENTED_EDGE('',*,*,#2981,.F.);
#3834=ORIENTED_EDGE('',*,*,#2982,.F.);
#3835=ORIENTED_EDGE('',*,*,#2983,.T.);
#3836=ORIENTED_EDGE('',*,*,#2982,.T.);
#3837=ORIENTED_EDGE('',*,*,#2984,.F.);
#3838=ORIENTED_EDGE('',*,*,#2985,.F.);
#3839=ORIENTED_EDGE('',*,*,#2986,.T.);
#3840=ORIENTED_EDGE('',*,*,#2985,.T.);
#3841=ORIENTED_EDGE('',*,*,#2987,.F.);
#3842=ORIENTED_EDGE('',*,*,#2988,.F.);
#3843=ORIENTED_EDGE('',*,*,#2989,.T.);
#3844=ORIENTED_EDGE('',*,*,#2988,.T.);
#3845=ORIENTED_EDGE('',*,*,#2990,.F.);
#3846=ORIENTED_EDGE('',*,*,#2980,.F.);
#3847=ORIENTED_EDGE('',*,*,#2991,.F.);
#3848=ORIENTED_EDGE('',*,*,#2992,.T.);
#3849=ORIENTED_EDGE('',*,*,#2993,.T.);
#3850=ORIENTED_EDGE('',*,*,#2994,.F.);
#3851=ORIENTED_EDGE('',*,*,#2995,.F.);
#3852=ORIENTED_EDGE('',*,*,#2994,.T.);
#3853=ORIENTED_EDGE('',*,*,#2996,.T.);
#3854=ORIENTED_EDGE('',*,*,#2997,.F.);
#3855=ORIENTED_EDGE('',*,*,#2998,.F.);
#3856=ORIENTED_EDGE('',*,*,#2997,.T.);
#3857=ORIENTED_EDGE('',*,*,#2999,.T.);
#3858=ORIENTED_EDGE('',*,*,#3000,.F.);
#3859=ORIENTED_EDGE('',*,*,#3001,.F.);
#3860=ORIENTED_EDGE('',*,*,#3000,.T.);
#3861=ORIENTED_EDGE('',*,*,#3002,.T.);
#3862=ORIENTED_EDGE('',*,*,#2992,.F.);
#3863=ORIENTED_EDGE('',*,*,#3001,.T.);
#3864=ORIENTED_EDGE('',*,*,#2991,.T.);
#3865=ORIENTED_EDGE('',*,*,#2995,.T.);
#3866=ORIENTED_EDGE('',*,*,#2998,.T.);
#3867=ORIENTED_EDGE('',*,*,#2989,.F.);
#3868=ORIENTED_EDGE('',*,*,#2979,.F.);
#3869=ORIENTED_EDGE('',*,*,#2983,.F.);
#3870=ORIENTED_EDGE('',*,*,#2986,.F.);
#3871=ORIENTED_EDGE('',*,*,#3003,.T.);
#3872=ORIENTED_EDGE('',*,*,#3004,.T.);
#3873=ORIENTED_EDGE('',*,*,#3005,.F.);
#3874=ORIENTED_EDGE('',*,*,#3006,.F.);
#3875=ORIENTED_EDGE('',*,*,#3007,.T.);
#3876=ORIENTED_EDGE('',*,*,#3006,.T.);
#3877=ORIENTED_EDGE('',*,*,#3008,.F.);
#3878=ORIENTED_EDGE('',*,*,#3009,.F.);
#3879=ORIENTED_EDGE('',*,*,#3010,.T.);
#3880=ORIENTED_EDGE('',*,*,#3009,.T.);
#3881=ORIENTED_EDGE('',*,*,#3011,.F.);
#3882=ORIENTED_EDGE('',*,*,#3012,.F.);
#3883=ORIENTED_EDGE('',*,*,#3013,.T.);
#3884=ORIENTED_EDGE('',*,*,#3012,.T.);
#3885=ORIENTED_EDGE('',*,*,#3014,.F.);
#3886=ORIENTED_EDGE('',*,*,#3004,.F.);
#3887=ORIENTED_EDGE('',*,*,#3015,.F.);
#3888=ORIENTED_EDGE('',*,*,#3016,.T.);
#3889=ORIENTED_EDGE('',*,*,#3017,.T.);
#3890=ORIENTED_EDGE('',*,*,#3018,.F.);
#3891=ORIENTED_EDGE('',*,*,#3019,.F.);
#3892=ORIENTED_EDGE('',*,*,#3018,.T.);
#3893=ORIENTED_EDGE('',*,*,#3020,.T.);
#3894=ORIENTED_EDGE('',*,*,#3021,.F.);
#3895=ORIENTED_EDGE('',*,*,#3022,.F.);
#3896=ORIENTED_EDGE('',*,*,#3021,.T.);
#3897=ORIENTED_EDGE('',*,*,#3023,.T.);
#3898=ORIENTED_EDGE('',*,*,#3024,.F.);
#3899=ORIENTED_EDGE('',*,*,#3025,.F.);
#3900=ORIENTED_EDGE('',*,*,#3024,.T.);
#3901=ORIENTED_EDGE('',*,*,#3026,.T.);
#3902=ORIENTED_EDGE('',*,*,#3016,.F.);
#3903=ORIENTED_EDGE('',*,*,#3025,.T.);
#3904=ORIENTED_EDGE('',*,*,#3015,.T.);
#3905=ORIENTED_EDGE('',*,*,#3019,.T.);
#3906=ORIENTED_EDGE('',*,*,#3022,.T.);
#3907=ORIENTED_EDGE('',*,*,#3013,.F.);
#3908=ORIENTED_EDGE('',*,*,#3003,.F.);
#3909=ORIENTED_EDGE('',*,*,#3007,.F.);
#3910=ORIENTED_EDGE('',*,*,#3010,.F.);
#3911=ORIENTED_EDGE('',*,*,#3027,.T.);
#3912=ORIENTED_EDGE('',*,*,#3028,.T.);
#3913=ORIENTED_EDGE('',*,*,#3029,.F.);
#3914=ORIENTED_EDGE('',*,*,#3030,.F.);
#3915=ORIENTED_EDGE('',*,*,#3031,.T.);
#3916=ORIENTED_EDGE('',*,*,#3030,.T.);
#3917=ORIENTED_EDGE('',*,*,#3032,.F.);
#3918=ORIENTED_EDGE('',*,*,#3033,.F.);
#3919=ORIENTED_EDGE('',*,*,#3034,.T.);
#3920=ORIENTED_EDGE('',*,*,#3033,.T.);
#3921=ORIENTED_EDGE('',*,*,#3035,.F.);
#3922=ORIENTED_EDGE('',*,*,#3036,.F.);
#3923=ORIENTED_EDGE('',*,*,#3037,.T.);
#3924=ORIENTED_EDGE('',*,*,#3036,.T.);
#3925=ORIENTED_EDGE('',*,*,#3038,.F.);
#3926=ORIENTED_EDGE('',*,*,#3028,.F.);
#3927=ORIENTED_EDGE('',*,*,#3039,.F.);
#3928=ORIENTED_EDGE('',*,*,#3040,.T.);
#3929=ORIENTED_EDGE('',*,*,#3041,.T.);
#3930=ORIENTED_EDGE('',*,*,#3042,.F.);
#3931=ORIENTED_EDGE('',*,*,#3043,.F.);
#3932=ORIENTED_EDGE('',*,*,#3042,.T.);
#3933=ORIENTED_EDGE('',*,*,#3044,.T.);
#3934=ORIENTED_EDGE('',*,*,#3045,.F.);
#3935=ORIENTED_EDGE('',*,*,#3046,.F.);
#3936=ORIENTED_EDGE('',*,*,#3045,.T.);
#3937=ORIENTED_EDGE('',*,*,#3047,.T.);
#3938=ORIENTED_EDGE('',*,*,#3048,.F.);
#3939=ORIENTED_EDGE('',*,*,#3049,.F.);
#3940=ORIENTED_EDGE('',*,*,#3048,.T.);
#3941=ORIENTED_EDGE('',*,*,#3050,.T.);
#3942=ORIENTED_EDGE('',*,*,#3040,.F.);
#3943=ORIENTED_EDGE('',*,*,#3049,.T.);
#3944=ORIENTED_EDGE('',*,*,#3039,.T.);
#3945=ORIENTED_EDGE('',*,*,#3043,.T.);
#3946=ORIENTED_EDGE('',*,*,#3046,.T.);
#3947=ORIENTED_EDGE('',*,*,#3037,.F.);
#3948=ORIENTED_EDGE('',*,*,#3027,.F.);
#3949=ORIENTED_EDGE('',*,*,#3031,.F.);
#3950=ORIENTED_EDGE('',*,*,#3034,.F.);
#3951=ORIENTED_EDGE('',*,*,#3051,.T.);
#3952=ORIENTED_EDGE('',*,*,#3052,.T.);
#3953=ORIENTED_EDGE('',*,*,#3053,.F.);
#3954=ORIENTED_EDGE('',*,*,#3054,.F.);
#3955=ORIENTED_EDGE('',*,*,#3055,.T.);
#3956=ORIENTED_EDGE('',*,*,#3054,.T.);
#3957=ORIENTED_EDGE('',*,*,#3056,.F.);
#3958=ORIENTED_EDGE('',*,*,#3057,.F.);
#3959=ORIENTED_EDGE('',*,*,#3058,.T.);
#3960=ORIENTED_EDGE('',*,*,#3057,.T.);
#3961=ORIENTED_EDGE('',*,*,#3059,.F.);
#3962=ORIENTED_EDGE('',*,*,#3060,.F.);
#3963=ORIENTED_EDGE('',*,*,#3061,.T.);
#3964=ORIENTED_EDGE('',*,*,#3060,.T.);
#3965=ORIENTED_EDGE('',*,*,#3062,.F.);
#3966=ORIENTED_EDGE('',*,*,#3052,.F.);
#3967=ORIENTED_EDGE('',*,*,#3063,.F.);
#3968=ORIENTED_EDGE('',*,*,#3064,.T.);
#3969=ORIENTED_EDGE('',*,*,#3065,.T.);
#3970=ORIENTED_EDGE('',*,*,#3066,.F.);
#3971=ORIENTED_EDGE('',*,*,#3067,.F.);
#3972=ORIENTED_EDGE('',*,*,#3066,.T.);
#3973=ORIENTED_EDGE('',*,*,#3068,.T.);
#3974=ORIENTED_EDGE('',*,*,#3069,.F.);
#3975=ORIENTED_EDGE('',*,*,#3070,.F.);
#3976=ORIENTED_EDGE('',*,*,#3069,.T.);
#3977=ORIENTED_EDGE('',*,*,#3071,.T.);
#3978=ORIENTED_EDGE('',*,*,#3072,.F.);
#3979=ORIENTED_EDGE('',*,*,#3073,.F.);
#3980=ORIENTED_EDGE('',*,*,#3072,.T.);
#3981=ORIENTED_EDGE('',*,*,#3074,.T.);
#3982=ORIENTED_EDGE('',*,*,#3064,.F.);
#3983=ORIENTED_EDGE('',*,*,#3073,.T.);
#3984=ORIENTED_EDGE('',*,*,#3063,.T.);
#3985=ORIENTED_EDGE('',*,*,#3067,.T.);
#3986=ORIENTED_EDGE('',*,*,#3070,.T.);
#3987=ORIENTED_EDGE('',*,*,#3061,.F.);
#3988=ORIENTED_EDGE('',*,*,#3051,.F.);
#3989=ORIENTED_EDGE('',*,*,#3055,.F.);
#3990=ORIENTED_EDGE('',*,*,#3058,.F.);
#3991=ORIENTED_EDGE('',*,*,#3075,.T.);
#3992=ORIENTED_EDGE('',*,*,#3076,.T.);
#3993=ORIENTED_EDGE('',*,*,#3077,.F.);
#3994=ORIENTED_EDGE('',*,*,#3078,.F.);
#3995=ORIENTED_EDGE('',*,*,#3079,.T.);
#3996=ORIENTED_EDGE('',*,*,#3078,.T.);
#3997=ORIENTED_EDGE('',*,*,#3080,.F.);
#3998=ORIENTED_EDGE('',*,*,#3081,.F.);
#3999=ORIENTED_EDGE('',*,*,#3082,.T.);
#4000=ORIENTED_EDGE('',*,*,#3081,.T.);
#4001=ORIENTED_EDGE('',*,*,#3083,.F.);
#4002=ORIENTED_EDGE('',*,*,#3084,.F.);
#4003=ORIENTED_EDGE('',*,*,#3085,.T.);
#4004=ORIENTED_EDGE('',*,*,#3084,.T.);
#4005=ORIENTED_EDGE('',*,*,#3086,.F.);
#4006=ORIENTED_EDGE('',*,*,#3076,.F.);
#4007=ORIENTED_EDGE('',*,*,#3087,.F.);
#4008=ORIENTED_EDGE('',*,*,#3088,.T.);
#4009=ORIENTED_EDGE('',*,*,#3089,.T.);
#4010=ORIENTED_EDGE('',*,*,#3090,.F.);
#4011=ORIENTED_EDGE('',*,*,#3091,.F.);
#4012=ORIENTED_EDGE('',*,*,#3090,.T.);
#4013=ORIENTED_EDGE('',*,*,#3092,.T.);
#4014=ORIENTED_EDGE('',*,*,#3093,.F.);
#4015=ORIENTED_EDGE('',*,*,#3094,.F.);
#4016=ORIENTED_EDGE('',*,*,#3093,.T.);
#4017=ORIENTED_EDGE('',*,*,#3095,.T.);
#4018=ORIENTED_EDGE('',*,*,#3096,.F.);
#4019=ORIENTED_EDGE('',*,*,#3097,.F.);
#4020=ORIENTED_EDGE('',*,*,#3096,.T.);
#4021=ORIENTED_EDGE('',*,*,#3098,.T.);
#4022=ORIENTED_EDGE('',*,*,#3088,.F.);
#4023=ORIENTED_EDGE('',*,*,#3097,.T.);
#4024=ORIENTED_EDGE('',*,*,#3087,.T.);
#4025=ORIENTED_EDGE('',*,*,#3091,.T.);
#4026=ORIENTED_EDGE('',*,*,#3094,.T.);
#4027=ORIENTED_EDGE('',*,*,#3085,.F.);
#4028=ORIENTED_EDGE('',*,*,#3075,.F.);
#4029=ORIENTED_EDGE('',*,*,#3079,.F.);
#4030=ORIENTED_EDGE('',*,*,#3082,.F.);
#4031=ORIENTED_EDGE('',*,*,#3099,.T.);
#4032=ORIENTED_EDGE('',*,*,#3100,.T.);
#4033=ORIENTED_EDGE('',*,*,#3101,.F.);
#4034=ORIENTED_EDGE('',*,*,#3102,.F.);
#4035=ORIENTED_EDGE('',*,*,#3103,.T.);
#4036=ORIENTED_EDGE('',*,*,#3102,.T.);
#4037=ORIENTED_EDGE('',*,*,#3104,.F.);
#4038=ORIENTED_EDGE('',*,*,#3105,.F.);
#4039=ORIENTED_EDGE('',*,*,#3106,.T.);
#4040=ORIENTED_EDGE('',*,*,#3105,.T.);
#4041=ORIENTED_EDGE('',*,*,#3107,.F.);
#4042=ORIENTED_EDGE('',*,*,#3108,.F.);
#4043=ORIENTED_EDGE('',*,*,#3109,.T.);
#4044=ORIENTED_EDGE('',*,*,#3108,.T.);
#4045=ORIENTED_EDGE('',*,*,#3110,.F.);
#4046=ORIENTED_EDGE('',*,*,#3100,.F.);
#4047=ORIENTED_EDGE('',*,*,#3111,.F.);
#4048=ORIENTED_EDGE('',*,*,#3112,.T.);
#4049=ORIENTED_EDGE('',*,*,#3113,.T.);
#4050=ORIENTED_EDGE('',*,*,#3114,.F.);
#4051=ORIENTED_EDGE('',*,*,#3115,.F.);
#4052=ORIENTED_EDGE('',*,*,#3114,.T.);
#4053=ORIENTED_EDGE('',*,*,#3116,.T.);
#4054=ORIENTED_EDGE('',*,*,#3117,.F.);
#4055=ORIENTED_EDGE('',*,*,#3118,.F.);
#4056=ORIENTED_EDGE('',*,*,#3117,.T.);
#4057=ORIENTED_EDGE('',*,*,#3119,.T.);
#4058=ORIENTED_EDGE('',*,*,#3120,.F.);
#4059=ORIENTED_EDGE('',*,*,#3121,.F.);
#4060=ORIENTED_EDGE('',*,*,#3120,.T.);
#4061=ORIENTED_EDGE('',*,*,#3122,.T.);
#4062=ORIENTED_EDGE('',*,*,#3112,.F.);
#4063=ORIENTED_EDGE('',*,*,#3121,.T.);
#4064=ORIENTED_EDGE('',*,*,#3111,.T.);
#4065=ORIENTED_EDGE('',*,*,#3115,.T.);
#4066=ORIENTED_EDGE('',*,*,#3118,.T.);
#4067=ORIENTED_EDGE('',*,*,#3109,.F.);
#4068=ORIENTED_EDGE('',*,*,#3099,.F.);
#4069=ORIENTED_EDGE('',*,*,#3103,.F.);
#4070=ORIENTED_EDGE('',*,*,#3106,.F.);
#4071=ORIENTED_EDGE('',*,*,#3123,.T.);
#4072=ORIENTED_EDGE('',*,*,#3124,.T.);
#4073=ORIENTED_EDGE('',*,*,#3125,.F.);
#4074=ORIENTED_EDGE('',*,*,#3126,.F.);
#4075=ORIENTED_EDGE('',*,*,#3127,.T.);
#4076=ORIENTED_EDGE('',*,*,#3126,.T.);
#4077=ORIENTED_EDGE('',*,*,#3128,.F.);
#4078=ORIENTED_EDGE('',*,*,#3129,.F.);
#4079=ORIENTED_EDGE('',*,*,#3130,.T.);
#4080=ORIENTED_EDGE('',*,*,#3129,.T.);
#4081=ORIENTED_EDGE('',*,*,#3131,.F.);
#4082=ORIENTED_EDGE('',*,*,#3132,.F.);
#4083=ORIENTED_EDGE('',*,*,#3133,.T.);
#4084=ORIENTED_EDGE('',*,*,#3132,.T.);
#4085=ORIENTED_EDGE('',*,*,#3134,.F.);
#4086=ORIENTED_EDGE('',*,*,#3124,.F.);
#4087=ORIENTED_EDGE('',*,*,#3135,.F.);
#4088=ORIENTED_EDGE('',*,*,#3136,.T.);
#4089=ORIENTED_EDGE('',*,*,#3137,.T.);
#4090=ORIENTED_EDGE('',*,*,#3138,.F.);
#4091=ORIENTED_EDGE('',*,*,#3139,.F.);
#4092=ORIENTED_EDGE('',*,*,#3138,.T.);
#4093=ORIENTED_EDGE('',*,*,#3140,.T.);
#4094=ORIENTED_EDGE('',*,*,#3141,.F.);
#4095=ORIENTED_EDGE('',*,*,#3142,.F.);
#4096=ORIENTED_EDGE('',*,*,#3141,.T.);
#4097=ORIENTED_EDGE('',*,*,#3143,.T.);
#4098=ORIENTED_EDGE('',*,*,#3144,.F.);
#4099=ORIENTED_EDGE('',*,*,#3145,.F.);
#4100=ORIENTED_EDGE('',*,*,#3144,.T.);
#4101=ORIENTED_EDGE('',*,*,#3146,.T.);
#4102=ORIENTED_EDGE('',*,*,#3136,.F.);
#4103=ORIENTED_EDGE('',*,*,#3145,.T.);
#4104=ORIENTED_EDGE('',*,*,#3135,.T.);
#4105=ORIENTED_EDGE('',*,*,#3139,.T.);
#4106=ORIENTED_EDGE('',*,*,#3142,.T.);
#4107=ORIENTED_EDGE('',*,*,#3133,.F.);
#4108=ORIENTED_EDGE('',*,*,#3123,.F.);
#4109=ORIENTED_EDGE('',*,*,#3127,.F.);
#4110=ORIENTED_EDGE('',*,*,#3130,.F.);
#4111=ORIENTED_EDGE('',*,*,#3147,.T.);
#4112=ORIENTED_EDGE('',*,*,#3148,.T.);
#4113=ORIENTED_EDGE('',*,*,#3149,.F.);
#4114=ORIENTED_EDGE('',*,*,#3150,.F.);
#4115=ORIENTED_EDGE('',*,*,#3151,.T.);
#4116=ORIENTED_EDGE('',*,*,#3150,.T.);
#4117=ORIENTED_EDGE('',*,*,#3152,.F.);
#4118=ORIENTED_EDGE('',*,*,#3153,.F.);
#4119=ORIENTED_EDGE('',*,*,#3154,.T.);
#4120=ORIENTED_EDGE('',*,*,#3153,.T.);
#4121=ORIENTED_EDGE('',*,*,#3155,.F.);
#4122=ORIENTED_EDGE('',*,*,#3156,.F.);
#4123=ORIENTED_EDGE('',*,*,#3157,.T.);
#4124=ORIENTED_EDGE('',*,*,#3156,.T.);
#4125=ORIENTED_EDGE('',*,*,#3158,.F.);
#4126=ORIENTED_EDGE('',*,*,#3148,.F.);
#4127=ORIENTED_EDGE('',*,*,#3159,.F.);
#4128=ORIENTED_EDGE('',*,*,#3160,.T.);
#4129=ORIENTED_EDGE('',*,*,#3161,.T.);
#4130=ORIENTED_EDGE('',*,*,#3162,.F.);
#4131=ORIENTED_EDGE('',*,*,#3163,.F.);
#4132=ORIENTED_EDGE('',*,*,#3162,.T.);
#4133=ORIENTED_EDGE('',*,*,#3164,.T.);
#4134=ORIENTED_EDGE('',*,*,#3165,.F.);
#4135=ORIENTED_EDGE('',*,*,#3166,.F.);
#4136=ORIENTED_EDGE('',*,*,#3165,.T.);
#4137=ORIENTED_EDGE('',*,*,#3167,.T.);
#4138=ORIENTED_EDGE('',*,*,#3168,.F.);
#4139=ORIENTED_EDGE('',*,*,#3169,.F.);
#4140=ORIENTED_EDGE('',*,*,#3168,.T.);
#4141=ORIENTED_EDGE('',*,*,#3170,.T.);
#4142=ORIENTED_EDGE('',*,*,#3160,.F.);
#4143=ORIENTED_EDGE('',*,*,#3169,.T.);
#4144=ORIENTED_EDGE('',*,*,#3159,.T.);
#4145=ORIENTED_EDGE('',*,*,#3163,.T.);
#4146=ORIENTED_EDGE('',*,*,#3166,.T.);
#4147=ORIENTED_EDGE('',*,*,#3157,.F.);
#4148=ORIENTED_EDGE('',*,*,#3147,.F.);
#4149=ORIENTED_EDGE('',*,*,#3151,.F.);
#4150=ORIENTED_EDGE('',*,*,#3154,.F.);
#4151=ORIENTED_EDGE('',*,*,#3171,.F.);
#4152=ORIENTED_EDGE('',*,*,#3172,.T.);
#4153=ORIENTED_EDGE('',*,*,#3173,.F.);
#4154=ORIENTED_EDGE('',*,*,#3174,.F.);
#4155=ORIENTED_EDGE('',*,*,#3175,.F.);
#4156=ORIENTED_EDGE('',*,*,#3176,.T.);
#4157=ORIENTED_EDGE('',*,*,#3177,.F.);
#4158=ORIENTED_EDGE('',*,*,#3172,.F.);
#4159=ORIENTED_EDGE('',*,*,#3178,.F.);
#4160=ORIENTED_EDGE('',*,*,#3174,.T.);
#4161=ORIENTED_EDGE('',*,*,#3179,.F.);
#4162=ORIENTED_EDGE('',*,*,#3180,.F.);
#4163=ORIENTED_EDGE('',*,*,#3181,.F.);
#4164=ORIENTED_EDGE('',*,*,#3180,.T.);
#4165=ORIENTED_EDGE('',*,*,#3182,.F.);
#4166=ORIENTED_EDGE('',*,*,#3176,.F.);
#4167=ORIENTED_EDGE('',*,*,#3177,.T.);
#4168=ORIENTED_EDGE('',*,*,#3182,.T.);
#4169=ORIENTED_EDGE('',*,*,#3179,.T.);
#4170=ORIENTED_EDGE('',*,*,#3173,.T.);
#4171=ORIENTED_EDGE('',*,*,#3183,.F.);
#4172=ORIENTED_EDGE('',*,*,#3184,.T.);
#4173=ORIENTED_EDGE('',*,*,#3185,.T.);
#4174=ORIENTED_EDGE('',*,*,#3184,.F.);
#4175=ORIENTED_EDGE('',*,*,#3186,.F.);
#4176=ORIENTED_EDGE('',*,*,#3187,.T.);
#4177=ORIENTED_EDGE('',*,*,#3188,.T.);
#4178=ORIENTED_EDGE('',*,*,#3187,.F.);
#4179=ORIENTED_EDGE('',*,*,#3189,.F.);
#4180=ORIENTED_EDGE('',*,*,#3190,.T.);
#4181=ORIENTED_EDGE('',*,*,#3191,.T.);
#4182=ORIENTED_EDGE('',*,*,#3190,.F.);
#4183=ORIENTED_EDGE('',*,*,#3192,.F.);
#4184=ORIENTED_EDGE('',*,*,#3193,.T.);
#4185=ORIENTED_EDGE('',*,*,#3194,.T.);
#4186=ORIENTED_EDGE('',*,*,#3193,.F.);
#4187=ORIENTED_EDGE('',*,*,#3195,.F.);
#4188=ORIENTED_EDGE('',*,*,#3196,.T.);
#4189=ORIENTED_EDGE('',*,*,#3197,.F.);
#4190=ORIENTED_EDGE('',*,*,#3198,.F.);
#4191=ORIENTED_EDGE('',*,*,#3199,.F.);
#4192=ORIENTED_EDGE('',*,*,#3198,.T.);
#4193=ORIENTED_EDGE('',*,*,#3200,.F.);
#4194=ORIENTED_EDGE('',*,*,#3201,.F.);
#4195=ORIENTED_EDGE('',*,*,#3202,.F.);
#4196=ORIENTED_EDGE('',*,*,#3201,.T.);
#4197=ORIENTED_EDGE('',*,*,#3203,.F.);
#4198=ORIENTED_EDGE('',*,*,#3204,.F.);
#4199=ORIENTED_EDGE('',*,*,#3205,.F.);
#4200=ORIENTED_EDGE('',*,*,#3204,.T.);
#4201=ORIENTED_EDGE('',*,*,#3206,.F.);
#4202=ORIENTED_EDGE('',*,*,#3196,.F.);
#4203=ORIENTED_EDGE('',*,*,#3206,.T.);
#4204=ORIENTED_EDGE('',*,*,#3203,.T.);
#4205=ORIENTED_EDGE('',*,*,#3200,.T.);
#4206=ORIENTED_EDGE('',*,*,#3197,.T.);
#4207=ORIENTED_EDGE('',*,*,#3207,.T.);
#4208=ORIENTED_EDGE('',*,*,#3208,.T.);
#4209=ORIENTED_EDGE('',*,*,#3209,.T.);
#4210=ORIENTED_EDGE('',*,*,#3210,.T.);
#4211=ORIENTED_EDGE('',*,*,#3211,.T.);
#4212=ORIENTED_EDGE('',*,*,#3212,.T.);
#4213=ORIENTED_EDGE('',*,*,#3213,.T.);
#4214=ORIENTED_EDGE('',*,*,#3214,.T.);
#4215=ORIENTED_EDGE('',*,*,#3215,.T.);
#4216=ORIENTED_EDGE('',*,*,#3216,.T.);
#4217=ORIENTED_EDGE('',*,*,#3217,.T.);
#4218=ORIENTED_EDGE('',*,*,#3218,.T.);
#4219=ORIENTED_EDGE('',*,*,#2846,.T.);
#4220=ORIENTED_EDGE('',*,*,#2843,.T.);
#4221=ORIENTED_EDGE('',*,*,#2840,.T.);
#4222=ORIENTED_EDGE('',*,*,#2837,.T.);
#4223=ORIENTED_EDGE('',*,*,#2870,.T.);
#4224=ORIENTED_EDGE('',*,*,#2867,.T.);
#4225=ORIENTED_EDGE('',*,*,#2864,.T.);
#4226=ORIENTED_EDGE('',*,*,#2861,.T.);
#4227=ORIENTED_EDGE('',*,*,#2894,.T.);
#4228=ORIENTED_EDGE('',*,*,#2891,.T.);
#4229=ORIENTED_EDGE('',*,*,#2888,.T.);
#4230=ORIENTED_EDGE('',*,*,#2885,.T.);
#4231=ORIENTED_EDGE('',*,*,#2918,.T.);
#4232=ORIENTED_EDGE('',*,*,#2915,.T.);
#4233=ORIENTED_EDGE('',*,*,#2912,.T.);
#4234=ORIENTED_EDGE('',*,*,#2909,.T.);
#4235=ORIENTED_EDGE('',*,*,#2942,.T.);
#4236=ORIENTED_EDGE('',*,*,#2939,.T.);
#4237=ORIENTED_EDGE('',*,*,#2936,.T.);
#4238=ORIENTED_EDGE('',*,*,#2933,.T.);
#4239=ORIENTED_EDGE('',*,*,#2966,.T.);
#4240=ORIENTED_EDGE('',*,*,#2963,.T.);
#4241=ORIENTED_EDGE('',*,*,#2960,.T.);
#4242=ORIENTED_EDGE('',*,*,#2957,.T.);
#4243=ORIENTED_EDGE('',*,*,#2990,.T.);
#4244=ORIENTED_EDGE('',*,*,#2987,.T.);
#4245=ORIENTED_EDGE('',*,*,#2984,.T.);
#4246=ORIENTED_EDGE('',*,*,#2981,.T.);
#4247=ORIENTED_EDGE('',*,*,#3014,.T.);
#4248=ORIENTED_EDGE('',*,*,#3011,.T.);
#4249=ORIENTED_EDGE('',*,*,#3008,.T.);
#4250=ORIENTED_EDGE('',*,*,#3005,.T.);
#4251=ORIENTED_EDGE('',*,*,#3038,.T.);
#4252=ORIENTED_EDGE('',*,*,#3035,.T.);
#4253=ORIENTED_EDGE('',*,*,#3032,.T.);
#4254=ORIENTED_EDGE('',*,*,#3029,.T.);
#4255=ORIENTED_EDGE('',*,*,#3062,.T.);
#4256=ORIENTED_EDGE('',*,*,#3059,.T.);
#4257=ORIENTED_EDGE('',*,*,#3056,.T.);
#4258=ORIENTED_EDGE('',*,*,#3053,.T.);
#4259=ORIENTED_EDGE('',*,*,#3086,.T.);
#4260=ORIENTED_EDGE('',*,*,#3083,.T.);
#4261=ORIENTED_EDGE('',*,*,#3080,.T.);
#4262=ORIENTED_EDGE('',*,*,#3077,.T.);
#4263=ORIENTED_EDGE('',*,*,#3110,.T.);
#4264=ORIENTED_EDGE('',*,*,#3107,.T.);
#4265=ORIENTED_EDGE('',*,*,#3104,.T.);
#4266=ORIENTED_EDGE('',*,*,#3101,.T.);
#4267=ORIENTED_EDGE('',*,*,#3134,.T.);
#4268=ORIENTED_EDGE('',*,*,#3131,.T.);
#4269=ORIENTED_EDGE('',*,*,#3128,.T.);
#4270=ORIENTED_EDGE('',*,*,#3125,.T.);
#4271=ORIENTED_EDGE('',*,*,#3219,.T.);
#4272=ORIENTED_EDGE('',*,*,#3220,.T.);
#4273=ORIENTED_EDGE('',*,*,#3221,.T.);
#4274=ORIENTED_EDGE('',*,*,#3222,.T.);
#4275=ORIENTED_EDGE('',*,*,#3158,.T.);
#4276=ORIENTED_EDGE('',*,*,#3155,.T.);
#4277=ORIENTED_EDGE('',*,*,#3152,.T.);
#4278=ORIENTED_EDGE('',*,*,#3149,.T.);
#4279=ORIENTED_EDGE('',*,*,#3223,.T.);
#4280=ORIENTED_EDGE('',*,*,#3224,.T.);
#4281=ORIENTED_EDGE('',*,*,#3225,.T.);
#4282=ORIENTED_EDGE('',*,*,#3226,.T.);
#4283=ORIENTED_EDGE('',*,*,#3227,.T.);
#4284=ORIENTED_EDGE('',*,*,#3228,.T.);
#4285=ORIENTED_EDGE('',*,*,#3229,.T.);
#4286=ORIENTED_EDGE('',*,*,#3230,.T.);
#4287=ORIENTED_EDGE('',*,*,#3192,.T.);
#4288=ORIENTED_EDGE('',*,*,#3175,.T.);
#4289=ORIENTED_EDGE('',*,*,#3171,.T.);
#4290=ORIENTED_EDGE('',*,*,#3178,.T.);
#4291=ORIENTED_EDGE('',*,*,#3181,.T.);
#4292=ORIENTED_EDGE('',*,*,#3189,.T.);
#4293=ORIENTED_EDGE('',*,*,#3186,.T.);
#4294=ORIENTED_EDGE('',*,*,#3183,.T.);
#4295=ORIENTED_EDGE('',*,*,#3205,.T.);
#4296=ORIENTED_EDGE('',*,*,#3195,.T.);
#4297=ORIENTED_EDGE('',*,*,#3199,.T.);
#4298=ORIENTED_EDGE('',*,*,#3202,.T.);
#4299=ORIENTED_EDGE('',*,*,#3231,.T.);
#4300=ORIENTED_EDGE('',*,*,#3232,.T.);
#4301=ORIENTED_EDGE('',*,*,#3233,.T.);
#4302=ORIENTED_EDGE('',*,*,#3234,.T.);
#4303=ORIENTED_EDGE('',*,*,#3194,.F.);
#4304=ORIENTED_EDGE('',*,*,#2882,.F.);
#4305=ORIENTED_EDGE('',*,*,#2879,.F.);
#4306=ORIENTED_EDGE('',*,*,#2876,.F.);
#4307=ORIENTED_EDGE('',*,*,#2873,.F.);
#4308=ORIENTED_EDGE('',*,*,#3026,.F.);
#4309=ORIENTED_EDGE('',*,*,#3023,.F.);
#4310=ORIENTED_EDGE('',*,*,#3020,.F.);
#4311=ORIENTED_EDGE('',*,*,#3017,.F.);
#4312=ORIENTED_EDGE('',*,*,#2954,.F.);
#4313=ORIENTED_EDGE('',*,*,#2951,.F.);
#4314=ORIENTED_EDGE('',*,*,#2948,.F.);
#4315=ORIENTED_EDGE('',*,*,#2945,.F.);
#4316=ORIENTED_EDGE('',*,*,#3098,.F.);
#4317=ORIENTED_EDGE('',*,*,#3095,.F.);
#4318=ORIENTED_EDGE('',*,*,#3092,.F.);
#4319=ORIENTED_EDGE('',*,*,#3089,.F.);
#4320=ORIENTED_EDGE('',*,*,#3050,.F.);
#4321=ORIENTED_EDGE('',*,*,#3047,.F.);
#4322=ORIENTED_EDGE('',*,*,#3044,.F.);
#4323=ORIENTED_EDGE('',*,*,#3041,.F.);
#4324=ORIENTED_EDGE('',*,*,#3235,.T.);
#4325=ORIENTED_EDGE('',*,*,#3236,.T.);
#4326=ORIENTED_EDGE('',*,*,#3237,.T.);
#4327=ORIENTED_EDGE('',*,*,#3238,.T.);
#4328=ORIENTED_EDGE('',*,*,#3074,.F.);
#4329=ORIENTED_EDGE('',*,*,#3071,.F.);
#4330=ORIENTED_EDGE('',*,*,#3068,.F.);
#4331=ORIENTED_EDGE('',*,*,#3065,.F.);
#4332=ORIENTED_EDGE('',*,*,#3170,.F.);
#4333=ORIENTED_EDGE('',*,*,#3167,.F.);
#4334=ORIENTED_EDGE('',*,*,#3164,.F.);
#4335=ORIENTED_EDGE('',*,*,#3161,.F.);
#4336=ORIENTED_EDGE('',*,*,#3239,.T.);
#4337=ORIENTED_EDGE('',*,*,#3240,.T.);
#4338=ORIENTED_EDGE('',*,*,#3241,.T.);
#4339=ORIENTED_EDGE('',*,*,#3242,.T.);
#4340=ORIENTED_EDGE('',*,*,#3243,.T.);
#4341=ORIENTED_EDGE('',*,*,#3244,.T.);
#4342=ORIENTED_EDGE('',*,*,#3245,.T.);
#4343=ORIENTED_EDGE('',*,*,#3246,.T.);
#4344=ORIENTED_EDGE('',*,*,#2930,.F.);
#4345=ORIENTED_EDGE('',*,*,#2927,.F.);
#4346=ORIENTED_EDGE('',*,*,#2924,.F.);
#4347=ORIENTED_EDGE('',*,*,#2921,.F.);
#4348=ORIENTED_EDGE('',*,*,#2978,.F.);
#4349=ORIENTED_EDGE('',*,*,#2975,.F.);
#4350=ORIENTED_EDGE('',*,*,#2972,.F.);
#4351=ORIENTED_EDGE('',*,*,#2969,.F.);
#4352=ORIENTED_EDGE('',*,*,#3002,.F.);
#4353=ORIENTED_EDGE('',*,*,#2999,.F.);
#4354=ORIENTED_EDGE('',*,*,#2996,.F.);
#4355=ORIENTED_EDGE('',*,*,#2993,.F.);
#4356=ORIENTED_EDGE('',*,*,#3247,.T.);
#4357=ORIENTED_EDGE('',*,*,#3248,.T.);
#4358=ORIENTED_EDGE('',*,*,#3249,.T.);
#4359=ORIENTED_EDGE('',*,*,#3250,.T.);
#4360=ORIENTED_EDGE('',*,*,#3191,.F.);
#4361=ORIENTED_EDGE('',*,*,#2906,.F.);
#4362=ORIENTED_EDGE('',*,*,#2903,.F.);
#4363=ORIENTED_EDGE('',*,*,#2900,.F.);
#4364=ORIENTED_EDGE('',*,*,#2897,.F.);
#4365=ORIENTED_EDGE('',*,*,#3146,.F.);
#4366=ORIENTED_EDGE('',*,*,#3143,.F.);
#4367=ORIENTED_EDGE('',*,*,#3140,.F.);
#4368=ORIENTED_EDGE('',*,*,#3137,.F.);
#4369=ORIENTED_EDGE('',*,*,#2858,.F.);
#4370=ORIENTED_EDGE('',*,*,#2855,.F.);
#4371=ORIENTED_EDGE('',*,*,#2852,.F.);
#4372=ORIENTED_EDGE('',*,*,#2849,.F.);
#4373=ORIENTED_EDGE('',*,*,#3188,.F.);
#4374=ORIENTED_EDGE('',*,*,#3251,.T.);
#4375=ORIENTED_EDGE('',*,*,#3252,.T.);
#4376=ORIENTED_EDGE('',*,*,#3253,.T.);
#4377=ORIENTED_EDGE('',*,*,#3254,.T.);
#4378=ORIENTED_EDGE('',*,*,#3122,.F.);
#4379=ORIENTED_EDGE('',*,*,#3119,.F.);
#4380=ORIENTED_EDGE('',*,*,#3116,.F.);
#4381=ORIENTED_EDGE('',*,*,#3113,.F.);
#4382=ORIENTED_EDGE('',*,*,#3185,.F.);
#4383=ORIENTED_EDGE('',*,*,#3255,.T.);
#4384=ORIENTED_EDGE('',*,*,#3256,.T.);
#4385=ORIENTED_EDGE('',*,*,#3230,.F.);
#4386=ORIENTED_EDGE('',*,*,#3257,.F.);
#4387=ORIENTED_EDGE('',*,*,#3258,.T.);
#4388=ORIENTED_EDGE('',*,*,#3257,.T.);
#4389=ORIENTED_EDGE('',*,*,#3229,.F.);
#4390=ORIENTED_EDGE('',*,*,#3259,.F.);
#4391=ORIENTED_EDGE('',*,*,#3260,.T.);
#4392=ORIENTED_EDGE('',*,*,#3259,.T.);
#4393=ORIENTED_EDGE('',*,*,#3228,.F.);
#4394=ORIENTED_EDGE('',*,*,#3261,.F.);
#4395=ORIENTED_EDGE('',*,*,#3262,.T.);
#4396=ORIENTED_EDGE('',*,*,#3261,.T.);
#4397=ORIENTED_EDGE('',*,*,#3227,.F.);
#4398=ORIENTED_EDGE('',*,*,#3256,.F.);
#4399=ORIENTED_EDGE('',*,*,#3263,.F.);
#4400=ORIENTED_EDGE('',*,*,#3264,.T.);
#4401=ORIENTED_EDGE('',*,*,#3242,.F.);
#4402=ORIENTED_EDGE('',*,*,#3265,.F.);
#4403=ORIENTED_EDGE('',*,*,#3266,.F.);
#4404=ORIENTED_EDGE('',*,*,#3265,.T.);
#4405=ORIENTED_EDGE('',*,*,#3241,.F.);
#4406=ORIENTED_EDGE('',*,*,#3267,.F.);
#4407=ORIENTED_EDGE('',*,*,#3268,.F.);
#4408=ORIENTED_EDGE('',*,*,#3267,.T.);
#4409=ORIENTED_EDGE('',*,*,#3240,.F.);
#4410=ORIENTED_EDGE('',*,*,#3269,.F.);
#4411=ORIENTED_EDGE('',*,*,#3270,.F.);
#4412=ORIENTED_EDGE('',*,*,#3269,.T.);
#4413=ORIENTED_EDGE('',*,*,#3239,.F.);
#4414=ORIENTED_EDGE('',*,*,#3264,.F.);
#4415=ORIENTED_EDGE('',*,*,#3270,.T.);
#4416=ORIENTED_EDGE('',*,*,#3263,.T.);
#4417=ORIENTED_EDGE('',*,*,#3266,.T.);
#4418=ORIENTED_EDGE('',*,*,#3268,.T.);
#4419=ORIENTED_EDGE('',*,*,#3262,.F.);
#4420=ORIENTED_EDGE('',*,*,#3255,.F.);
#4421=ORIENTED_EDGE('',*,*,#3258,.F.);
#4422=ORIENTED_EDGE('',*,*,#3260,.F.);
#4423=ORIENTED_EDGE('',*,*,#3271,.T.);
#4424=ORIENTED_EDGE('',*,*,#3272,.T.);
#4425=ORIENTED_EDGE('',*,*,#3226,.F.);
#4426=ORIENTED_EDGE('',*,*,#3273,.F.);
#4427=ORIENTED_EDGE('',*,*,#3274,.T.);
#4428=ORIENTED_EDGE('',*,*,#3273,.T.);
#4429=ORIENTED_EDGE('',*,*,#3225,.F.);
#4430=ORIENTED_EDGE('',*,*,#3275,.F.);
#4431=ORIENTED_EDGE('',*,*,#3276,.T.);
#4432=ORIENTED_EDGE('',*,*,#3275,.T.);
#4433=ORIENTED_EDGE('',*,*,#3224,.F.);
#4434=ORIENTED_EDGE('',*,*,#3277,.F.);
#4435=ORIENTED_EDGE('',*,*,#3278,.T.);
#4436=ORIENTED_EDGE('',*,*,#3277,.T.);
#4437=ORIENTED_EDGE('',*,*,#3223,.F.);
#4438=ORIENTED_EDGE('',*,*,#3272,.F.);
#4439=ORIENTED_EDGE('',*,*,#3279,.F.);
#4440=ORIENTED_EDGE('',*,*,#3280,.T.);
#4441=ORIENTED_EDGE('',*,*,#3234,.F.);
#4442=ORIENTED_EDGE('',*,*,#3281,.F.);
#4443=ORIENTED_EDGE('',*,*,#3282,.F.);
#4444=ORIENTED_EDGE('',*,*,#3281,.T.);
#4445=ORIENTED_EDGE('',*,*,#3233,.F.);
#4446=ORIENTED_EDGE('',*,*,#3283,.F.);
#4447=ORIENTED_EDGE('',*,*,#3284,.F.);
#4448=ORIENTED_EDGE('',*,*,#3283,.T.);
#4449=ORIENTED_EDGE('',*,*,#3232,.F.);
#4450=ORIENTED_EDGE('',*,*,#3285,.F.);
#4451=ORIENTED_EDGE('',*,*,#3286,.F.);
#4452=ORIENTED_EDGE('',*,*,#3285,.T.);
#4453=ORIENTED_EDGE('',*,*,#3231,.F.);
#4454=ORIENTED_EDGE('',*,*,#3280,.F.);
#4455=ORIENTED_EDGE('',*,*,#3286,.T.);
#4456=ORIENTED_EDGE('',*,*,#3279,.T.);
#4457=ORIENTED_EDGE('',*,*,#3282,.T.);
#4458=ORIENTED_EDGE('',*,*,#3284,.T.);
#4459=ORIENTED_EDGE('',*,*,#3278,.F.);
#4460=ORIENTED_EDGE('',*,*,#3271,.F.);
#4461=ORIENTED_EDGE('',*,*,#3274,.F.);
#4462=ORIENTED_EDGE('',*,*,#3276,.F.);
#4463=ORIENTED_EDGE('',*,*,#3287,.T.);
#4464=ORIENTED_EDGE('',*,*,#3288,.T.);
#4465=ORIENTED_EDGE('',*,*,#3222,.F.);
#4466=ORIENTED_EDGE('',*,*,#3289,.F.);
#4467=ORIENTED_EDGE('',*,*,#3290,.T.);
#4468=ORIENTED_EDGE('',*,*,#3289,.T.);
#4469=ORIENTED_EDGE('',*,*,#3221,.F.);
#4470=ORIENTED_EDGE('',*,*,#3291,.F.);
#4471=ORIENTED_EDGE('',*,*,#3292,.T.);
#4472=ORIENTED_EDGE('',*,*,#3291,.T.);
#4473=ORIENTED_EDGE('',*,*,#3220,.F.);
#4474=ORIENTED_EDGE('',*,*,#3293,.F.);
#4475=ORIENTED_EDGE('',*,*,#3294,.T.);
#4476=ORIENTED_EDGE('',*,*,#3293,.T.);
#4477=ORIENTED_EDGE('',*,*,#3219,.F.);
#4478=ORIENTED_EDGE('',*,*,#3288,.F.);
#4479=ORIENTED_EDGE('',*,*,#3295,.F.);
#4480=ORIENTED_EDGE('',*,*,#3296,.T.);
#4481=ORIENTED_EDGE('',*,*,#3254,.F.);
#4482=ORIENTED_EDGE('',*,*,#3297,.F.);
#4483=ORIENTED_EDGE('',*,*,#3298,.F.);
#4484=ORIENTED_EDGE('',*,*,#3297,.T.);
#4485=ORIENTED_EDGE('',*,*,#3253,.F.);
#4486=ORIENTED_EDGE('',*,*,#3299,.F.);
#4487=ORIENTED_EDGE('',*,*,#3300,.F.);
#4488=ORIENTED_EDGE('',*,*,#3299,.T.);
#4489=ORIENTED_EDGE('',*,*,#3252,.F.);
#4490=ORIENTED_EDGE('',*,*,#3301,.F.);
#4491=ORIENTED_EDGE('',*,*,#3302,.F.);
#4492=ORIENTED_EDGE('',*,*,#3301,.T.);
#4493=ORIENTED_EDGE('',*,*,#3251,.F.);
#4494=ORIENTED_EDGE('',*,*,#3296,.F.);
#4495=ORIENTED_EDGE('',*,*,#3302,.T.);
#4496=ORIENTED_EDGE('',*,*,#3295,.T.);
#4497=ORIENTED_EDGE('',*,*,#3298,.T.);
#4498=ORIENTED_EDGE('',*,*,#3300,.T.);
#4499=ORIENTED_EDGE('',*,*,#3294,.F.);
#4500=ORIENTED_EDGE('',*,*,#3287,.F.);
#4501=ORIENTED_EDGE('',*,*,#3290,.F.);
#4502=ORIENTED_EDGE('',*,*,#3292,.F.);
#4503=ORIENTED_EDGE('',*,*,#3303,.T.);
#4504=ORIENTED_EDGE('',*,*,#3304,.T.);
#4505=ORIENTED_EDGE('',*,*,#3218,.F.);
#4506=ORIENTED_EDGE('',*,*,#3305,.F.);
#4507=ORIENTED_EDGE('',*,*,#3306,.T.);
#4508=ORIENTED_EDGE('',*,*,#3305,.T.);
#4509=ORIENTED_EDGE('',*,*,#3217,.F.);
#4510=ORIENTED_EDGE('',*,*,#3307,.F.);
#4511=ORIENTED_EDGE('',*,*,#3308,.T.);
#4512=ORIENTED_EDGE('',*,*,#3307,.T.);
#4513=ORIENTED_EDGE('',*,*,#3216,.F.);
#4514=ORIENTED_EDGE('',*,*,#3309,.F.);
#4515=ORIENTED_EDGE('',*,*,#3310,.T.);
#4516=ORIENTED_EDGE('',*,*,#3309,.T.);
#4517=ORIENTED_EDGE('',*,*,#3215,.F.);
#4518=ORIENTED_EDGE('',*,*,#3304,.F.);
#4519=ORIENTED_EDGE('',*,*,#3311,.F.);
#4520=ORIENTED_EDGE('',*,*,#3312,.T.);
#4521=ORIENTED_EDGE('',*,*,#3238,.F.);
#4522=ORIENTED_EDGE('',*,*,#3313,.F.);
#4523=ORIENTED_EDGE('',*,*,#3314,.F.);
#4524=ORIENTED_EDGE('',*,*,#3313,.T.);
#4525=ORIENTED_EDGE('',*,*,#3237,.F.);
#4526=ORIENTED_EDGE('',*,*,#3315,.F.);
#4527=ORIENTED_EDGE('',*,*,#3316,.F.);
#4528=ORIENTED_EDGE('',*,*,#3315,.T.);
#4529=ORIENTED_EDGE('',*,*,#3236,.F.);
#4530=ORIENTED_EDGE('',*,*,#3317,.F.);
#4531=ORIENTED_EDGE('',*,*,#3318,.F.);
#4532=ORIENTED_EDGE('',*,*,#3317,.T.);
#4533=ORIENTED_EDGE('',*,*,#3235,.F.);
#4534=ORIENTED_EDGE('',*,*,#3312,.F.);
#4535=ORIENTED_EDGE('',*,*,#3318,.T.);
#4536=ORIENTED_EDGE('',*,*,#3311,.T.);
#4537=ORIENTED_EDGE('',*,*,#3314,.T.);
#4538=ORIENTED_EDGE('',*,*,#3316,.T.);
#4539=ORIENTED_EDGE('',*,*,#3310,.F.);
#4540=ORIENTED_EDGE('',*,*,#3303,.F.);
#4541=ORIENTED_EDGE('',*,*,#3306,.F.);
#4542=ORIENTED_EDGE('',*,*,#3308,.F.);
#4543=ORIENTED_EDGE('',*,*,#3319,.T.);
#4544=ORIENTED_EDGE('',*,*,#3320,.T.);
#4545=ORIENTED_EDGE('',*,*,#3214,.F.);
#4546=ORIENTED_EDGE('',*,*,#3321,.F.);
#4547=ORIENTED_EDGE('',*,*,#3322,.T.);
#4548=ORIENTED_EDGE('',*,*,#3321,.T.);
#4549=ORIENTED_EDGE('',*,*,#3213,.F.);
#4550=ORIENTED_EDGE('',*,*,#3323,.F.);
#4551=ORIENTED_EDGE('',*,*,#3324,.T.);
#4552=ORIENTED_EDGE('',*,*,#3323,.T.);
#4553=ORIENTED_EDGE('',*,*,#3212,.F.);
#4554=ORIENTED_EDGE('',*,*,#3325,.F.);
#4555=ORIENTED_EDGE('',*,*,#3326,.T.);
#4556=ORIENTED_EDGE('',*,*,#3325,.T.);
#4557=ORIENTED_EDGE('',*,*,#3211,.F.);
#4558=ORIENTED_EDGE('',*,*,#3320,.F.);
#4559=ORIENTED_EDGE('',*,*,#3327,.F.);
#4560=ORIENTED_EDGE('',*,*,#3328,.T.);
#4561=ORIENTED_EDGE('',*,*,#3246,.F.);
#4562=ORIENTED_EDGE('',*,*,#3329,.F.);
#4563=ORIENTED_EDGE('',*,*,#3330,.F.);
#4564=ORIENTED_EDGE('',*,*,#3329,.T.);
#4565=ORIENTED_EDGE('',*,*,#3245,.F.);
#4566=ORIENTED_EDGE('',*,*,#3331,.F.);
#4567=ORIENTED_EDGE('',*,*,#3332,.F.);
#4568=ORIENTED_EDGE('',*,*,#3331,.T.);
#4569=ORIENTED_EDGE('',*,*,#3244,.F.);
#4570=ORIENTED_EDGE('',*,*,#3333,.F.);
#4571=ORIENTED_EDGE('',*,*,#3334,.F.);
#4572=ORIENTED_EDGE('',*,*,#3333,.T.);
#4573=ORIENTED_EDGE('',*,*,#3243,.F.);
#4574=ORIENTED_EDGE('',*,*,#3328,.F.);
#4575=ORIENTED_EDGE('',*,*,#3334,.T.);
#4576=ORIENTED_EDGE('',*,*,#3327,.T.);
#4577=ORIENTED_EDGE('',*,*,#3330,.T.);
#4578=ORIENTED_EDGE('',*,*,#3332,.T.);
#4579=ORIENTED_EDGE('',*,*,#3326,.F.);
#4580=ORIENTED_EDGE('',*,*,#3319,.F.);
#4581=ORIENTED_EDGE('',*,*,#3322,.F.);
#4582=ORIENTED_EDGE('',*,*,#3324,.F.);
#4583=ORIENTED_EDGE('',*,*,#3335,.T.);
#4584=ORIENTED_EDGE('',*,*,#3336,.T.);
#4585=ORIENTED_EDGE('',*,*,#3210,.F.);
#4586=ORIENTED_EDGE('',*,*,#3337,.F.);
#4587=ORIENTED_EDGE('',*,*,#3338,.T.);
#4588=ORIENTED_EDGE('',*,*,#3337,.T.);
#4589=ORIENTED_EDGE('',*,*,#3209,.F.);
#4590=ORIENTED_EDGE('',*,*,#3339,.F.);
#4591=ORIENTED_EDGE('',*,*,#3340,.T.);
#4592=ORIENTED_EDGE('',*,*,#3339,.T.);
#4593=ORIENTED_EDGE('',*,*,#3208,.F.);
#4594=ORIENTED_EDGE('',*,*,#3341,.F.);
#4595=ORIENTED_EDGE('',*,*,#3342,.T.);
#4596=ORIENTED_EDGE('',*,*,#3341,.T.);
#4597=ORIENTED_EDGE('',*,*,#3207,.F.);
#4598=ORIENTED_EDGE('',*,*,#3336,.F.);
#4599=ORIENTED_EDGE('',*,*,#3343,.F.);
#4600=ORIENTED_EDGE('',*,*,#3344,.T.);
#4601=ORIENTED_EDGE('',*,*,#3250,.F.);
#4602=ORIENTED_EDGE('',*,*,#3345,.F.);
#4603=ORIENTED_EDGE('',*,*,#3346,.F.);
#4604=ORIENTED_EDGE('',*,*,#3345,.T.);
#4605=ORIENTED_EDGE('',*,*,#3249,.F.);
#4606=ORIENTED_EDGE('',*,*,#3347,.F.);
#4607=ORIENTED_EDGE('',*,*,#3348,.F.);
#4608=ORIENTED_EDGE('',*,*,#3347,.T.);
#4609=ORIENTED_EDGE('',*,*,#3248,.F.);
#4610=ORIENTED_EDGE('',*,*,#3349,.F.);
#4611=ORIENTED_EDGE('',*,*,#3350,.F.);
#4612=ORIENTED_EDGE('',*,*,#3349,.T.);
#4613=ORIENTED_EDGE('',*,*,#3247,.F.);
#4614=ORIENTED_EDGE('',*,*,#3344,.F.);
#4615=ORIENTED_EDGE('',*,*,#3350,.T.);
#4616=ORIENTED_EDGE('',*,*,#3343,.T.);
#4617=ORIENTED_EDGE('',*,*,#3346,.T.);
#4618=ORIENTED_EDGE('',*,*,#3348,.T.);
#4619=ORIENTED_EDGE('',*,*,#3342,.F.);
#4620=ORIENTED_EDGE('',*,*,#3335,.F.);
#4621=ORIENTED_EDGE('',*,*,#3338,.F.);
#4622=ORIENTED_EDGE('',*,*,#3340,.F.);
#4623=ORIENTED_EDGE('',*,*,#3351,.F.);
#4624=ORIENTED_EDGE('',*,*,#3352,.T.);
#4625=ORIENTED_EDGE('',*,*,#3353,.F.);
#4626=ORIENTED_EDGE('',*,*,#3354,.F.);
#4627=ORIENTED_EDGE('',*,*,#3355,.F.);
#4628=ORIENTED_EDGE('',*,*,#3354,.T.);
#4629=ORIENTED_EDGE('',*,*,#3356,.F.);
#4630=ORIENTED_EDGE('',*,*,#3357,.F.);
#4631=ORIENTED_EDGE('',*,*,#3358,.F.);
#4632=ORIENTED_EDGE('',*,*,#3357,.T.);
#4633=ORIENTED_EDGE('',*,*,#3359,.F.);
#4634=ORIENTED_EDGE('',*,*,#3360,.F.);
#4635=ORIENTED_EDGE('',*,*,#3361,.F.);
#4636=ORIENTED_EDGE('',*,*,#3360,.T.);
#4637=ORIENTED_EDGE('',*,*,#3362,.F.);
#4638=ORIENTED_EDGE('',*,*,#3352,.F.);
#4639=ORIENTED_EDGE('',*,*,#3361,.T.);
#4640=ORIENTED_EDGE('',*,*,#3351,.T.);
#4641=ORIENTED_EDGE('',*,*,#3355,.T.);
#4642=ORIENTED_EDGE('',*,*,#3358,.T.);
#4643=ORIENTED_EDGE('',*,*,#3362,.T.);
#4644=ORIENTED_EDGE('',*,*,#3359,.T.);
#4645=ORIENTED_EDGE('',*,*,#3356,.T.);
#4646=ORIENTED_EDGE('',*,*,#3353,.T.);
#4647=ORIENTED_EDGE('',*,*,#3363,.F.);
#4648=ORIENTED_EDGE('',*,*,#3364,.T.);
#4649=ORIENTED_EDGE('',*,*,#3365,.F.);
#4650=ORIENTED_EDGE('',*,*,#3366,.F.);
#4651=ORIENTED_EDGE('',*,*,#3367,.F.);
#4652=ORIENTED_EDGE('',*,*,#3366,.T.);
#4653=ORIENTED_EDGE('',*,*,#3368,.F.);
#4654=ORIENTED_EDGE('',*,*,#3369,.F.);
#4655=ORIENTED_EDGE('',*,*,#3370,.F.);
#4656=ORIENTED_EDGE('',*,*,#3369,.T.);
#4657=ORIENTED_EDGE('',*,*,#3371,.F.);
#4658=ORIENTED_EDGE('',*,*,#3372,.F.);
#4659=ORIENTED_EDGE('',*,*,#3373,.F.);
#4660=ORIENTED_EDGE('',*,*,#3372,.T.);
#4661=ORIENTED_EDGE('',*,*,#3374,.F.);
#4662=ORIENTED_EDGE('',*,*,#3364,.F.);
#4663=ORIENTED_EDGE('',*,*,#3373,.T.);
#4664=ORIENTED_EDGE('',*,*,#3363,.T.);
#4665=ORIENTED_EDGE('',*,*,#3367,.T.);
#4666=ORIENTED_EDGE('',*,*,#3370,.T.);
#4667=ORIENTED_EDGE('',*,*,#3374,.T.);
#4668=ORIENTED_EDGE('',*,*,#3371,.T.);
#4669=ORIENTED_EDGE('',*,*,#3368,.T.);
#4670=ORIENTED_EDGE('',*,*,#3365,.T.);
#4671=ORIENTED_EDGE('',*,*,#3375,.F.);
#4672=ORIENTED_EDGE('',*,*,#3376,.T.);
#4673=ORIENTED_EDGE('',*,*,#3377,.F.);
#4674=ORIENTED_EDGE('',*,*,#3378,.F.);
#4675=ORIENTED_EDGE('',*,*,#3379,.F.);
#4676=ORIENTED_EDGE('',*,*,#3378,.T.);
#4677=ORIENTED_EDGE('',*,*,#3380,.F.);
#4678=ORIENTED_EDGE('',*,*,#3381,.F.);
#4679=ORIENTED_EDGE('',*,*,#3382,.F.);
#4680=ORIENTED_EDGE('',*,*,#3381,.T.);
#4681=ORIENTED_EDGE('',*,*,#3383,.F.);
#4682=ORIENTED_EDGE('',*,*,#3384,.F.);
#4683=ORIENTED_EDGE('',*,*,#3385,.F.);
#4684=ORIENTED_EDGE('',*,*,#3384,.T.);
#4685=ORIENTED_EDGE('',*,*,#3386,.F.);
#4686=ORIENTED_EDGE('',*,*,#3376,.F.);
#4687=ORIENTED_EDGE('',*,*,#3385,.T.);
#4688=ORIENTED_EDGE('',*,*,#3375,.T.);
#4689=ORIENTED_EDGE('',*,*,#3379,.T.);
#4690=ORIENTED_EDGE('',*,*,#3382,.T.);
#4691=ORIENTED_EDGE('',*,*,#3386,.T.);
#4692=ORIENTED_EDGE('',*,*,#3383,.T.);
#4693=ORIENTED_EDGE('',*,*,#3380,.T.);
#4694=ORIENTED_EDGE('',*,*,#3377,.T.);
#4695=ORIENTED_EDGE('',*,*,#3387,.F.);
#4696=ORIENTED_EDGE('',*,*,#3388,.T.);
#4697=ORIENTED_EDGE('',*,*,#3389,.F.);
#4698=ORIENTED_EDGE('',*,*,#3390,.F.);
#4699=ORIENTED_EDGE('',*,*,#3391,.F.);
#4700=ORIENTED_EDGE('',*,*,#3390,.T.);
#4701=ORIENTED_EDGE('',*,*,#3392,.F.);
#4702=ORIENTED_EDGE('',*,*,#3393,.F.);
#4703=ORIENTED_EDGE('',*,*,#3394,.F.);
#4704=ORIENTED_EDGE('',*,*,#3393,.T.);
#4705=ORIENTED_EDGE('',*,*,#3395,.F.);
#4706=ORIENTED_EDGE('',*,*,#3396,.F.);
#4707=ORIENTED_EDGE('',*,*,#3397,.F.);
#4708=ORIENTED_EDGE('',*,*,#3396,.T.);
#4709=ORIENTED_EDGE('',*,*,#3398,.F.);
#4710=ORIENTED_EDGE('',*,*,#3388,.F.);
#4711=ORIENTED_EDGE('',*,*,#3397,.T.);
#4712=ORIENTED_EDGE('',*,*,#3387,.T.);
#4713=ORIENTED_EDGE('',*,*,#3391,.T.);
#4714=ORIENTED_EDGE('',*,*,#3394,.T.);
#4715=ORIENTED_EDGE('',*,*,#3398,.T.);
#4716=ORIENTED_EDGE('',*,*,#3395,.T.);
#4717=ORIENTED_EDGE('',*,*,#3392,.T.);
#4718=ORIENTED_EDGE('',*,*,#3389,.T.);
#4719=ORIENTED_EDGE('',*,*,#3399,.F.);
#4720=ORIENTED_EDGE('',*,*,#3400,.T.);
#4721=ORIENTED_EDGE('',*,*,#3401,.F.);
#4722=ORIENTED_EDGE('',*,*,#3402,.F.);
#4723=ORIENTED_EDGE('',*,*,#3403,.F.);
#4724=ORIENTED_EDGE('',*,*,#3402,.T.);
#4725=ORIENTED_EDGE('',*,*,#3404,.F.);
#4726=ORIENTED_EDGE('',*,*,#3405,.F.);
#4727=ORIENTED_EDGE('',*,*,#3406,.F.);
#4728=ORIENTED_EDGE('',*,*,#3405,.T.);
#4729=ORIENTED_EDGE('',*,*,#3407,.F.);
#4730=ORIENTED_EDGE('',*,*,#3408,.F.);
#4731=ORIENTED_EDGE('',*,*,#3409,.F.);
#4732=ORIENTED_EDGE('',*,*,#3408,.T.);
#4733=ORIENTED_EDGE('',*,*,#3410,.F.);
#4734=ORIENTED_EDGE('',*,*,#3400,.F.);
#4735=ORIENTED_EDGE('',*,*,#3409,.T.);
#4736=ORIENTED_EDGE('',*,*,#3399,.T.);
#4737=ORIENTED_EDGE('',*,*,#3403,.T.);
#4738=ORIENTED_EDGE('',*,*,#3406,.T.);
#4739=ORIENTED_EDGE('',*,*,#3410,.T.);
#4740=ORIENTED_EDGE('',*,*,#3407,.T.);
#4741=ORIENTED_EDGE('',*,*,#3404,.T.);
#4742=ORIENTED_EDGE('',*,*,#3401,.T.);
#4743=ORIENTED_EDGE('',*,*,#3411,.F.);
#4744=ORIENTED_EDGE('',*,*,#3412,.T.);
#4745=ORIENTED_EDGE('',*,*,#3413,.F.);
#4746=ORIENTED_EDGE('',*,*,#3414,.F.);
#4747=ORIENTED_EDGE('',*,*,#3415,.F.);
#4748=ORIENTED_EDGE('',*,*,#3414,.T.);
#4749=ORIENTED_EDGE('',*,*,#3416,.F.);
#4750=ORIENTED_EDGE('',*,*,#3417,.F.);
#4751=ORIENTED_EDGE('',*,*,#3418,.F.);
#4752=ORIENTED_EDGE('',*,*,#3417,.T.);
#4753=ORIENTED_EDGE('',*,*,#3419,.F.);
#4754=ORIENTED_EDGE('',*,*,#3420,.F.);
#4755=ORIENTED_EDGE('',*,*,#3421,.F.);
#4756=ORIENTED_EDGE('',*,*,#3420,.T.);
#4757=ORIENTED_EDGE('',*,*,#3422,.F.);
#4758=ORIENTED_EDGE('',*,*,#3412,.F.);
#4759=ORIENTED_EDGE('',*,*,#3421,.T.);
#4760=ORIENTED_EDGE('',*,*,#3411,.T.);
#4761=ORIENTED_EDGE('',*,*,#3415,.T.);
#4762=ORIENTED_EDGE('',*,*,#3418,.T.);
#4763=ORIENTED_EDGE('',*,*,#3422,.T.);
#4764=ORIENTED_EDGE('',*,*,#3419,.T.);
#4765=ORIENTED_EDGE('',*,*,#3416,.T.);
#4766=ORIENTED_EDGE('',*,*,#3413,.T.);
#4767=ORIENTED_EDGE('',*,*,#3423,.F.);
#4768=ORIENTED_EDGE('',*,*,#3424,.T.);
#4769=ORIENTED_EDGE('',*,*,#3425,.F.);
#4770=ORIENTED_EDGE('',*,*,#3426,.F.);
#4771=ORIENTED_EDGE('',*,*,#3427,.F.);
#4772=ORIENTED_EDGE('',*,*,#3426,.T.);
#4773=ORIENTED_EDGE('',*,*,#3428,.F.);
#4774=ORIENTED_EDGE('',*,*,#3429,.F.);
#4775=ORIENTED_EDGE('',*,*,#3430,.F.);
#4776=ORIENTED_EDGE('',*,*,#3429,.T.);
#4777=ORIENTED_EDGE('',*,*,#3431,.F.);
#4778=ORIENTED_EDGE('',*,*,#3432,.F.);
#4779=ORIENTED_EDGE('',*,*,#3433,.F.);
#4780=ORIENTED_EDGE('',*,*,#3432,.T.);
#4781=ORIENTED_EDGE('',*,*,#3434,.F.);
#4782=ORIENTED_EDGE('',*,*,#3424,.F.);
#4783=ORIENTED_EDGE('',*,*,#3433,.T.);
#4784=ORIENTED_EDGE('',*,*,#3423,.T.);
#4785=ORIENTED_EDGE('',*,*,#3427,.T.);
#4786=ORIENTED_EDGE('',*,*,#3430,.T.);
#4787=ORIENTED_EDGE('',*,*,#3434,.T.);
#4788=ORIENTED_EDGE('',*,*,#3431,.T.);
#4789=ORIENTED_EDGE('',*,*,#3428,.T.);
#4790=ORIENTED_EDGE('',*,*,#3425,.T.);
#4791=ORIENTED_EDGE('',*,*,#3435,.F.);
#4792=ORIENTED_EDGE('',*,*,#3436,.T.);
#4793=ORIENTED_EDGE('',*,*,#3437,.F.);
#4794=ORIENTED_EDGE('',*,*,#3438,.F.);
#4795=ORIENTED_EDGE('',*,*,#3439,.F.);
#4796=ORIENTED_EDGE('',*,*,#3438,.T.);
#4797=ORIENTED_EDGE('',*,*,#3440,.F.);
#4798=ORIENTED_EDGE('',*,*,#3441,.F.);
#4799=ORIENTED_EDGE('',*,*,#3442,.F.);
#4800=ORIENTED_EDGE('',*,*,#3441,.T.);
#4801=ORIENTED_EDGE('',*,*,#3443,.F.);
#4802=ORIENTED_EDGE('',*,*,#3444,.F.);
#4803=ORIENTED_EDGE('',*,*,#3445,.F.);
#4804=ORIENTED_EDGE('',*,*,#3444,.T.);
#4805=ORIENTED_EDGE('',*,*,#3446,.F.);
#4806=ORIENTED_EDGE('',*,*,#3436,.F.);
#4807=ORIENTED_EDGE('',*,*,#3445,.T.);
#4808=ORIENTED_EDGE('',*,*,#3435,.T.);
#4809=ORIENTED_EDGE('',*,*,#3439,.T.);
#4810=ORIENTED_EDGE('',*,*,#3442,.T.);
#4811=ORIENTED_EDGE('',*,*,#3446,.T.);
#4812=ORIENTED_EDGE('',*,*,#3443,.T.);
#4813=ORIENTED_EDGE('',*,*,#3440,.T.);
#4814=ORIENTED_EDGE('',*,*,#3437,.T.);
#4815=ORIENTED_EDGE('',*,*,#3447,.F.);
#4816=ORIENTED_EDGE('',*,*,#3448,.T.);
#4817=ORIENTED_EDGE('',*,*,#3449,.F.);
#4818=ORIENTED_EDGE('',*,*,#3450,.F.);
#4819=ORIENTED_EDGE('',*,*,#3451,.F.);
#4820=ORIENTED_EDGE('',*,*,#3450,.T.);
#4821=ORIENTED_EDGE('',*,*,#3452,.F.);
#4822=ORIENTED_EDGE('',*,*,#3453,.F.);
#4823=ORIENTED_EDGE('',*,*,#3454,.F.);
#4824=ORIENTED_EDGE('',*,*,#3453,.T.);
#4825=ORIENTED_EDGE('',*,*,#3455,.F.);
#4826=ORIENTED_EDGE('',*,*,#3456,.F.);
#4827=ORIENTED_EDGE('',*,*,#3457,.F.);
#4828=ORIENTED_EDGE('',*,*,#3456,.T.);
#4829=ORIENTED_EDGE('',*,*,#3458,.F.);
#4830=ORIENTED_EDGE('',*,*,#3448,.F.);
#4831=ORIENTED_EDGE('',*,*,#3457,.T.);
#4832=ORIENTED_EDGE('',*,*,#3447,.T.);
#4833=ORIENTED_EDGE('',*,*,#3451,.T.);
#4834=ORIENTED_EDGE('',*,*,#3454,.T.);
#4835=ORIENTED_EDGE('',*,*,#3458,.T.);
#4836=ORIENTED_EDGE('',*,*,#3455,.T.);
#4837=ORIENTED_EDGE('',*,*,#3452,.T.);
#4838=ORIENTED_EDGE('',*,*,#3449,.T.);
#4839=ORIENTED_EDGE('',*,*,#3459,.F.);
#4840=ORIENTED_EDGE('',*,*,#3460,.T.);
#4841=ORIENTED_EDGE('',*,*,#3461,.F.);
#4842=ORIENTED_EDGE('',*,*,#3462,.F.);
#4843=ORIENTED_EDGE('',*,*,#3463,.F.);
#4844=ORIENTED_EDGE('',*,*,#3462,.T.);
#4845=ORIENTED_EDGE('',*,*,#3464,.F.);
#4846=ORIENTED_EDGE('',*,*,#3465,.F.);
#4847=ORIENTED_EDGE('',*,*,#3466,.F.);
#4848=ORIENTED_EDGE('',*,*,#3465,.T.);
#4849=ORIENTED_EDGE('',*,*,#3467,.F.);
#4850=ORIENTED_EDGE('',*,*,#3468,.F.);
#4851=ORIENTED_EDGE('',*,*,#3469,.F.);
#4852=ORIENTED_EDGE('',*,*,#3468,.T.);
#4853=ORIENTED_EDGE('',*,*,#3470,.F.);
#4854=ORIENTED_EDGE('',*,*,#3460,.F.);
#4855=ORIENTED_EDGE('',*,*,#3469,.T.);
#4856=ORIENTED_EDGE('',*,*,#3459,.T.);
#4857=ORIENTED_EDGE('',*,*,#3463,.T.);
#4858=ORIENTED_EDGE('',*,*,#3466,.T.);
#4859=ORIENTED_EDGE('',*,*,#3470,.T.);
#4860=ORIENTED_EDGE('',*,*,#3467,.T.);
#4861=ORIENTED_EDGE('',*,*,#3464,.T.);
#4862=ORIENTED_EDGE('',*,*,#3461,.T.);
#4863=ORIENTED_EDGE('',*,*,#3471,.F.);
#4864=ORIENTED_EDGE('',*,*,#3472,.T.);
#4865=ORIENTED_EDGE('',*,*,#3473,.F.);
#4866=ORIENTED_EDGE('',*,*,#3474,.F.);
#4867=ORIENTED_EDGE('',*,*,#3475,.F.);
#4868=ORIENTED_EDGE('',*,*,#3474,.T.);
#4869=ORIENTED_EDGE('',*,*,#3476,.F.);
#4870=ORIENTED_EDGE('',*,*,#3477,.F.);
#4871=ORIENTED_EDGE('',*,*,#3478,.F.);
#4872=ORIENTED_EDGE('',*,*,#3477,.T.);
#4873=ORIENTED_EDGE('',*,*,#3479,.F.);
#4874=ORIENTED_EDGE('',*,*,#3480,.F.);
#4875=ORIENTED_EDGE('',*,*,#3481,.F.);
#4876=ORIENTED_EDGE('',*,*,#3480,.T.);
#4877=ORIENTED_EDGE('',*,*,#3482,.F.);
#4878=ORIENTED_EDGE('',*,*,#3472,.F.);
#4879=ORIENTED_EDGE('',*,*,#3481,.T.);
#4880=ORIENTED_EDGE('',*,*,#3471,.T.);
#4881=ORIENTED_EDGE('',*,*,#3475,.T.);
#4882=ORIENTED_EDGE('',*,*,#3478,.T.);
#4883=ORIENTED_EDGE('',*,*,#3482,.T.);
#4884=ORIENTED_EDGE('',*,*,#3479,.T.);
#4885=ORIENTED_EDGE('',*,*,#3476,.T.);
#4886=ORIENTED_EDGE('',*,*,#3473,.T.);
#4887=ORIENTED_EDGE('',*,*,#3483,.F.);
#4888=ORIENTED_EDGE('',*,*,#3484,.T.);
#4889=ORIENTED_EDGE('',*,*,#3485,.F.);
#4890=ORIENTED_EDGE('',*,*,#3486,.F.);
#4891=ORIENTED_EDGE('',*,*,#3487,.F.);
#4892=ORIENTED_EDGE('',*,*,#3486,.T.);
#4893=ORIENTED_EDGE('',*,*,#3488,.F.);
#4894=ORIENTED_EDGE('',*,*,#3489,.F.);
#4895=ORIENTED_EDGE('',*,*,#3490,.F.);
#4896=ORIENTED_EDGE('',*,*,#3489,.T.);
#4897=ORIENTED_EDGE('',*,*,#3491,.F.);
#4898=ORIENTED_EDGE('',*,*,#3492,.F.);
#4899=ORIENTED_EDGE('',*,*,#3493,.F.);
#4900=ORIENTED_EDGE('',*,*,#3492,.T.);
#4901=ORIENTED_EDGE('',*,*,#3494,.F.);
#4902=ORIENTED_EDGE('',*,*,#3484,.F.);
#4903=ORIENTED_EDGE('',*,*,#3493,.T.);
#4904=ORIENTED_EDGE('',*,*,#3483,.T.);
#4905=ORIENTED_EDGE('',*,*,#3487,.T.);
#4906=ORIENTED_EDGE('',*,*,#3490,.T.);
#4907=ORIENTED_EDGE('',*,*,#3494,.T.);
#4908=ORIENTED_EDGE('',*,*,#3491,.T.);
#4909=ORIENTED_EDGE('',*,*,#3488,.T.);
#4910=ORIENTED_EDGE('',*,*,#3485,.T.);
#4911=ORIENTED_EDGE('',*,*,#3495,.F.);
#4912=ORIENTED_EDGE('',*,*,#3496,.T.);
#4913=ORIENTED_EDGE('',*,*,#3497,.F.);
#4914=ORIENTED_EDGE('',*,*,#3498,.F.);
#4915=ORIENTED_EDGE('',*,*,#3499,.F.);
#4916=ORIENTED_EDGE('',*,*,#3498,.T.);
#4917=ORIENTED_EDGE('',*,*,#3500,.F.);
#4918=ORIENTED_EDGE('',*,*,#3501,.F.);
#4919=ORIENTED_EDGE('',*,*,#3502,.F.);
#4920=ORIENTED_EDGE('',*,*,#3501,.T.);
#4921=ORIENTED_EDGE('',*,*,#3503,.F.);
#4922=ORIENTED_EDGE('',*,*,#3504,.F.);
#4923=ORIENTED_EDGE('',*,*,#3505,.F.);
#4924=ORIENTED_EDGE('',*,*,#3504,.T.);
#4925=ORIENTED_EDGE('',*,*,#3506,.F.);
#4926=ORIENTED_EDGE('',*,*,#3496,.F.);
#4927=ORIENTED_EDGE('',*,*,#3505,.T.);
#4928=ORIENTED_EDGE('',*,*,#3495,.T.);
#4929=ORIENTED_EDGE('',*,*,#3499,.T.);
#4930=ORIENTED_EDGE('',*,*,#3502,.T.);
#4931=ORIENTED_EDGE('',*,*,#3506,.T.);
#4932=ORIENTED_EDGE('',*,*,#3503,.T.);
#4933=ORIENTED_EDGE('',*,*,#3500,.T.);
#4934=ORIENTED_EDGE('',*,*,#3497,.T.);
#4935=ORIENTED_EDGE('',*,*,#3507,.F.);
#4936=ORIENTED_EDGE('',*,*,#3508,.T.);
#4937=ORIENTED_EDGE('',*,*,#3509,.F.);
#4938=ORIENTED_EDGE('',*,*,#3510,.F.);
#4939=ORIENTED_EDGE('',*,*,#3511,.F.);
#4940=ORIENTED_EDGE('',*,*,#3510,.T.);
#4941=ORIENTED_EDGE('',*,*,#3512,.F.);
#4942=ORIENTED_EDGE('',*,*,#3513,.F.);
#4943=ORIENTED_EDGE('',*,*,#3514,.F.);
#4944=ORIENTED_EDGE('',*,*,#3513,.T.);
#4945=ORIENTED_EDGE('',*,*,#3515,.F.);
#4946=ORIENTED_EDGE('',*,*,#3516,.F.);
#4947=ORIENTED_EDGE('',*,*,#3517,.F.);
#4948=ORIENTED_EDGE('',*,*,#3516,.T.);
#4949=ORIENTED_EDGE('',*,*,#3518,.F.);
#4950=ORIENTED_EDGE('',*,*,#3508,.F.);
#4951=ORIENTED_EDGE('',*,*,#3517,.T.);
#4952=ORIENTED_EDGE('',*,*,#3507,.T.);
#4953=ORIENTED_EDGE('',*,*,#3511,.T.);
#4954=ORIENTED_EDGE('',*,*,#3514,.T.);
#4955=ORIENTED_EDGE('',*,*,#3518,.T.);
#4956=ORIENTED_EDGE('',*,*,#3515,.T.);
#4957=ORIENTED_EDGE('',*,*,#3512,.T.);
#4958=ORIENTED_EDGE('',*,*,#3509,.T.);
#4959=ORIENTED_EDGE('',*,*,#3519,.F.);
#4960=ORIENTED_EDGE('',*,*,#3520,.T.);
#4961=ORIENTED_EDGE('',*,*,#3521,.F.);
#4962=ORIENTED_EDGE('',*,*,#3522,.F.);
#4963=ORIENTED_EDGE('',*,*,#3523,.F.);
#4964=ORIENTED_EDGE('',*,*,#3522,.T.);
#4965=ORIENTED_EDGE('',*,*,#3524,.F.);
#4966=ORIENTED_EDGE('',*,*,#3525,.F.);
#4967=ORIENTED_EDGE('',*,*,#3526,.F.);
#4968=ORIENTED_EDGE('',*,*,#3525,.T.);
#4969=ORIENTED_EDGE('',*,*,#3527,.F.);
#4970=ORIENTED_EDGE('',*,*,#3528,.F.);
#4971=ORIENTED_EDGE('',*,*,#3529,.F.);
#4972=ORIENTED_EDGE('',*,*,#3528,.T.);
#4973=ORIENTED_EDGE('',*,*,#3530,.F.);
#4974=ORIENTED_EDGE('',*,*,#3520,.F.);
#4975=ORIENTED_EDGE('',*,*,#3529,.T.);
#4976=ORIENTED_EDGE('',*,*,#3519,.T.);
#4977=ORIENTED_EDGE('',*,*,#3523,.T.);
#4978=ORIENTED_EDGE('',*,*,#3526,.T.);
#4979=ORIENTED_EDGE('',*,*,#3530,.T.);
#4980=ORIENTED_EDGE('',*,*,#3527,.T.);
#4981=ORIENTED_EDGE('',*,*,#3524,.T.);
#4982=ORIENTED_EDGE('',*,*,#3521,.T.);
#4983=ORIENTED_EDGE('',*,*,#3531,.F.);
#4984=ORIENTED_EDGE('',*,*,#3532,.T.);
#4985=ORIENTED_EDGE('',*,*,#3533,.F.);
#4986=ORIENTED_EDGE('',*,*,#3534,.F.);
#4987=ORIENTED_EDGE('',*,*,#3535,.F.);
#4988=ORIENTED_EDGE('',*,*,#3534,.T.);
#4989=ORIENTED_EDGE('',*,*,#3536,.F.);
#4990=ORIENTED_EDGE('',*,*,#3537,.F.);
#4991=ORIENTED_EDGE('',*,*,#3538,.F.);
#4992=ORIENTED_EDGE('',*,*,#3537,.T.);
#4993=ORIENTED_EDGE('',*,*,#3539,.F.);
#4994=ORIENTED_EDGE('',*,*,#3540,.F.);
#4995=ORIENTED_EDGE('',*,*,#3541,.F.);
#4996=ORIENTED_EDGE('',*,*,#3540,.T.);
#4997=ORIENTED_EDGE('',*,*,#3542,.F.);
#4998=ORIENTED_EDGE('',*,*,#3532,.F.);
#4999=ORIENTED_EDGE('',*,*,#3541,.T.);
#5000=ORIENTED_EDGE('',*,*,#3531,.T.);
#5001=ORIENTED_EDGE('',*,*,#3535,.T.);
#5002=ORIENTED_EDGE('',*,*,#3538,.T.);
#5003=ORIENTED_EDGE('',*,*,#3542,.T.);
#5004=ORIENTED_EDGE('',*,*,#3539,.T.);
#5005=ORIENTED_EDGE('',*,*,#3536,.T.);
#5006=ORIENTED_EDGE('',*,*,#3533,.T.);
#5007=ORIENTED_EDGE('',*,*,#3543,.F.);
#5008=ORIENTED_EDGE('',*,*,#3544,.T.);
#5009=ORIENTED_EDGE('',*,*,#3545,.F.);
#5010=ORIENTED_EDGE('',*,*,#3546,.F.);
#5011=ORIENTED_EDGE('',*,*,#3547,.F.);
#5012=ORIENTED_EDGE('',*,*,#3546,.T.);
#5013=ORIENTED_EDGE('',*,*,#3548,.F.);
#5014=ORIENTED_EDGE('',*,*,#3549,.F.);
#5015=ORIENTED_EDGE('',*,*,#3550,.F.);
#5016=ORIENTED_EDGE('',*,*,#3549,.T.);
#5017=ORIENTED_EDGE('',*,*,#3551,.F.);
#5018=ORIENTED_EDGE('',*,*,#3552,.F.);
#5019=ORIENTED_EDGE('',*,*,#3553,.F.);
#5020=ORIENTED_EDGE('',*,*,#3552,.T.);
#5021=ORIENTED_EDGE('',*,*,#3554,.F.);
#5022=ORIENTED_EDGE('',*,*,#3544,.F.);
#5023=ORIENTED_EDGE('',*,*,#3553,.T.);
#5024=ORIENTED_EDGE('',*,*,#3543,.T.);
#5025=ORIENTED_EDGE('',*,*,#3547,.T.);
#5026=ORIENTED_EDGE('',*,*,#3550,.T.);
#5027=ORIENTED_EDGE('',*,*,#3554,.T.);
#5028=ORIENTED_EDGE('',*,*,#3551,.T.);
#5029=ORIENTED_EDGE('',*,*,#3548,.T.);
#5030=ORIENTED_EDGE('',*,*,#3545,.T.);
#5031=ORIENTED_EDGE('',*,*,#3555,.F.);
#5032=ORIENTED_EDGE('',*,*,#3556,.T.);
#5033=ORIENTED_EDGE('',*,*,#3557,.F.);
#5034=ORIENTED_EDGE('',*,*,#3558,.F.);
#5035=ORIENTED_EDGE('',*,*,#3559,.F.);
#5036=ORIENTED_EDGE('',*,*,#3558,.T.);
#5037=ORIENTED_EDGE('',*,*,#3560,.F.);
#5038=ORIENTED_EDGE('',*,*,#3561,.F.);
#5039=ORIENTED_EDGE('',*,*,#3562,.F.);
#5040=ORIENTED_EDGE('',*,*,#3561,.T.);
#5041=ORIENTED_EDGE('',*,*,#3563,.F.);
#5042=ORIENTED_EDGE('',*,*,#3564,.F.);
#5043=ORIENTED_EDGE('',*,*,#3565,.F.);
#5044=ORIENTED_EDGE('',*,*,#3564,.T.);
#5045=ORIENTED_EDGE('',*,*,#3566,.F.);
#5046=ORIENTED_EDGE('',*,*,#3556,.F.);
#5047=ORIENTED_EDGE('',*,*,#3565,.T.);
#5048=ORIENTED_EDGE('',*,*,#3555,.T.);
#5049=ORIENTED_EDGE('',*,*,#3559,.T.);
#5050=ORIENTED_EDGE('',*,*,#3562,.T.);
#5051=ORIENTED_EDGE('',*,*,#3566,.T.);
#5052=ORIENTED_EDGE('',*,*,#3563,.T.);
#5053=ORIENTED_EDGE('',*,*,#3560,.T.);
#5054=ORIENTED_EDGE('',*,*,#3557,.T.);
#5055=ORIENTED_EDGE('',*,*,#3567,.F.);
#5056=ORIENTED_EDGE('',*,*,#3568,.T.);
#5057=ORIENTED_EDGE('',*,*,#3569,.F.);
#5058=ORIENTED_EDGE('',*,*,#3570,.F.);
#5059=ORIENTED_EDGE('',*,*,#3571,.F.);
#5060=ORIENTED_EDGE('',*,*,#3570,.T.);
#5061=ORIENTED_EDGE('',*,*,#3572,.F.);
#5062=ORIENTED_EDGE('',*,*,#3573,.F.);
#5063=ORIENTED_EDGE('',*,*,#3574,.F.);
#5064=ORIENTED_EDGE('',*,*,#3573,.T.);
#5065=ORIENTED_EDGE('',*,*,#3575,.F.);
#5066=ORIENTED_EDGE('',*,*,#3576,.F.);
#5067=ORIENTED_EDGE('',*,*,#3577,.F.);
#5068=ORIENTED_EDGE('',*,*,#3576,.T.);
#5069=ORIENTED_EDGE('',*,*,#3578,.F.);
#5070=ORIENTED_EDGE('',*,*,#3568,.F.);
#5071=ORIENTED_EDGE('',*,*,#3577,.T.);
#5072=ORIENTED_EDGE('',*,*,#3567,.T.);
#5073=ORIENTED_EDGE('',*,*,#3571,.T.);
#5074=ORIENTED_EDGE('',*,*,#3574,.T.);
#5075=ORIENTED_EDGE('',*,*,#3578,.T.);
#5076=ORIENTED_EDGE('',*,*,#3575,.T.);
#5077=ORIENTED_EDGE('',*,*,#3572,.T.);
#5078=ORIENTED_EDGE('',*,*,#3569,.T.);
#5079=ORIENTED_EDGE('',*,*,#3579,.F.);
#5080=ORIENTED_EDGE('',*,*,#3580,.T.);
#5081=ORIENTED_EDGE('',*,*,#3581,.F.);
#5082=ORIENTED_EDGE('',*,*,#3582,.F.);
#5083=ORIENTED_EDGE('',*,*,#3583,.F.);
#5084=ORIENTED_EDGE('',*,*,#3582,.T.);
#5085=ORIENTED_EDGE('',*,*,#3584,.F.);
#5086=ORIENTED_EDGE('',*,*,#3585,.F.);
#5087=ORIENTED_EDGE('',*,*,#3586,.F.);
#5088=ORIENTED_EDGE('',*,*,#3585,.T.);
#5089=ORIENTED_EDGE('',*,*,#3587,.F.);
#5090=ORIENTED_EDGE('',*,*,#3588,.F.);
#5091=ORIENTED_EDGE('',*,*,#3589,.F.);
#5092=ORIENTED_EDGE('',*,*,#3588,.T.);
#5093=ORIENTED_EDGE('',*,*,#3590,.F.);
#5094=ORIENTED_EDGE('',*,*,#3580,.F.);
#5095=ORIENTED_EDGE('',*,*,#3589,.T.);
#5096=ORIENTED_EDGE('',*,*,#3579,.T.);
#5097=ORIENTED_EDGE('',*,*,#3583,.T.);
#5098=ORIENTED_EDGE('',*,*,#3586,.T.);
#5099=ORIENTED_EDGE('',*,*,#3590,.T.);
#5100=ORIENTED_EDGE('',*,*,#3587,.T.);
#5101=ORIENTED_EDGE('',*,*,#3584,.T.);
#5102=ORIENTED_EDGE('',*,*,#3581,.T.);
#5103=PLANE('',#5763);
#5104=PLANE('',#5764);
#5105=PLANE('',#5765);
#5106=PLANE('',#5766);
#5107=PLANE('',#5767);
#5108=PLANE('',#5768);
#5109=PLANE('',#5769);
#5110=PLANE('',#5770);
#5111=PLANE('',#5771);
#5112=PLANE('',#5772);
#5113=PLANE('',#5773);
#5114=PLANE('',#5774);
#5115=PLANE('',#5775);
#5116=PLANE('',#5776);
#5117=PLANE('',#5777);
#5118=PLANE('',#5778);
#5119=PLANE('',#5779);
#5120=PLANE('',#5780);
#5121=PLANE('',#5781);
#5122=PLANE('',#5782);
#5123=PLANE('',#5783);
#5124=PLANE('',#5784);
#5125=PLANE('',#5785);
#5126=PLANE('',#5786);
#5127=PLANE('',#5787);
#5128=PLANE('',#5788);
#5129=PLANE('',#5789);
#5130=PLANE('',#5790);
#5131=PLANE('',#5791);
#5132=PLANE('',#5792);
#5133=PLANE('',#5793);
#5134=PLANE('',#5794);
#5135=PLANE('',#5795);
#5136=PLANE('',#5796);
#5137=PLANE('',#5797);
#5138=PLANE('',#5798);
#5139=PLANE('',#5799);
#5140=PLANE('',#5800);
#5141=PLANE('',#5801);
#5142=PLANE('',#5802);
#5143=PLANE('',#5803);
#5144=PLANE('',#5804);
#5145=PLANE('',#5805);
#5146=PLANE('',#5806);
#5147=PLANE('',#5807);
#5148=PLANE('',#5808);
#5149=PLANE('',#5809);
#5150=PLANE('',#5810);
#5151=PLANE('',#5811);
#5152=PLANE('',#5812);
#5153=PLANE('',#5813);
#5154=PLANE('',#5814);
#5155=PLANE('',#5815);
#5156=PLANE('',#5816);
#5157=PLANE('',#5817);
#5158=PLANE('',#5818);
#5159=PLANE('',#5819);
#5160=PLANE('',#5820);
#5161=PLANE('',#5821);
#5162=PLANE('',#5822);
#5163=PLANE('',#5823);
#5164=PLANE('',#5824);
#5165=PLANE('',#5825);
#5166=PLANE('',#5826);
#5167=PLANE('',#5827);
#5168=PLANE('',#5828);
#5169=PLANE('',#5829);
#5170=PLANE('',#5830);
#5171=PLANE('',#5831);
#5172=PLANE('',#5832);
#5173=PLANE('',#5833);
#5174=PLANE('',#5834);
#5175=PLANE('',#5835);
#5176=PLANE('',#5836);
#5177=PLANE('',#5837);
#5178=PLANE('',#5838);
#5179=PLANE('',#5839);
#5180=PLANE('',#5840);
#5181=PLANE('',#5841);
#5182=PLANE('',#5842);
#5183=PLANE('',#5843);
#5184=PLANE('',#5844);
#5185=PLANE('',#5845);
#5186=PLANE('',#5846);
#5187=PLANE('',#5847);
#5188=PLANE('',#5848);
#5189=PLANE('',#5849);
#5190=PLANE('',#5850);
#5191=PLANE('',#5851);
#5192=PLANE('',#5852);
#5193=PLANE('',#5853);
#5194=PLANE('',#5854);
#5195=PLANE('',#5855);
#5196=PLANE('',#5856);
#5197=PLANE('',#5857);
#5198=PLANE('',#5858);
#5199=PLANE('',#5859);
#5200=PLANE('',#5860);
#5201=PLANE('',#5861);
#5202=PLANE('',#5862);
#5203=PLANE('',#5863);
#5204=PLANE('',#5864);
#5205=PLANE('',#5865);
#5206=PLANE('',#5866);
#5207=PLANE('',#5867);
#5208=PLANE('',#5868);
#5209=PLANE('',#5869);
#5210=PLANE('',#5870);
#5211=PLANE('',#5871);
#5212=PLANE('',#5872);
#5213=PLANE('',#5873);
#5214=PLANE('',#5874);
#5215=PLANE('',#5875);
#5216=PLANE('',#5876);
#5217=PLANE('',#5877);
#5218=PLANE('',#5878);
#5219=PLANE('',#5879);
#5220=PLANE('',#5880);
#5221=PLANE('',#5881);
#5222=PLANE('',#5882);
#5223=PLANE('',#5883);
#5224=PLANE('',#5884);
#5225=PLANE('',#5885);
#5226=PLANE('',#5886);
#5227=PLANE('',#5887);
#5228=PLANE('',#5888);
#5229=PLANE('',#5889);
#5230=PLANE('',#5890);
#5231=PLANE('',#5891);
#5232=PLANE('',#5892);
#5233=PLANE('',#5893);
#5234=PLANE('',#5906);
#5235=PLANE('',#5907);
#5236=PLANE('',#5908);
#5237=PLANE('',#5909);
#5238=PLANE('',#5910);
#5239=PLANE('',#5911);
#5240=PLANE('',#5912);
#5241=PLANE('',#5913);
#5242=PLANE('',#5914);
#5243=PLANE('',#5915);
#5244=PLANE('',#5916);
#5245=PLANE('',#5917);
#5246=PLANE('',#5918);
#5247=PLANE('',#5919);
#5248=PLANE('',#5920);
#5249=PLANE('',#5921);
#5250=PLANE('',#5922);
#5251=PLANE('',#5923);
#5252=PLANE('',#5924);
#5253=PLANE('',#5925);
#5254=PLANE('',#5926);
#5255=PLANE('',#5927);
#5256=PLANE('',#5928);
#5257=PLANE('',#5929);
#5258=PLANE('',#5930);
#5259=PLANE('',#5931);
#5260=PLANE('',#5932);
#5261=PLANE('',#5933);
#5262=PLANE('',#5934);
#5263=PLANE('',#5935);
#5264=PLANE('',#5936);
#5265=PLANE('',#5937);
#5266=PLANE('',#5938);
#5267=PLANE('',#5939);
#5268=PLANE('',#5940);
#5269=PLANE('',#5941);
#5270=PLANE('',#5942);
#5271=PLANE('',#5943);
#5272=PLANE('',#5944);
#5273=PLANE('',#5945);
#5274=PLANE('',#5946);
#5275=PLANE('',#5947);
#5276=PLANE('',#5948);
#5277=PLANE('',#5949);
#5278=PLANE('',#5950);
#5279=PLANE('',#5951);
#5280=PLANE('',#5952);
#5281=PLANE('',#5953);
#5282=PLANE('',#5954);
#5283=PLANE('',#5955);
#5284=PLANE('',#5956);
#5285=PLANE('',#5957);
#5286=PLANE('',#5958);
#5287=PLANE('',#5959);
#5288=PLANE('',#5960);
#5289=PLANE('',#5961);
#5290=PLANE('',#5962);
#5291=PLANE('',#5963);
#5292=PLANE('',#5964);
#5293=PLANE('',#5965);
#5294=PLANE('',#5966);
#5295=PLANE('',#5967);
#5296=PLANE('',#5968);
#5297=PLANE('',#5969);
#5298=PLANE('',#5970);
#5299=PLANE('',#5971);
#5300=PLANE('',#5972);
#5301=PLANE('',#5973);
#5302=PLANE('',#5974);
#5303=PLANE('',#5975);
#5304=PLANE('',#5976);
#5305=PLANE('',#5977);
#5306=PLANE('',#5978);
#5307=PLANE('',#5979);
#5308=PLANE('',#5980);
#5309=PLANE('',#5981);
#5310=PLANE('',#5982);
#5311=PLANE('',#5983);
#5312=PLANE('',#5984);
#5313=PLANE('',#5985);
#5314=PLANE('',#5986);
#5315=PLANE('',#5987);
#5316=PLANE('',#5988);
#5317=PLANE('',#5989);
#5318=PLANE('',#5990);
#5319=PLANE('',#5991);
#5320=PLANE('',#5992);
#5321=PLANE('',#5993);
#5322=PLANE('',#5994);
#5323=PLANE('',#5995);
#5324=PLANE('',#5996);
#5325=PLANE('',#5997);
#5326=PLANE('',#5998);
#5327=PLANE('',#5999);
#5328=PLANE('',#6000);
#5329=PLANE('',#6001);
#5330=PLANE('',#6002);
#5331=PLANE('',#6003);
#5332=PLANE('',#6004);
#5333=PLANE('',#6005);
#5334=PLANE('',#6006);
#5335=PLANE('',#6007);
#5336=PLANE('',#6008);
#5337=PLANE('',#6009);
#5338=PLANE('',#6010);
#5339=PLANE('',#6011);
#5340=PLANE('',#6012);
#5341=PLANE('',#6013);
#5342=PLANE('',#6014);
#5343=PLANE('',#6015);
#5344=PLANE('',#6016);
#5345=PLANE('',#6017);
#5346=PLANE('',#6018);
#5347=PLANE('',#6019);
#5348=PLANE('',#6020);
#5349=PLANE('',#6021);
#5350=PLANE('',#6022);
#5351=PLANE('',#6023);
#5352=PLANE('',#6024);
#5353=PLANE('',#6025);
#5354=PLANE('',#6026);
#5355=PLANE('',#6027);
#5356=PLANE('',#6028);
#5357=PLANE('',#6029);
#5358=PLANE('',#6030);
#5359=PLANE('',#6031);
#5360=PLANE('',#6032);
#5361=PLANE('',#6033);
#5362=PLANE('',#6034);
#5363=PLANE('',#6035);
#5364=PLANE('',#6036);
#5365=PLANE('',#6037);
#5366=PLANE('',#6038);
#5367=PLANE('',#6039);
#5368=PLANE('',#6040);
#5369=PLANE('',#6041);
#5370=PLANE('',#6042);
#5371=PLANE('',#6043);
#5372=PLANE('',#6044);
#5373=PLANE('',#6045);
#5374=PLANE('',#6046);
#5375=PLANE('',#6047);
#5376=PLANE('',#6048);
#5377=PLANE('',#6049);
#5378=PLANE('',#6050);
#5379=PLANE('',#6051);
#5380=PLANE('',#6052);
#5381=PLANE('',#6053);
#5382=PLANE('',#6054);
#5383=PLANE('',#6055);
#5384=PLANE('',#6056);
#5385=PLANE('',#6057);
#5386=PLANE('',#6058);
#5387=PLANE('',#6059);
#5388=PLANE('',#6060);
#5389=PLANE('',#6061);
#5390=PLANE('',#6062);
#5391=PLANE('',#6063);
#5392=PLANE('',#6064);
#5393=PLANE('',#6065);
#5394=PLANE('',#6066);
#5395=PLANE('',#6067);
#5396=PLANE('',#6068);
#5397=PLANE('',#6069);
#5398=PLANE('',#6070);
#5399=PLANE('',#6071);
#5400=PLANE('',#6072);
#5401=PLANE('',#6073);
#5402=PLANE('',#6074);
#5403=PLANE('',#6075);
#5404=PLANE('',#6076);
#5405=PLANE('',#6077);
#5406=PLANE('',#6078);
#5407=PLANE('',#6079);
#5408=PLANE('',#6080);
#5409=PLANE('',#6081);
#5410=PLANE('',#6082);
#5411=PLANE('',#6083);
#5412=PLANE('',#6084);
#5413=PLANE('',#6085);
#5414=ADVANCED_FACE('',(#136),#5103,.T.);
#5415=ADVANCED_FACE('',(#137),#5104,.T.);
#5416=ADVANCED_FACE('',(#138),#5105,.T.);
#5417=ADVANCED_FACE('',(#139),#5106,.T.);
#5418=ADVANCED_FACE('',(#140),#5107,.T.);
#5419=ADVANCED_FACE('',(#141),#5108,.T.);
#5420=ADVANCED_FACE('',(#142),#5109,.T.);
#5421=ADVANCED_FACE('',(#143),#5110,.T.);
#5422=ADVANCED_FACE('',(#144,#67),#5111,.F.);
#5423=ADVANCED_FACE('',(#145),#5112,.T.);
#5424=ADVANCED_FACE('',(#146),#5113,.T.);
#5425=ADVANCED_FACE('',(#147),#5114,.T.);
#5426=ADVANCED_FACE('',(#148),#5115,.T.);
#5427=ADVANCED_FACE('',(#149),#5116,.T.);
#5428=ADVANCED_FACE('',(#150),#5117,.T.);
#5429=ADVANCED_FACE('',(#151),#5118,.T.);
#5430=ADVANCED_FACE('',(#152),#5119,.T.);
#5431=ADVANCED_FACE('',(#153,#68),#5120,.F.);
#5432=ADVANCED_FACE('',(#154),#5121,.T.);
#5433=ADVANCED_FACE('',(#155),#5122,.T.);
#5434=ADVANCED_FACE('',(#156),#5123,.T.);
#5435=ADVANCED_FACE('',(#157),#5124,.T.);
#5436=ADVANCED_FACE('',(#158),#5125,.T.);
#5437=ADVANCED_FACE('',(#159),#5126,.T.);
#5438=ADVANCED_FACE('',(#160),#5127,.T.);
#5439=ADVANCED_FACE('',(#161),#5128,.T.);
#5440=ADVANCED_FACE('',(#162,#69),#5129,.F.);
#5441=ADVANCED_FACE('',(#163),#5130,.T.);
#5442=ADVANCED_FACE('',(#164),#5131,.T.);
#5443=ADVANCED_FACE('',(#165),#5132,.T.);
#5444=ADVANCED_FACE('',(#166),#5133,.T.);
#5445=ADVANCED_FACE('',(#167),#5134,.T.);
#5446=ADVANCED_FACE('',(#168),#5135,.T.);
#5447=ADVANCED_FACE('',(#169),#5136,.T.);
#5448=ADVANCED_FACE('',(#170),#5137,.T.);
#5449=ADVANCED_FACE('',(#171,#70),#5138,.F.);
#5450=ADVANCED_FACE('',(#172),#5139,.T.);
#5451=ADVANCED_FACE('',(#173),#5140,.T.);
#5452=ADVANCED_FACE('',(#174),#5141,.T.);
#5453=ADVANCED_FACE('',(#175),#5142,.T.);
#5454=ADVANCED_FACE('',(#176),#5143,.T.);
#5455=ADVANCED_FACE('',(#177),#5144,.T.);
#5456=ADVANCED_FACE('',(#178),#5145,.T.);
#5457=ADVANCED_FACE('',(#179),#5146,.T.);
#5458=ADVANCED_FACE('',(#180,#71),#5147,.F.);
#5459=ADVANCED_FACE('',(#181),#5148,.T.);
#5460=ADVANCED_FACE('',(#182),#5149,.T.);
#5461=ADVANCED_FACE('',(#183),#5150,.T.);
#5462=ADVANCED_FACE('',(#184),#5151,.T.);
#5463=ADVANCED_FACE('',(#185),#5152,.T.);
#5464=ADVANCED_FACE('',(#186),#5153,.T.);
#5465=ADVANCED_FACE('',(#187),#5154,.T.);
#5466=ADVANCED_FACE('',(#188),#5155,.T.);
#5467=ADVANCED_FACE('',(#189,#72),#5156,.F.);
#5468=ADVANCED_FACE('',(#190),#5157,.T.);
#5469=ADVANCED_FACE('',(#191),#5158,.T.);
#5470=ADVANCED_FACE('',(#192),#5159,.T.);
#5471=ADVANCED_FACE('',(#193),#5160,.T.);
#5472=ADVANCED_FACE('',(#194),#5161,.T.);
#5473=ADVANCED_FACE('',(#195),#5162,.T.);
#5474=ADVANCED_FACE('',(#196),#5163,.T.);
#5475=ADVANCED_FACE('',(#197),#5164,.T.);
#5476=ADVANCED_FACE('',(#198,#73),#5165,.F.);
#5477=ADVANCED_FACE('',(#199),#5166,.T.);
#5478=ADVANCED_FACE('',(#200),#5167,.T.);
#5479=ADVANCED_FACE('',(#201),#5168,.T.);
#5480=ADVANCED_FACE('',(#202),#5169,.T.);
#5481=ADVANCED_FACE('',(#203),#5170,.T.);
#5482=ADVANCED_FACE('',(#204),#5171,.T.);
#5483=ADVANCED_FACE('',(#205),#5172,.T.);
#5484=ADVANCED_FACE('',(#206),#5173,.T.);
#5485=ADVANCED_FACE('',(#207,#74),#5174,.F.);
#5486=ADVANCED_FACE('',(#208),#5175,.T.);
#5487=ADVANCED_FACE('',(#209),#5176,.T.);
#5488=ADVANCED_FACE('',(#210),#5177,.T.);
#5489=ADVANCED_FACE('',(#211),#5178,.T.);
#5490=ADVANCED_FACE('',(#212),#5179,.T.);
#5491=ADVANCED_FACE('',(#213),#5180,.T.);
#5492=ADVANCED_FACE('',(#214),#5181,.T.);
#5493=ADVANCED_FACE('',(#215),#5182,.T.);
#5494=ADVANCED_FACE('',(#216,#75),#5183,.F.);
#5495=ADVANCED_FACE('',(#217),#5184,.T.);
#5496=ADVANCED_FACE('',(#218),#5185,.T.);
#5497=ADVANCED_FACE('',(#219),#5186,.T.);
#5498=ADVANCED_FACE('',(#220),#5187,.T.);
#5499=ADVANCED_FACE('',(#221),#5188,.T.);
#5500=ADVANCED_FACE('',(#222),#5189,.T.);
#5501=ADVANCED_FACE('',(#223),#5190,.T.);
#5502=ADVANCED_FACE('',(#224),#5191,.T.);
#5503=ADVANCED_FACE('',(#225,#76),#5192,.F.);
#5504=ADVANCED_FACE('',(#226),#5193,.T.);
#5505=ADVANCED_FACE('',(#227),#5194,.T.);
#5506=ADVANCED_FACE('',(#228),#5195,.T.);
#5507=ADVANCED_FACE('',(#229),#5196,.T.);
#5508=ADVANCED_FACE('',(#230),#5197,.T.);
#5509=ADVANCED_FACE('',(#231),#5198,.T.);
#5510=ADVANCED_FACE('',(#232),#5199,.T.);
#5511=ADVANCED_FACE('',(#233),#5200,.T.);
#5512=ADVANCED_FACE('',(#234,#77),#5201,.F.);
#5513=ADVANCED_FACE('',(#235),#5202,.T.);
#5514=ADVANCED_FACE('',(#236),#5203,.T.);
#5515=ADVANCED_FACE('',(#237),#5204,.T.);
#5516=ADVANCED_FACE('',(#238),#5205,.T.);
#5517=ADVANCED_FACE('',(#239),#5206,.T.);
#5518=ADVANCED_FACE('',(#240),#5207,.T.);
#5519=ADVANCED_FACE('',(#241),#5208,.T.);
#5520=ADVANCED_FACE('',(#242),#5209,.T.);
#5521=ADVANCED_FACE('',(#243,#78),#5210,.F.);
#5522=ADVANCED_FACE('',(#244),#5211,.T.);
#5523=ADVANCED_FACE('',(#245),#5212,.T.);
#5524=ADVANCED_FACE('',(#246),#5213,.T.);
#5525=ADVANCED_FACE('',(#247),#5214,.T.);
#5526=ADVANCED_FACE('',(#248),#5215,.T.);
#5527=ADVANCED_FACE('',(#249),#5216,.T.);
#5528=ADVANCED_FACE('',(#250),#5217,.T.);
#5529=ADVANCED_FACE('',(#251),#5218,.T.);
#5530=ADVANCED_FACE('',(#252,#79),#5219,.F.);
#5531=ADVANCED_FACE('',(#253),#5220,.T.);
#5532=ADVANCED_FACE('',(#254),#5221,.T.);
#5533=ADVANCED_FACE('',(#255),#5222,.T.);
#5534=ADVANCED_FACE('',(#256),#5223,.T.);
#5535=ADVANCED_FACE('',(#257),#5224,.T.);
#5536=ADVANCED_FACE('',(#258),#5225,.T.);
#5537=ADVANCED_FACE('',(#259),#5226,.T.);
#5538=ADVANCED_FACE('',(#260),#5227,.T.);
#5539=ADVANCED_FACE('',(#261,#80),#5228,.F.);
#5540=ADVANCED_FACE('',(#262),#5229,.T.);
#5541=ADVANCED_FACE('',(#263),#5230,.T.);
#5542=ADVANCED_FACE('',(#264),#5231,.T.);
#5543=ADVANCED_FACE('',(#265),#5232,.T.);
#5544=ADVANCED_FACE('',(#266),#5233,.T.);
#5545=ADVANCED_FACE('',(#267),#63,.F.);
#5546=ADVANCED_FACE('',(#268),#64,.F.);
#5547=ADVANCED_FACE('',(#269),#65,.F.);
#5548=ADVANCED_FACE('',(#270),#66,.F.);
#5549=ADVANCED_FACE('',(#271),#5234,.T.);
#5550=ADVANCED_FACE('',(#272),#5235,.T.);
#5551=ADVANCED_FACE('',(#273),#5236,.T.);
#5552=ADVANCED_FACE('',(#274),#5237,.T.);
#5553=ADVANCED_FACE('',(#275,#81,#82,#83,#84,#85,#86,#87,#88,#89,#90,#91,
#92,#93,#94,#95,#96,#97,#98,#99,#100,#101,#102,#103,#104,#105),#5238,.T.);
#5554=ADVANCED_FACE('',(#276,#106,#107,#108,#109,#110,#111,#112,#113,#114,
#115,#116,#117,#118,#119,#120,#121,#122,#123,#124,#125,#126,#127,#128,#129),
#5239,.F.);
#5555=ADVANCED_FACE('',(#277),#5240,.T.);
#5556=ADVANCED_FACE('',(#278),#5241,.T.);
#5557=ADVANCED_FACE('',(#279),#5242,.T.);
#5558=ADVANCED_FACE('',(#280),#5243,.T.);
#5559=ADVANCED_FACE('',(#281),#5244,.T.);
#5560=ADVANCED_FACE('',(#282),#5245,.T.);
#5561=ADVANCED_FACE('',(#283),#5246,.T.);
#5562=ADVANCED_FACE('',(#284),#5247,.T.);
#5563=ADVANCED_FACE('',(#285,#130),#5248,.F.);
#5564=ADVANCED_FACE('',(#286),#5249,.T.);
#5565=ADVANCED_FACE('',(#287),#5250,.T.);
#5566=ADVANCED_FACE('',(#288),#5251,.T.);
#5567=ADVANCED_FACE('',(#289),#5252,.T.);
#5568=ADVANCED_FACE('',(#290),#5253,.T.);
#5569=ADVANCED_FACE('',(#291),#5254,.T.);
#5570=ADVANCED_FACE('',(#292),#5255,.T.);
#5571=ADVANCED_FACE('',(#293),#5256,.T.);
#5572=ADVANCED_FACE('',(#294,#131),#5257,.F.);
#5573=ADVANCED_FACE('',(#295),#5258,.T.);
#5574=ADVANCED_FACE('',(#296),#5259,.T.);
#5575=ADVANCED_FACE('',(#297),#5260,.T.);
#5576=ADVANCED_FACE('',(#298),#5261,.T.);
#5577=ADVANCED_FACE('',(#299),#5262,.T.);
#5578=ADVANCED_FACE('',(#300),#5263,.T.);
#5579=ADVANCED_FACE('',(#301),#5264,.T.);
#5580=ADVANCED_FACE('',(#302),#5265,.T.);
#5581=ADVANCED_FACE('',(#303,#132),#5266,.F.);
#5582=ADVANCED_FACE('',(#304),#5267,.T.);
#5583=ADVANCED_FACE('',(#305),#5268,.T.);
#5584=ADVANCED_FACE('',(#306),#5269,.T.);
#5585=ADVANCED_FACE('',(#307),#5270,.T.);
#5586=ADVANCED_FACE('',(#308),#5271,.T.);
#5587=ADVANCED_FACE('',(#309),#5272,.T.);
#5588=ADVANCED_FACE('',(#310),#5273,.T.);
#5589=ADVANCED_FACE('',(#311),#5274,.T.);
#5590=ADVANCED_FACE('',(#312,#133),#5275,.F.);
#5591=ADVANCED_FACE('',(#313),#5276,.T.);
#5592=ADVANCED_FACE('',(#314),#5277,.T.);
#5593=ADVANCED_FACE('',(#315),#5278,.T.);
#5594=ADVANCED_FACE('',(#316),#5279,.T.);
#5595=ADVANCED_FACE('',(#317),#5280,.T.);
#5596=ADVANCED_FACE('',(#318),#5281,.T.);
#5597=ADVANCED_FACE('',(#319),#5282,.T.);
#5598=ADVANCED_FACE('',(#320),#5283,.T.);
#5599=ADVANCED_FACE('',(#321,#134),#5284,.F.);
#5600=ADVANCED_FACE('',(#322),#5285,.T.);
#5601=ADVANCED_FACE('',(#323),#5286,.T.);
#5602=ADVANCED_FACE('',(#324),#5287,.T.);
#5603=ADVANCED_FACE('',(#325),#5288,.T.);
#5604=ADVANCED_FACE('',(#326),#5289,.T.);
#5605=ADVANCED_FACE('',(#327),#5290,.T.);
#5606=ADVANCED_FACE('',(#328),#5291,.T.);
#5607=ADVANCED_FACE('',(#329),#5292,.T.);
#5608=ADVANCED_FACE('',(#330,#135),#5293,.F.);
#5609=ADVANCED_FACE('',(#331),#5294,.T.);
#5610=ADVANCED_FACE('',(#332),#5295,.T.);
#5611=ADVANCED_FACE('',(#333),#5296,.T.);
#5612=ADVANCED_FACE('',(#334),#5297,.T.);
#5613=ADVANCED_FACE('',(#335),#5298,.T.);
#5614=ADVANCED_FACE('',(#336),#5299,.T.);
#5615=ADVANCED_FACE('',(#337),#5300,.T.);
#5616=ADVANCED_FACE('',(#338),#5301,.T.);
#5617=ADVANCED_FACE('',(#339),#5302,.T.);
#5618=ADVANCED_FACE('',(#340),#5303,.T.);
#5619=ADVANCED_FACE('',(#341),#5304,.T.);
#5620=ADVANCED_FACE('',(#342),#5305,.T.);
#5621=ADVANCED_FACE('',(#343),#5306,.T.);
#5622=ADVANCED_FACE('',(#344),#5307,.T.);
#5623=ADVANCED_FACE('',(#345),#5308,.T.);
#5624=ADVANCED_FACE('',(#346),#5309,.T.);
#5625=ADVANCED_FACE('',(#347),#5310,.T.);
#5626=ADVANCED_FACE('',(#348),#5311,.T.);
#5627=ADVANCED_FACE('',(#349),#5312,.T.);
#5628=ADVANCED_FACE('',(#350),#5313,.T.);
#5629=ADVANCED_FACE('',(#351),#5314,.T.);
#5630=ADVANCED_FACE('',(#352),#5315,.T.);
#5631=ADVANCED_FACE('',(#353),#5316,.T.);
#5632=ADVANCED_FACE('',(#354),#5317,.T.);
#5633=ADVANCED_FACE('',(#355),#5318,.T.);
#5634=ADVANCED_FACE('',(#356),#5319,.T.);
#5635=ADVANCED_FACE('',(#357),#5320,.T.);
#5636=ADVANCED_FACE('',(#358),#5321,.T.);
#5637=ADVANCED_FACE('',(#359),#5322,.T.);
#5638=ADVANCED_FACE('',(#360),#5323,.T.);
#5639=ADVANCED_FACE('',(#361),#5324,.T.);
#5640=ADVANCED_FACE('',(#362),#5325,.T.);
#5641=ADVANCED_FACE('',(#363),#5326,.T.);
#5642=ADVANCED_FACE('',(#364),#5327,.T.);
#5643=ADVANCED_FACE('',(#365),#5328,.T.);
#5644=ADVANCED_FACE('',(#366),#5329,.T.);
#5645=ADVANCED_FACE('',(#367),#5330,.T.);
#5646=ADVANCED_FACE('',(#368),#5331,.T.);
#5647=ADVANCED_FACE('',(#369),#5332,.T.);
#5648=ADVANCED_FACE('',(#370),#5333,.T.);
#5649=ADVANCED_FACE('',(#371),#5334,.T.);
#5650=ADVANCED_FACE('',(#372),#5335,.T.);
#5651=ADVANCED_FACE('',(#373),#5336,.T.);
#5652=ADVANCED_FACE('',(#374),#5337,.T.);
#5653=ADVANCED_FACE('',(#375),#5338,.T.);
#5654=ADVANCED_FACE('',(#376),#5339,.T.);
#5655=ADVANCED_FACE('',(#377),#5340,.T.);
#5656=ADVANCED_FACE('',(#378),#5341,.T.);
#5657=ADVANCED_FACE('',(#379),#5342,.T.);
#5658=ADVANCED_FACE('',(#380),#5343,.T.);
#5659=ADVANCED_FACE('',(#381),#5344,.T.);
#5660=ADVANCED_FACE('',(#382),#5345,.T.);
#5661=ADVANCED_FACE('',(#383),#5346,.T.);
#5662=ADVANCED_FACE('',(#384),#5347,.T.);
#5663=ADVANCED_FACE('',(#385),#5348,.T.);
#5664=ADVANCED_FACE('',(#386),#5349,.T.);
#5665=ADVANCED_FACE('',(#387),#5350,.T.);
#5666=ADVANCED_FACE('',(#388),#5351,.T.);
#5667=ADVANCED_FACE('',(#389),#5352,.T.);
#5668=ADVANCED_FACE('',(#390),#5353,.T.);
#5669=ADVANCED_FACE('',(#391),#5354,.T.);
#5670=ADVANCED_FACE('',(#392),#5355,.T.);
#5671=ADVANCED_FACE('',(#393),#5356,.T.);
#5672=ADVANCED_FACE('',(#394),#5357,.T.);
#5673=ADVANCED_FACE('',(#395),#5358,.T.);
#5674=ADVANCED_FACE('',(#396),#5359,.T.);
#5675=ADVANCED_FACE('',(#397),#5360,.T.);
#5676=ADVANCED_FACE('',(#398),#5361,.T.);
#5677=ADVANCED_FACE('',(#399),#5362,.T.);
#5678=ADVANCED_FACE('',(#400),#5363,.T.);
#5679=ADVANCED_FACE('',(#401),#5364,.T.);
#5680=ADVANCED_FACE('',(#402),#5365,.T.);
#5681=ADVANCED_FACE('',(#403),#5366,.T.);
#5682=ADVANCED_FACE('',(#404),#5367,.T.);
#5683=ADVANCED_FACE('',(#405),#5368,.T.);
#5684=ADVANCED_FACE('',(#406),#5369,.T.);
#5685=ADVANCED_FACE('',(#407),#5370,.T.);
#5686=ADVANCED_FACE('',(#408),#5371,.T.);
#5687=ADVANCED_FACE('',(#409),#5372,.T.);
#5688=ADVANCED_FACE('',(#410),#5373,.T.);
#5689=ADVANCED_FACE('',(#411),#5374,.T.);
#5690=ADVANCED_FACE('',(#412),#5375,.T.);
#5691=ADVANCED_FACE('',(#413),#5376,.T.);
#5692=ADVANCED_FACE('',(#414),#5377,.T.);
#5693=ADVANCED_FACE('',(#415),#5378,.T.);
#5694=ADVANCED_FACE('',(#416),#5379,.T.);
#5695=ADVANCED_FACE('',(#417),#5380,.T.);
#5696=ADVANCED_FACE('',(#418),#5381,.T.);
#5697=ADVANCED_FACE('',(#419),#5382,.T.);
#5698=ADVANCED_FACE('',(#420),#5383,.T.);
#5699=ADVANCED_FACE('',(#421),#5384,.T.);
#5700=ADVANCED_FACE('',(#422),#5385,.T.);
#5701=ADVANCED_FACE('',(#423),#5386,.T.);
#5702=ADVANCED_FACE('',(#424),#5387,.T.);
#5703=ADVANCED_FACE('',(#425),#5388,.T.);
#5704=ADVANCED_FACE('',(#426),#5389,.T.);
#5705=ADVANCED_FACE('',(#427),#5390,.T.);
#5706=ADVANCED_FACE('',(#428),#5391,.T.);
#5707=ADVANCED_FACE('',(#429),#5392,.T.);
#5708=ADVANCED_FACE('',(#430),#5393,.T.);
#5709=ADVANCED_FACE('',(#431),#5394,.T.);
#5710=ADVANCED_FACE('',(#432),#5395,.T.);
#5711=ADVANCED_FACE('',(#433),#5396,.T.);
#5712=ADVANCED_FACE('',(#434),#5397,.T.);
#5713=ADVANCED_FACE('',(#435),#5398,.T.);
#5714=ADVANCED_FACE('',(#436),#5399,.T.);
#5715=ADVANCED_FACE('',(#437),#5400,.T.);
#5716=ADVANCED_FACE('',(#438),#5401,.T.);
#5717=ADVANCED_FACE('',(#439),#5402,.T.);
#5718=ADVANCED_FACE('',(#440),#5403,.T.);
#5719=ADVANCED_FACE('',(#441),#5404,.T.);
#5720=ADVANCED_FACE('',(#442),#5405,.T.);
#5721=ADVANCED_FACE('',(#443),#5406,.T.);
#5722=ADVANCED_FACE('',(#444),#5407,.T.);
#5723=ADVANCED_FACE('',(#445),#5408,.T.);
#5724=ADVANCED_FACE('',(#446),#5409,.T.);
#5725=ADVANCED_FACE('',(#447),#5410,.T.);
#5726=ADVANCED_FACE('',(#448),#5411,.T.);
#5727=ADVANCED_FACE('',(#449),#5412,.T.);
#5728=ADVANCED_FACE('',(#450),#5413,.T.);
#5729=CLOSED_SHELL('',(#5414,#5415,#5416,#5417,#5418,#5419,#5420,#5421,
#5422,#5423,#5424,#5425,#5426,#5427,#5428,#5429,#5430,#5431,#5432,#5433,
#5434,#5435,#5436,#5437,#5438,#5439,#5440,#5441,#5442,#5443,#5444,#5445,
#5446,#5447,#5448,#5449,#5450,#5451,#5452,#5453,#5454,#5455,#5456,#5457,
#5458,#5459,#5460,#5461,#5462,#5463,#5464,#5465,#5466,#5467,#5468,#5469,
#5470,#5471,#5472,#5473,#5474,#5475,#5476,#5477,#5478,#5479,#5480,#5481,
#5482,#5483,#5484,#5485,#5486,#5487,#5488,#5489,#5490,#5491,#5492,#5493,
#5494,#5495,#5496,#5497,#5498,#5499,#5500,#5501,#5502,#5503,#5504,#5505,
#5506,#5507,#5508,#5509,#5510,#5511,#5512,#5513,#5514,#5515,#5516,#5517,
#5518,#5519,#5520,#5521,#5522,#5523,#5524,#5525,#5526,#5527,#5528,#5529,
#5530,#5531,#5532,#5533,#5534,#5535,#5536,#5537,#5538,#5539,#5540,#5541,
#5542,#5543,#5544,#5545,#5546,#5547,#5548,#5549,#5550,#5551,#5552,#5553,
#5554,#5555,#5556,#5557,#5558,#5559,#5560,#5561,#5562,#5563,#5564,#5565,
#5566,#5567,#5568,#5569,#5570,#5571,#5572,#5573,#5574,#5575,#5576,#5577,
#5578,#5579,#5580,#5581,#5582,#5583,#5584,#5585,#5586,#5587,#5588,#5589,
#5590,#5591,#5592,#5593,#5594,#5595,#5596,#5597,#5598,#5599,#5600,#5601,
#5602,#5603,#5604,#5605,#5606,#5607,#5608));
#5730=CLOSED_SHELL('',(#5609,#5610,#5611,#5612,#5613,#5614));
#5731=CLOSED_SHELL('',(#5615,#5616,#5617,#5618,#5619,#5620));
#5732=CLOSED_SHELL('',(#5621,#5622,#5623,#5624,#5625,#5626));
#5733=CLOSED_SHELL('',(#5627,#5628,#5629,#5630,#5631,#5632));
#5734=CLOSED_SHELL('',(#5633,#5634,#5635,#5636,#5637,#5638));
#5735=CLOSED_SHELL('',(#5639,#5640,#5641,#5642,#5643,#5644));
#5736=CLOSED_SHELL('',(#5645,#5646,#5647,#5648,#5649,#5650));
#5737=CLOSED_SHELL('',(#5651,#5652,#5653,#5654,#5655,#5656));
#5738=CLOSED_SHELL('',(#5657,#5658,#5659,#5660,#5661,#5662));
#5739=CLOSED_SHELL('',(#5663,#5664,#5665,#5666,#5667,#5668));
#5740=CLOSED_SHELL('',(#5669,#5670,#5671,#5672,#5673,#5674));
#5741=CLOSED_SHELL('',(#5675,#5676,#5677,#5678,#5679,#5680));
#5742=CLOSED_SHELL('',(#5681,#5682,#5683,#5684,#5685,#5686));
#5743=CLOSED_SHELL('',(#5687,#5688,#5689,#5690,#5691,#5692));
#5744=CLOSED_SHELL('',(#5693,#5694,#5695,#5696,#5697,#5698));
#5745=CLOSED_SHELL('',(#5699,#5700,#5701,#5702,#5703,#5704));
#5746=CLOSED_SHELL('',(#5705,#5706,#5707,#5708,#5709,#5710));
#5747=CLOSED_SHELL('',(#5711,#5712,#5713,#5714,#5715,#5716));
#5748=CLOSED_SHELL('',(#5717,#5718,#5719,#5720,#5721,#5722));
#5749=CLOSED_SHELL('',(#5723,#5724,#5725,#5726,#5727,#5728));
#5750=DERIVED_UNIT_ELEMENT(#5752,1.);
#5751=DERIVED_UNIT_ELEMENT(#9063,-3.);
#5752=(
MASS_UNIT()
NAMED_UNIT(*)
SI_UNIT(.KILO.,.GRAM.)
);
#5753=DERIVED_UNIT((#5750,#5751));
#5754=MEASURE_REPRESENTATION_ITEM('density measure',
POSITIVE_RATIO_MEASURE(7850.),#5753);
#5755=PROPERTY_DEFINITION_REPRESENTATION(#5760,#5757);
#5756=PROPERTY_DEFINITION_REPRESENTATION(#5761,#5758);
#5757=REPRESENTATION('material name',(#5759),#9060);
#5758=REPRESENTATION('density',(#5754),#9060);
#5759=DESCRIPTIVE_REPRESENTATION_ITEM('Steel','Steel');
#5760=PROPERTY_DEFINITION('material property','material name',#9070);
#5761=PROPERTY_DEFINITION('material property','density of part',#9070);
#5762=AXIS2_PLACEMENT_3D('',#7482,#6086,#6087);
#5763=AXIS2_PLACEMENT_3D('',#7483,#6088,#6089);
#5764=AXIS2_PLACEMENT_3D('',#7492,#6094,#6095);
#5765=AXIS2_PLACEMENT_3D('',#7498,#6099,#6100);
#5766=AXIS2_PLACEMENT_3D('',#7504,#6104,#6105);
#5767=AXIS2_PLACEMENT_3D('',#7507,#6108,#6109);
#5768=AXIS2_PLACEMENT_3D('',#7516,#6114,#6115);
#5769=AXIS2_PLACEMENT_3D('',#7522,#6119,#6120);
#5770=AXIS2_PLACEMENT_3D('',#7528,#6124,#6125);
#5771=AXIS2_PLACEMENT_3D('',#7531,#6128,#6129);
#5772=AXIS2_PLACEMENT_3D('',#7532,#6130,#6131);
#5773=AXIS2_PLACEMENT_3D('',#7541,#6136,#6137);
#5774=AXIS2_PLACEMENT_3D('',#7547,#6141,#6142);
#5775=AXIS2_PLACEMENT_3D('',#7553,#6146,#6147);
#5776=AXIS2_PLACEMENT_3D('',#7556,#6150,#6151);
#5777=AXIS2_PLACEMENT_3D('',#7565,#6156,#6157);
#5778=AXIS2_PLACEMENT_3D('',#7571,#6161,#6162);
#5779=AXIS2_PLACEMENT_3D('',#7577,#6166,#6167);
#5780=AXIS2_PLACEMENT_3D('',#7580,#6170,#6171);
#5781=AXIS2_PLACEMENT_3D('',#7581,#6172,#6173);
#5782=AXIS2_PLACEMENT_3D('',#7590,#6178,#6179);
#5783=AXIS2_PLACEMENT_3D('',#7596,#6183,#6184);
#5784=AXIS2_PLACEMENT_3D('',#7602,#6188,#6189);
#5785=AXIS2_PLACEMENT_3D('',#7605,#6192,#6193);
#5786=AXIS2_PLACEMENT_3D('',#7614,#6198,#6199);
#5787=AXIS2_PLACEMENT_3D('',#7620,#6203,#6204);
#5788=AXIS2_PLACEMENT_3D('',#7626,#6208,#6209);
#5789=AXIS2_PLACEMENT_3D('',#7629,#6212,#6213);
#5790=AXIS2_PLACEMENT_3D('',#7630,#6214,#6215);
#5791=AXIS2_PLACEMENT_3D('',#7639,#6220,#6221);
#5792=AXIS2_PLACEMENT_3D('',#7645,#6225,#6226);
#5793=AXIS2_PLACEMENT_3D('',#7651,#6230,#6231);
#5794=AXIS2_PLACEMENT_3D('',#7654,#6234,#6235);
#5795=AXIS2_PLACEMENT_3D('',#7663,#6240,#6241);
#5796=AXIS2_PLACEMENT_3D('',#7669,#6245,#6246);
#5797=AXIS2_PLACEMENT_3D('',#7675,#6250,#6251);
#5798=AXIS2_PLACEMENT_3D('',#7678,#6254,#6255);
#5799=AXIS2_PLACEMENT_3D('',#7679,#6256,#6257);
#5800=AXIS2_PLACEMENT_3D('',#7688,#6262,#6263);
#5801=AXIS2_PLACEMENT_3D('',#7694,#6267,#6268);
#5802=AXIS2_PLACEMENT_3D('',#7700,#6272,#6273);
#5803=AXIS2_PLACEMENT_3D('',#7703,#6276,#6277);
#5804=AXIS2_PLACEMENT_3D('',#7712,#6282,#6283);
#5805=AXIS2_PLACEMENT_3D('',#7718,#6287,#6288);
#5806=AXIS2_PLACEMENT_3D('',#7724,#6292,#6293);
#5807=AXIS2_PLACEMENT_3D('',#7727,#6296,#6297);
#5808=AXIS2_PLACEMENT_3D('',#7728,#6298,#6299);
#5809=AXIS2_PLACEMENT_3D('',#7737,#6304,#6305);
#5810=AXIS2_PLACEMENT_3D('',#7743,#6309,#6310);
#5811=AXIS2_PLACEMENT_3D('',#7749,#6314,#6315);
#5812=AXIS2_PLACEMENT_3D('',#7752,#6318,#6319);
#5813=AXIS2_PLACEMENT_3D('',#7761,#6324,#6325);
#5814=AXIS2_PLACEMENT_3D('',#7767,#6329,#6330);
#5815=AXIS2_PLACEMENT_3D('',#7773,#6334,#6335);
#5816=AXIS2_PLACEMENT_3D('',#7776,#6338,#6339);
#5817=AXIS2_PLACEMENT_3D('',#7777,#6340,#6341);
#5818=AXIS2_PLACEMENT_3D('',#7786,#6346,#6347);
#5819=AXIS2_PLACEMENT_3D('',#7792,#6351,#6352);
#5820=AXIS2_PLACEMENT_3D('',#7798,#6356,#6357);
#5821=AXIS2_PLACEMENT_3D('',#7801,#6360,#6361);
#5822=AXIS2_PLACEMENT_3D('',#7810,#6366,#6367);
#5823=AXIS2_PLACEMENT_3D('',#7816,#6371,#6372);
#5824=AXIS2_PLACEMENT_3D('',#7822,#6376,#6377);
#5825=AXIS2_PLACEMENT_3D('',#7825,#6380,#6381);
#5826=AXIS2_PLACEMENT_3D('',#7826,#6382,#6383);
#5827=AXIS2_PLACEMENT_3D('',#7835,#6388,#6389);
#5828=AXIS2_PLACEMENT_3D('',#7841,#6393,#6394);
#5829=AXIS2_PLACEMENT_3D('',#7847,#6398,#6399);
#5830=AXIS2_PLACEMENT_3D('',#7850,#6402,#6403);
#5831=AXIS2_PLACEMENT_3D('',#7859,#6408,#6409);
#5832=AXIS2_PLACEMENT_3D('',#7865,#6413,#6414);
#5833=AXIS2_PLACEMENT_3D('',#7871,#6418,#6419);
#5834=AXIS2_PLACEMENT_3D('',#7874,#6422,#6423);
#5835=AXIS2_PLACEMENT_3D('',#7875,#6424,#6425);
#5836=AXIS2_PLACEMENT_3D('',#7884,#6430,#6431);
#5837=AXIS2_PLACEMENT_3D('',#7890,#6435,#6436);
#5838=AXIS2_PLACEMENT_3D('',#7896,#6440,#6441);
#5839=AXIS2_PLACEMENT_3D('',#7899,#6444,#6445);
#5840=AXIS2_PLACEMENT_3D('',#7908,#6450,#6451);
#5841=AXIS2_PLACEMENT_3D('',#7914,#6455,#6456);
#5842=AXIS2_PLACEMENT_3D('',#7920,#6460,#6461);
#5843=AXIS2_PLACEMENT_3D('',#7923,#6464,#6465);
#5844=AXIS2_PLACEMENT_3D('',#7924,#6466,#6467);
#5845=AXIS2_PLACEMENT_3D('',#7933,#6472,#6473);
#5846=AXIS2_PLACEMENT_3D('',#7939,#6477,#6478);
#5847=AXIS2_PLACEMENT_3D('',#7945,#6482,#6483);
#5848=AXIS2_PLACEMENT_3D('',#7948,#6486,#6487);
#5849=AXIS2_PLACEMENT_3D('',#7957,#6492,#6493);
#5850=AXIS2_PLACEMENT_3D('',#7963,#6497,#6498);
#5851=AXIS2_PLACEMENT_3D('',#7969,#6502,#6503);
#5852=AXIS2_PLACEMENT_3D('',#7972,#6506,#6507);
#5853=AXIS2_PLACEMENT_3D('',#7973,#6508,#6509);
#5854=AXIS2_PLACEMENT_3D('',#7982,#6514,#6515);
#5855=AXIS2_PLACEMENT_3D('',#7988,#6519,#6520);
#5856=AXIS2_PLACEMENT_3D('',#7994,#6524,#6525);
#5857=AXIS2_PLACEMENT_3D('',#7997,#6528,#6529);
#5858=AXIS2_PLACEMENT_3D('',#8006,#6534,#6535);
#5859=AXIS2_PLACEMENT_3D('',#8012,#6539,#6540);
#5860=AXIS2_PLACEMENT_3D('',#8018,#6544,#6545);
#5861=AXIS2_PLACEMENT_3D('',#8021,#6548,#6549);
#5862=AXIS2_PLACEMENT_3D('',#8022,#6550,#6551);
#5863=AXIS2_PLACEMENT_3D('',#8031,#6556,#6557);
#5864=AXIS2_PLACEMENT_3D('',#8037,#6561,#6562);
#5865=AXIS2_PLACEMENT_3D('',#8043,#6566,#6567);
#5866=AXIS2_PLACEMENT_3D('',#8046,#6570,#6571);
#5867=AXIS2_PLACEMENT_3D('',#8055,#6576,#6577);
#5868=AXIS2_PLACEMENT_3D('',#8061,#6581,#6582);
#5869=AXIS2_PLACEMENT_3D('',#8067,#6586,#6587);
#5870=AXIS2_PLACEMENT_3D('',#8070,#6590,#6591);
#5871=AXIS2_PLACEMENT_3D('',#8071,#6592,#6593);
#5872=AXIS2_PLACEMENT_3D('',#8080,#6598,#6599);
#5873=AXIS2_PLACEMENT_3D('',#8086,#6603,#6604);
#5874=AXIS2_PLACEMENT_3D('',#8092,#6608,#6609);
#5875=AXIS2_PLACEMENT_3D('',#8095,#6612,#6613);
#5876=AXIS2_PLACEMENT_3D('',#8104,#6618,#6619);
#5877=AXIS2_PLACEMENT_3D('',#8110,#6623,#6624);
#5878=AXIS2_PLACEMENT_3D('',#8116,#6628,#6629);
#5879=AXIS2_PLACEMENT_3D('',#8119,#6632,#6633);
#5880=AXIS2_PLACEMENT_3D('',#8120,#6634,#6635);
#5881=AXIS2_PLACEMENT_3D('',#8129,#6640,#6641);
#5882=AXIS2_PLACEMENT_3D('',#8135,#6645,#6646);
#5883=AXIS2_PLACEMENT_3D('',#8141,#6650,#6651);
#5884=AXIS2_PLACEMENT_3D('',#8144,#6654,#6655);
#5885=AXIS2_PLACEMENT_3D('',#8153,#6660,#6661);
#5886=AXIS2_PLACEMENT_3D('',#8159,#6665,#6666);
#5887=AXIS2_PLACEMENT_3D('',#8165,#6670,#6671);
#5888=AXIS2_PLACEMENT_3D('',#8168,#6674,#6675);
#5889=AXIS2_PLACEMENT_3D('',#8169,#6676,#6677);
#5890=AXIS2_PLACEMENT_3D('',#8178,#6682,#6683);
#5891=AXIS2_PLACEMENT_3D('',#8184,#6687,#6688);
#5892=AXIS2_PLACEMENT_3D('',#8190,#6692,#6693);
#5893=AXIS2_PLACEMENT_3D('',#8193,#6696,#6697);
#5894=AXIS2_PLACEMENT_3D('',#8194,#6698,#6699);
#5895=AXIS2_PLACEMENT_3D('',#8196,#6700,#6701);
#5896=AXIS2_PLACEMENT_3D('',#8199,#6703,#6704);
#5897=AXIS2_PLACEMENT_3D('',#8200,#6705,#6706);
#5898=AXIS2_PLACEMENT_3D('',#8202,#6707,#6708);
#5899=AXIS2_PLACEMENT_3D('',#8205,#6710,#6711);
#5900=AXIS2_PLACEMENT_3D('',#8206,#6712,#6713);
#5901=AXIS2_PLACEMENT_3D('',#8208,#6714,#6715);
#5902=AXIS2_PLACEMENT_3D('',#8211,#6717,#6718);
#5903=AXIS2_PLACEMENT_3D('',#8212,#6719,#6720);
#5904=AXIS2_PLACEMENT_3D('',#8214,#6721,#6722);
#5905=AXIS2_PLACEMENT_3D('',#8217,#6724,#6725);
#5906=AXIS2_PLACEMENT_3D('',#8218,#6726,#6727);
#5907=AXIS2_PLACEMENT_3D('',#8227,#6732,#6733);
#5908=AXIS2_PLACEMENT_3D('',#8233,#6737,#6738);
#5909=AXIS2_PLACEMENT_3D('',#8239,#6742,#6743);
#5910=AXIS2_PLACEMENT_3D('',#8242,#6746,#6747);
#5911=AXIS2_PLACEMENT_3D('',#8291,#6772,#6773);
#5912=AXIS2_PLACEMENT_3D('',#8340,#6798,#6799);
#5913=AXIS2_PLACEMENT_3D('',#8346,#6803,#6804);
#5914=AXIS2_PLACEMENT_3D('',#8350,#6807,#6808);
#5915=AXIS2_PLACEMENT_3D('',#8354,#6811,#6812);
#5916=AXIS2_PLACEMENT_3D('',#8356,#6814,#6815);
#5917=AXIS2_PLACEMENT_3D('',#8362,#6819,#6820);
#5918=AXIS2_PLACEMENT_3D('',#8366,#6823,#6824);
#5919=AXIS2_PLACEMENT_3D('',#8370,#6827,#6828);
#5920=AXIS2_PLACEMENT_3D('',#8372,#6830,#6831);
#5921=AXIS2_PLACEMENT_3D('',#8373,#6832,#6833);
#5922=AXIS2_PLACEMENT_3D('',#8379,#6837,#6838);
#5923=AXIS2_PLACEMENT_3D('',#8383,#6841,#6842);
#5924=AXIS2_PLACEMENT_3D('',#8387,#6845,#6846);
#5925=AXIS2_PLACEMENT_3D('',#8389,#6848,#6849);
#5926=AXIS2_PLACEMENT_3D('',#8395,#6853,#6854);
#5927=AXIS2_PLACEMENT_3D('',#8399,#6857,#6858);
#5928=AXIS2_PLACEMENT_3D('',#8403,#6861,#6862);
#5929=AXIS2_PLACEMENT_3D('',#8405,#6864,#6865);
#5930=AXIS2_PLACEMENT_3D('',#8406,#6866,#6867);
#5931=AXIS2_PLACEMENT_3D('',#8412,#6871,#6872);
#5932=AXIS2_PLACEMENT_3D('',#8416,#6875,#6876);
#5933=AXIS2_PLACEMENT_3D('',#8420,#6879,#6880);
#5934=AXIS2_PLACEMENT_3D('',#8422,#6882,#6883);
#5935=AXIS2_PLACEMENT_3D('',#8428,#6887,#6888);
#5936=AXIS2_PLACEMENT_3D('',#8432,#6891,#6892);
#5937=AXIS2_PLACEMENT_3D('',#8436,#6895,#6896);
#5938=AXIS2_PLACEMENT_3D('',#8438,#6898,#6899);
#5939=AXIS2_PLACEMENT_3D('',#8439,#6900,#6901);
#5940=AXIS2_PLACEMENT_3D('',#8445,#6905,#6906);
#5941=AXIS2_PLACEMENT_3D('',#8449,#6909,#6910);
#5942=AXIS2_PLACEMENT_3D('',#8453,#6913,#6914);
#5943=AXIS2_PLACEMENT_3D('',#8455,#6916,#6917);
#5944=AXIS2_PLACEMENT_3D('',#8461,#6921,#6922);
#5945=AXIS2_PLACEMENT_3D('',#8465,#6925,#6926);
#5946=AXIS2_PLACEMENT_3D('',#8469,#6929,#6930);
#5947=AXIS2_PLACEMENT_3D('',#8471,#6932,#6933);
#5948=AXIS2_PLACEMENT_3D('',#8472,#6934,#6935);
#5949=AXIS2_PLACEMENT_3D('',#8478,#6939,#6940);
#5950=AXIS2_PLACEMENT_3D('',#8482,#6943,#6944);
#5951=AXIS2_PLACEMENT_3D('',#8486,#6947,#6948);
#5952=AXIS2_PLACEMENT_3D('',#8488,#6950,#6951);
#5953=AXIS2_PLACEMENT_3D('',#8494,#6955,#6956);
#5954=AXIS2_PLACEMENT_3D('',#8498,#6959,#6960);
#5955=AXIS2_PLACEMENT_3D('',#8502,#6963,#6964);
#5956=AXIS2_PLACEMENT_3D('',#8504,#6966,#6967);
#5957=AXIS2_PLACEMENT_3D('',#8505,#6968,#6969);
#5958=AXIS2_PLACEMENT_3D('',#8511,#6973,#6974);
#5959=AXIS2_PLACEMENT_3D('',#8515,#6977,#6978);
#5960=AXIS2_PLACEMENT_3D('',#8519,#6981,#6982);
#5961=AXIS2_PLACEMENT_3D('',#8521,#6984,#6985);
#5962=AXIS2_PLACEMENT_3D('',#8527,#6989,#6990);
#5963=AXIS2_PLACEMENT_3D('',#8531,#6993,#6994);
#5964=AXIS2_PLACEMENT_3D('',#8535,#6997,#6998);
#5965=AXIS2_PLACEMENT_3D('',#8537,#7000,#7001);
#5966=AXIS2_PLACEMENT_3D('',#8538,#7002,#7003);
#5967=AXIS2_PLACEMENT_3D('',#8547,#7008,#7009);
#5968=AXIS2_PLACEMENT_3D('',#8553,#7013,#7014);
#5969=AXIS2_PLACEMENT_3D('',#8559,#7018,#7019);
#5970=AXIS2_PLACEMENT_3D('',#8562,#7022,#7023);
#5971=AXIS2_PLACEMENT_3D('',#8563,#7024,#7025);
#5972=AXIS2_PLACEMENT_3D('',#8564,#7026,#7027);
#5973=AXIS2_PLACEMENT_3D('',#8573,#7032,#7033);
#5974=AXIS2_PLACEMENT_3D('',#8579,#7037,#7038);
#5975=AXIS2_PLACEMENT_3D('',#8585,#7042,#7043);
#5976=AXIS2_PLACEMENT_3D('',#8588,#7046,#7047);
#5977=AXIS2_PLACEMENT_3D('',#8589,#7048,#7049);
#5978=AXIS2_PLACEMENT_3D('',#8590,#7050,#7051);
#5979=AXIS2_PLACEMENT_3D('',#8599,#7056,#7057);
#5980=AXIS2_PLACEMENT_3D('',#8605,#7061,#7062);
#5981=AXIS2_PLACEMENT_3D('',#8611,#7066,#7067);
#5982=AXIS2_PLACEMENT_3D('',#8614,#7070,#7071);
#5983=AXIS2_PLACEMENT_3D('',#8615,#7072,#7073);
#5984=AXIS2_PLACEMENT_3D('',#8616,#7074,#7075);
#5985=AXIS2_PLACEMENT_3D('',#8625,#7080,#7081);
#5986=AXIS2_PLACEMENT_3D('',#8631,#7085,#7086);
#5987=AXIS2_PLACEMENT_3D('',#8637,#7090,#7091);
#5988=AXIS2_PLACEMENT_3D('',#8640,#7094,#7095);
#5989=AXIS2_PLACEMENT_3D('',#8641,#7096,#7097);
#5990=AXIS2_PLACEMENT_3D('',#8642,#7098,#7099);
#5991=AXIS2_PLACEMENT_3D('',#8651,#7104,#7105);
#5992=AXIS2_PLACEMENT_3D('',#8657,#7109,#7110);
#5993=AXIS2_PLACEMENT_3D('',#8663,#7114,#7115);
#5994=AXIS2_PLACEMENT_3D('',#8666,#7118,#7119);
#5995=AXIS2_PLACEMENT_3D('',#8667,#7120,#7121);
#5996=AXIS2_PLACEMENT_3D('',#8668,#7122,#7123);
#5997=AXIS2_PLACEMENT_3D('',#8677,#7128,#7129);
#5998=AXIS2_PLACEMENT_3D('',#8683,#7133,#7134);
#5999=AXIS2_PLACEMENT_3D('',#8689,#7138,#7139);
#6000=AXIS2_PLACEMENT_3D('',#8692,#7142,#7143);
#6001=AXIS2_PLACEMENT_3D('',#8693,#7144,#7145);
#6002=AXIS2_PLACEMENT_3D('',#8694,#7146,#7147);
#6003=AXIS2_PLACEMENT_3D('',#8703,#7152,#7153);
#6004=AXIS2_PLACEMENT_3D('',#8709,#7157,#7158);
#6005=AXIS2_PLACEMENT_3D('',#8715,#7162,#7163);
#6006=AXIS2_PLACEMENT_3D('',#8718,#7166,#7167);
#6007=AXIS2_PLACEMENT_3D('',#8719,#7168,#7169);
#6008=AXIS2_PLACEMENT_3D('',#8720,#7170,#7171);
#6009=AXIS2_PLACEMENT_3D('',#8729,#7176,#7177);
#6010=AXIS2_PLACEMENT_3D('',#8735,#7181,#7182);
#6011=AXIS2_PLACEMENT_3D('',#8741,#7186,#7187);
#6012=AXIS2_PLACEMENT_3D('',#8744,#7190,#7191);
#6013=AXIS2_PLACEMENT_3D('',#8745,#7192,#7193);
#6014=AXIS2_PLACEMENT_3D('',#8746,#7194,#7195);
#6015=AXIS2_PLACEMENT_3D('',#8755,#7200,#7201);
#6016=AXIS2_PLACEMENT_3D('',#8761,#7205,#7206);
#6017=AXIS2_PLACEMENT_3D('',#8767,#7210,#7211);
#6018=AXIS2_PLACEMENT_3D('',#8770,#7214,#7215);
#6019=AXIS2_PLACEMENT_3D('',#8771,#7216,#7217);
#6020=AXIS2_PLACEMENT_3D('',#8772,#7218,#7219);
#6021=AXIS2_PLACEMENT_3D('',#8781,#7224,#7225);
#6022=AXIS2_PLACEMENT_3D('',#8787,#7229,#7230);
#6023=AXIS2_PLACEMENT_3D('',#8793,#7234,#7235);
#6024=AXIS2_PLACEMENT_3D('',#8796,#7238,#7239);
#6025=AXIS2_PLACEMENT_3D('',#8797,#7240,#7241);
#6026=AXIS2_PLACEMENT_3D('',#8798,#7242,#7243);
#6027=AXIS2_PLACEMENT_3D('',#8807,#7248,#7249);
#6028=AXIS2_PLACEMENT_3D('',#8813,#7253,#7254);
#6029=AXIS2_PLACEMENT_3D('',#8819,#7258,#7259);
#6030=AXIS2_PLACEMENT_3D('',#8822,#7262,#7263);
#6031=AXIS2_PLACEMENT_3D('',#8823,#7264,#7265);
#6032=AXIS2_PLACEMENT_3D('',#8824,#7266,#7267);
#6033=AXIS2_PLACEMENT_3D('',#8833,#7272,#7273);
#6034=AXIS2_PLACEMENT_3D('',#8839,#7277,#7278);
#6035=AXIS2_PLACEMENT_3D('',#8845,#7282,#7283);
#6036=AXIS2_PLACEMENT_3D('',#8848,#7286,#7287);
#6037=AXIS2_PLACEMENT_3D('',#8849,#7288,#7289);
#6038=AXIS2_PLACEMENT_3D('',#8850,#7290,#7291);
#6039=AXIS2_PLACEMENT_3D('',#8859,#7296,#7297);
#6040=AXIS2_PLACEMENT_3D('',#8865,#7301,#7302);
#6041=AXIS2_PLACEMENT_3D('',#8871,#7306,#7307);
#6042=AXIS2_PLACEMENT_3D('',#8874,#7310,#7311);
#6043=AXIS2_PLACEMENT_3D('',#8875,#7312,#7313);
#6044=AXIS2_PLACEMENT_3D('',#8876,#7314,#7315);
#6045=AXIS2_PLACEMENT_3D('',#8885,#7320,#7321);
#6046=AXIS2_PLACEMENT_3D('',#8891,#7325,#7326);
#6047=AXIS2_PLACEMENT_3D('',#8897,#7330,#7331);
#6048=AXIS2_PLACEMENT_3D('',#8900,#7334,#7335);
#6049=AXIS2_PLACEMENT_3D('',#8901,#7336,#7337);
#6050=AXIS2_PLACEMENT_3D('',#8902,#7338,#7339);
#6051=AXIS2_PLACEMENT_3D('',#8911,#7344,#7345);
#6052=AXIS2_PLACEMENT_3D('',#8917,#7349,#7350);
#6053=AXIS2_PLACEMENT_3D('',#8923,#7354,#7355);
#6054=AXIS2_PLACEMENT_3D('',#8926,#7358,#7359);
#6055=AXIS2_PLACEMENT_3D('',#8927,#7360,#7361);
#6056=AXIS2_PLACEMENT_3D('',#8928,#7362,#7363);
#6057=AXIS2_PLACEMENT_3D('',#8937,#7368,#7369);
#6058=AXIS2_PLACEMENT_3D('',#8943,#7373,#7374);
#6059=AXIS2_PLACEMENT_3D('',#8949,#7378,#7379);
#6060=AXIS2_PLACEMENT_3D('',#8952,#7382,#7383);
#6061=AXIS2_PLACEMENT_3D('',#8953,#7384,#7385);
#6062=AXIS2_PLACEMENT_3D('',#8954,#7386,#7387);
#6063=AXIS2_PLACEMENT_3D('',#8963,#7392,#7393);
#6064=AXIS2_PLACEMENT_3D('',#8969,#7397,#7398);
#6065=AXIS2_PLACEMENT_3D('',#8975,#7402,#7403);
#6066=AXIS2_PLACEMENT_3D('',#8978,#7406,#7407);
#6067=AXIS2_PLACEMENT_3D('',#8979,#7408,#7409);
#6068=AXIS2_PLACEMENT_3D('',#8980,#7410,#7411);
#6069=AXIS2_PLACEMENT_3D('',#8989,#7416,#7417);
#6070=AXIS2_PLACEMENT_3D('',#8995,#7421,#7422);
#6071=AXIS2_PLACEMENT_3D('',#9001,#7426,#7427);
#6072=AXIS2_PLACEMENT_3D('',#9004,#7430,#7431);
#6073=AXIS2_PLACEMENT_3D('',#9005,#7432,#7433);
#6074=AXIS2_PLACEMENT_3D('',#9006,#7434,#7435);
#6075=AXIS2_PLACEMENT_3D('',#9015,#7440,#7441);
#6076=AXIS2_PLACEMENT_3D('',#9021,#7445,#7446);
#6077=AXIS2_PLACEMENT_3D('',#9027,#7450,#7451);
#6078=AXIS2_PLACEMENT_3D('',#9030,#7454,#7455);
#6079=AXIS2_PLACEMENT_3D('',#9031,#7456,#7457);
#6080=AXIS2_PLACEMENT_3D('',#9032,#7458,#7459);
#6081=AXIS2_PLACEMENT_3D('',#9041,#7464,#7465);
#6082=AXIS2_PLACEMENT_3D('',#9047,#7469,#7470);
#6083=AXIS2_PLACEMENT_3D('',#9053,#7474,#7475);
#6084=AXIS2_PLACEMENT_3D('',#9056,#7478,#7479);
#6085=AXIS2_PLACEMENT_3D('',#9057,#7480,#7481);
#6086=DIRECTION('axis',(0.,0.,1.));
#6087=DIRECTION('refdir',(1.,0.,0.));
#6088=DIRECTION('center_axis',(0.,-1.,0.));
#6089=DIRECTION('ref_axis',(1.,0.,0.));
#6090=DIRECTION('',(1.,0.,0.));
#6091=DIRECTION('',(0.,0.,1.));
#6092=DIRECTION('',(1.,0.,0.));
#6093=DIRECTION('',(0.,0.,1.));
#6094=DIRECTION('center_axis',(1.,0.,0.));
#6095=DIRECTION('ref_axis',(0.,1.,0.));
#6096=DIRECTION('',(0.,1.,0.));
#6097=DIRECTION('',(0.,1.,0.));
#6098=DIRECTION('',(0.,0.,1.));
#6099=DIRECTION('center_axis',(0.,1.,0.));
#6100=DIRECTION('ref_axis',(-1.,0.,0.));
#6101=DIRECTION('',(-1.,0.,0.));
#6102=DIRECTION('',(-1.,0.,0.));
#6103=DIRECTION('',(0.,0.,1.));
#6104=DIRECTION('center_axis',(-1.,0.,0.));
#6105=DIRECTION('ref_axis',(0.,-1.,0.));
#6106=DIRECTION('',(0.,-1.,0.));
#6107=DIRECTION('',(0.,-1.,0.));
#6108=DIRECTION('center_axis',(-1.,0.,0.));
#6109=DIRECTION('ref_axis',(0.,-1.,0.));
#6110=DIRECTION('',(0.,1.,0.));
#6111=DIRECTION('',(0.,0.,1.));
#6112=DIRECTION('',(0.,1.,0.));
#6113=DIRECTION('',(0.,0.,1.));
#6114=DIRECTION('center_axis',(0.,1.,0.));
#6115=DIRECTION('ref_axis',(-1.,0.,0.));
#6116=DIRECTION('',(1.,0.,0.));
#6117=DIRECTION('',(1.,0.,0.));
#6118=DIRECTION('',(0.,0.,1.));
#6119=DIRECTION('center_axis',(1.,0.,0.));
#6120=DIRECTION('ref_axis',(0.,1.,0.));
#6121=DIRECTION('',(0.,-1.,0.));
#6122=DIRECTION('',(0.,-1.,0.));
#6123=DIRECTION('',(0.,0.,1.));
#6124=DIRECTION('center_axis',(0.,-1.,0.));
#6125=DIRECTION('ref_axis',(1.,0.,0.));
#6126=DIRECTION('',(-1.,0.,0.));
#6127=DIRECTION('',(-1.,0.,0.));
#6128=DIRECTION('center_axis',(0.,0.,1.));
#6129=DIRECTION('ref_axis',(1.,0.,0.));
#6130=DIRECTION('center_axis',(0.,-1.,0.));
#6131=DIRECTION('ref_axis',(1.,0.,0.));
#6132=DIRECTION('',(1.,0.,0.));
#6133=DIRECTION('',(0.,0.,1.));
#6134=DIRECTION('',(1.,0.,0.));
#6135=DIRECTION('',(0.,0.,1.));
#6136=DIRECTION('center_axis',(1.,0.,0.));
#6137=DIRECTION('ref_axis',(0.,1.,0.));
#6138=DIRECTION('',(0.,1.,0.));
#6139=DIRECTION('',(0.,1.,0.));
#6140=DIRECTION('',(0.,0.,1.));
#6141=DIRECTION('center_axis',(0.,1.,0.));
#6142=DIRECTION('ref_axis',(-1.,0.,0.));
#6143=DIRECTION('',(-1.,0.,0.));
#6144=DIRECTION('',(-1.,0.,0.));
#6145=DIRECTION('',(0.,0.,1.));
#6146=DIRECTION('center_axis',(-1.,0.,0.));
#6147=DIRECTION('ref_axis',(0.,-1.,0.));
#6148=DIRECTION('',(0.,-1.,0.));
#6149=DIRECTION('',(0.,-1.,0.));
#6150=DIRECTION('center_axis',(-1.,0.,0.));
#6151=DIRECTION('ref_axis',(0.,-1.,0.));
#6152=DIRECTION('',(0.,1.,0.));
#6153=DIRECTION('',(0.,0.,1.));
#6154=DIRECTION('',(0.,1.,0.));
#6155=DIRECTION('',(0.,0.,1.));
#6156=DIRECTION('center_axis',(0.,1.,0.));
#6157=DIRECTION('ref_axis',(-1.,0.,0.));
#6158=DIRECTION('',(1.,0.,0.));
#6159=DIRECTION('',(1.,0.,0.));
#6160=DIRECTION('',(0.,0.,1.));
#6161=DIRECTION('center_axis',(1.,0.,0.));
#6162=DIRECTION('ref_axis',(0.,1.,0.));
#6163=DIRECTION('',(0.,-1.,0.));
#6164=DIRECTION('',(0.,-1.,0.));
#6165=DIRECTION('',(0.,0.,1.));
#6166=DIRECTION('center_axis',(0.,-1.,0.));
#6167=DIRECTION('ref_axis',(1.,0.,0.));
#6168=DIRECTION('',(-1.,0.,0.));
#6169=DIRECTION('',(-1.,0.,0.));
#6170=DIRECTION('center_axis',(0.,0.,1.));
#6171=DIRECTION('ref_axis',(1.,0.,0.));
#6172=DIRECTION('center_axis',(0.,-1.,0.));
#6173=DIRECTION('ref_axis',(1.,0.,0.));
#6174=DIRECTION('',(1.,0.,0.));
#6175=DIRECTION('',(0.,0.,1.));
#6176=DIRECTION('',(1.,0.,0.));
#6177=DIRECTION('',(0.,0.,1.));
#6178=DIRECTION('center_axis',(1.,0.,0.));
#6179=DIRECTION('ref_axis',(0.,1.,0.));
#6180=DIRECTION('',(0.,1.,0.));
#6181=DIRECTION('',(0.,1.,0.));
#6182=DIRECTION('',(0.,0.,1.));
#6183=DIRECTION('center_axis',(0.,1.,0.));
#6184=DIRECTION('ref_axis',(-1.,0.,0.));
#6185=DIRECTION('',(-1.,0.,0.));
#6186=DIRECTION('',(-1.,0.,0.));
#6187=DIRECTION('',(0.,0.,1.));
#6188=DIRECTION('center_axis',(-1.,0.,0.));
#6189=DIRECTION('ref_axis',(0.,-1.,0.));
#6190=DIRECTION('',(0.,-1.,0.));
#6191=DIRECTION('',(0.,-1.,0.));
#6192=DIRECTION('center_axis',(1.,0.,0.));
#6193=DIRECTION('ref_axis',(0.,1.,0.));
#6194=DIRECTION('',(0.,-1.,0.));
#6195=DIRECTION('',(0.,0.,1.));
#6196=DIRECTION('',(0.,-1.,0.));
#6197=DIRECTION('',(0.,0.,1.));
#6198=DIRECTION('center_axis',(0.,-1.,0.));
#6199=DIRECTION('ref_axis',(1.,0.,0.));
#6200=DIRECTION('',(-1.,0.,0.));
#6201=DIRECTION('',(-1.,0.,0.));
#6202=DIRECTION('',(0.,0.,1.));
#6203=DIRECTION('center_axis',(-1.,0.,0.));
#6204=DIRECTION('ref_axis',(0.,-1.,0.));
#6205=DIRECTION('',(0.,1.,0.));
#6206=DIRECTION('',(0.,1.,0.));
#6207=DIRECTION('',(0.,0.,1.));
#6208=DIRECTION('center_axis',(0.,1.,0.));
#6209=DIRECTION('ref_axis',(-1.,0.,0.));
#6210=DIRECTION('',(1.,0.,0.));
#6211=DIRECTION('',(1.,0.,0.));
#6212=DIRECTION('center_axis',(0.,0.,1.));
#6213=DIRECTION('ref_axis',(1.,0.,0.));
#6214=DIRECTION('center_axis',(0.,-1.,0.));
#6215=DIRECTION('ref_axis',(1.,0.,0.));
#6216=DIRECTION('',(1.,0.,0.));
#6217=DIRECTION('',(0.,0.,1.));
#6218=DIRECTION('',(1.,0.,0.));
#6219=DIRECTION('',(0.,0.,1.));
#6220=DIRECTION('center_axis',(1.,0.,0.));
#6221=DIRECTION('ref_axis',(0.,1.,0.));
#6222=DIRECTION('',(0.,1.,0.));
#6223=DIRECTION('',(0.,1.,0.));
#6224=DIRECTION('',(0.,0.,1.));
#6225=DIRECTION('center_axis',(0.,1.,0.));
#6226=DIRECTION('ref_axis',(-1.,0.,0.));
#6227=DIRECTION('',(-1.,0.,0.));
#6228=DIRECTION('',(-1.,0.,0.));
#6229=DIRECTION('',(0.,0.,1.));
#6230=DIRECTION('center_axis',(-1.,0.,0.));
#6231=DIRECTION('ref_axis',(0.,-1.,0.));
#6232=DIRECTION('',(0.,-1.,0.));
#6233=DIRECTION('',(0.,-1.,0.));
#6234=DIRECTION('center_axis',(-1.,0.,0.));
#6235=DIRECTION('ref_axis',(0.,-1.,0.));
#6236=DIRECTION('',(0.,1.,0.));
#6237=DIRECTION('',(0.,0.,1.));
#6238=DIRECTION('',(0.,1.,0.));
#6239=DIRECTION('',(0.,0.,1.));
#6240=DIRECTION('center_axis',(0.,1.,0.));
#6241=DIRECTION('ref_axis',(-1.,0.,0.));
#6242=DIRECTION('',(1.,0.,0.));
#6243=DIRECTION('',(1.,0.,0.));
#6244=DIRECTION('',(0.,0.,1.));
#6245=DIRECTION('center_axis',(1.,0.,0.));
#6246=DIRECTION('ref_axis',(0.,1.,0.));
#6247=DIRECTION('',(0.,-1.,0.));
#6248=DIRECTION('',(0.,-1.,0.));
#6249=DIRECTION('',(0.,0.,1.));
#6250=DIRECTION('center_axis',(0.,-1.,0.));
#6251=DIRECTION('ref_axis',(1.,0.,0.));
#6252=DIRECTION('',(-1.,0.,0.));
#6253=DIRECTION('',(-1.,0.,0.));
#6254=DIRECTION('center_axis',(0.,0.,1.));
#6255=DIRECTION('ref_axis',(1.,0.,0.));
#6256=DIRECTION('center_axis',(0.,-1.,0.));
#6257=DIRECTION('ref_axis',(1.,0.,0.));
#6258=DIRECTION('',(1.,0.,0.));
#6259=DIRECTION('',(0.,0.,1.));
#6260=DIRECTION('',(1.,0.,0.));
#6261=DIRECTION('',(0.,0.,1.));
#6262=DIRECTION('center_axis',(1.,0.,0.));
#6263=DIRECTION('ref_axis',(0.,1.,0.));
#6264=DIRECTION('',(0.,1.,0.));
#6265=DIRECTION('',(0.,1.,0.));
#6266=DIRECTION('',(0.,0.,1.));
#6267=DIRECTION('center_axis',(0.,1.,0.));
#6268=DIRECTION('ref_axis',(-1.,0.,0.));
#6269=DIRECTION('',(-1.,0.,0.));
#6270=DIRECTION('',(-1.,0.,0.));
#6271=DIRECTION('',(0.,0.,1.));
#6272=DIRECTION('center_axis',(-1.,0.,0.));
#6273=DIRECTION('ref_axis',(0.,-1.,0.));
#6274=DIRECTION('',(0.,-1.,0.));
#6275=DIRECTION('',(0.,-1.,0.));
#6276=DIRECTION('center_axis',(-1.,0.,0.));
#6277=DIRECTION('ref_axis',(0.,-1.,0.));
#6278=DIRECTION('',(0.,1.,0.));
#6279=DIRECTION('',(0.,0.,1.));
#6280=DIRECTION('',(0.,1.,0.));
#6281=DIRECTION('',(0.,0.,1.));
#6282=DIRECTION('center_axis',(0.,1.,0.));
#6283=DIRECTION('ref_axis',(-1.,0.,0.));
#6284=DIRECTION('',(1.,0.,0.));
#6285=DIRECTION('',(1.,0.,0.));
#6286=DIRECTION('',(0.,0.,1.));
#6287=DIRECTION('center_axis',(1.,0.,0.));
#6288=DIRECTION('ref_axis',(0.,1.,0.));
#6289=DIRECTION('',(0.,-1.,0.));
#6290=DIRECTION('',(0.,-1.,0.));
#6291=DIRECTION('',(0.,0.,1.));
#6292=DIRECTION('center_axis',(0.,-1.,0.));
#6293=DIRECTION('ref_axis',(1.,0.,0.));
#6294=DIRECTION('',(-1.,0.,0.));
#6295=DIRECTION('',(-1.,0.,0.));
#6296=DIRECTION('center_axis',(0.,0.,1.));
#6297=DIRECTION('ref_axis',(1.,0.,0.));
#6298=DIRECTION('center_axis',(0.,-1.,0.));
#6299=DIRECTION('ref_axis',(1.,0.,0.));
#6300=DIRECTION('',(1.,0.,0.));
#6301=DIRECTION('',(0.,0.,1.));
#6302=DIRECTION('',(1.,0.,0.));
#6303=DIRECTION('',(0.,0.,1.));
#6304=DIRECTION('center_axis',(1.,0.,0.));
#6305=DIRECTION('ref_axis',(0.,1.,0.));
#6306=DIRECTION('',(0.,1.,0.));
#6307=DIRECTION('',(0.,1.,0.));
#6308=DIRECTION('',(0.,0.,1.));
#6309=DIRECTION('center_axis',(0.,1.,0.));
#6310=DIRECTION('ref_axis',(-1.,0.,0.));
#6311=DIRECTION('',(-1.,0.,0.));
#6312=DIRECTION('',(-1.,0.,0.));
#6313=DIRECTION('',(0.,0.,1.));
#6314=DIRECTION('center_axis',(-1.,0.,0.));
#6315=DIRECTION('ref_axis',(0.,-1.,0.));
#6316=DIRECTION('',(0.,-1.,0.));
#6317=DIRECTION('',(0.,-1.,0.));
#6318=DIRECTION('center_axis',(-1.,0.,0.));
#6319=DIRECTION('ref_axis',(0.,-1.,0.));
#6320=DIRECTION('',(0.,1.,0.));
#6321=DIRECTION('',(0.,0.,1.));
#6322=DIRECTION('',(0.,1.,0.));
#6323=DIRECTION('',(0.,0.,1.));
#6324=DIRECTION('center_axis',(0.,1.,0.));
#6325=DIRECTION('ref_axis',(-1.,0.,0.));
#6326=DIRECTION('',(1.,0.,0.));
#6327=DIRECTION('',(1.,0.,0.));
#6328=DIRECTION('',(0.,0.,1.));
#6329=DIRECTION('center_axis',(1.,0.,0.));
#6330=DIRECTION('ref_axis',(0.,1.,0.));
#6331=DIRECTION('',(0.,-1.,0.));
#6332=DIRECTION('',(0.,-1.,0.));
#6333=DIRECTION('',(0.,0.,1.));
#6334=DIRECTION('center_axis',(0.,-1.,0.));
#6335=DIRECTION('ref_axis',(1.,0.,0.));
#6336=DIRECTION('',(-1.,0.,0.));
#6337=DIRECTION('',(-1.,0.,0.));
#6338=DIRECTION('center_axis',(0.,0.,1.));
#6339=DIRECTION('ref_axis',(1.,0.,0.));
#6340=DIRECTION('center_axis',(0.,-1.,0.));
#6341=DIRECTION('ref_axis',(1.,0.,0.));
#6342=DIRECTION('',(1.,0.,0.));
#6343=DIRECTION('',(0.,0.,1.));
#6344=DIRECTION('',(1.,0.,0.));
#6345=DIRECTION('',(0.,0.,1.));
#6346=DIRECTION('center_axis',(1.,0.,0.));
#6347=DIRECTION('ref_axis',(0.,1.,0.));
#6348=DIRECTION('',(0.,1.,0.));
#6349=DIRECTION('',(0.,1.,0.));
#6350=DIRECTION('',(0.,0.,1.));
#6351=DIRECTION('center_axis',(0.,1.,0.));
#6352=DIRECTION('ref_axis',(-1.,0.,0.));
#6353=DIRECTION('',(-1.,0.,0.));
#6354=DIRECTION('',(-1.,0.,0.));
#6355=DIRECTION('',(0.,0.,1.));
#6356=DIRECTION('center_axis',(-1.,0.,0.));
#6357=DIRECTION('ref_axis',(0.,-1.,0.));
#6358=DIRECTION('',(0.,-1.,0.));
#6359=DIRECTION('',(0.,-1.,0.));
#6360=DIRECTION('center_axis',(-1.,0.,0.));
#6361=DIRECTION('ref_axis',(0.,-1.,0.));
#6362=DIRECTION('',(0.,1.,0.));
#6363=DIRECTION('',(0.,0.,1.));
#6364=DIRECTION('',(0.,1.,0.));
#6365=DIRECTION('',(0.,0.,1.));
#6366=DIRECTION('center_axis',(0.,1.,0.));
#6367=DIRECTION('ref_axis',(-1.,0.,0.));
#6368=DIRECTION('',(1.,0.,0.));
#6369=DIRECTION('',(1.,0.,0.));
#6370=DIRECTION('',(0.,0.,1.));
#6371=DIRECTION('center_axis',(1.,0.,0.));
#6372=DIRECTION('ref_axis',(0.,1.,0.));
#6373=DIRECTION('',(0.,-1.,0.));
#6374=DIRECTION('',(0.,-1.,0.));
#6375=DIRECTION('',(0.,0.,1.));
#6376=DIRECTION('center_axis',(0.,-1.,0.));
#6377=DIRECTION('ref_axis',(1.,0.,0.));
#6378=DIRECTION('',(-1.,0.,0.));
#6379=DIRECTION('',(-1.,0.,0.));
#6380=DIRECTION('center_axis',(0.,0.,1.));
#6381=DIRECTION('ref_axis',(1.,0.,0.));
#6382=DIRECTION('center_axis',(0.,-1.,0.));
#6383=DIRECTION('ref_axis',(1.,0.,0.));
#6384=DIRECTION('',(1.,0.,0.));
#6385=DIRECTION('',(0.,0.,1.));
#6386=DIRECTION('',(1.,0.,0.));
#6387=DIRECTION('',(0.,0.,1.));
#6388=DIRECTION('center_axis',(1.,0.,0.));
#6389=DIRECTION('ref_axis',(0.,1.,0.));
#6390=DIRECTION('',(0.,1.,0.));
#6391=DIRECTION('',(0.,1.,0.));
#6392=DIRECTION('',(0.,0.,1.));
#6393=DIRECTION('center_axis',(0.,1.,0.));
#6394=DIRECTION('ref_axis',(-1.,0.,0.));
#6395=DIRECTION('',(-1.,0.,0.));
#6396=DIRECTION('',(-1.,0.,0.));
#6397=DIRECTION('',(0.,0.,1.));
#6398=DIRECTION('center_axis',(-1.,0.,0.));
#6399=DIRECTION('ref_axis',(0.,-1.,0.));
#6400=DIRECTION('',(0.,-1.,0.));
#6401=DIRECTION('',(0.,-1.,0.));
#6402=DIRECTION('center_axis',(-1.,0.,0.));
#6403=DIRECTION('ref_axis',(0.,-1.,0.));
#6404=DIRECTION('',(0.,1.,0.));
#6405=DIRECTION('',(0.,0.,1.));
#6406=DIRECTION('',(0.,1.,0.));
#6407=DIRECTION('',(0.,0.,1.));
#6408=DIRECTION('center_axis',(0.,1.,0.));
#6409=DIRECTION('ref_axis',(-1.,0.,0.));
#6410=DIRECTION('',(1.,0.,0.));
#6411=DIRECTION('',(1.,0.,0.));
#6412=DIRECTION('',(0.,0.,1.));
#6413=DIRECTION('center_axis',(1.,0.,0.));
#6414=DIRECTION('ref_axis',(0.,1.,0.));
#6415=DIRECTION('',(0.,-1.,0.));
#6416=DIRECTION('',(0.,-1.,0.));
#6417=DIRECTION('',(0.,0.,1.));
#6418=DIRECTION('center_axis',(0.,-1.,0.));
#6419=DIRECTION('ref_axis',(1.,0.,0.));
#6420=DIRECTION('',(-1.,0.,0.));
#6421=DIRECTION('',(-1.,0.,0.));
#6422=DIRECTION('center_axis',(0.,0.,1.));
#6423=DIRECTION('ref_axis',(1.,0.,0.));
#6424=DIRECTION('center_axis',(0.,-1.,0.));
#6425=DIRECTION('ref_axis',(1.,0.,0.));
#6426=DIRECTION('',(1.,0.,0.));
#6427=DIRECTION('',(0.,0.,1.));
#6428=DIRECTION('',(1.,0.,0.));
#6429=DIRECTION('',(0.,0.,1.));
#6430=DIRECTION('center_axis',(1.,0.,0.));
#6431=DIRECTION('ref_axis',(0.,1.,0.));
#6432=DIRECTION('',(0.,1.,0.));
#6433=DIRECTION('',(0.,1.,0.));
#6434=DIRECTION('',(0.,0.,1.));
#6435=DIRECTION('center_axis',(0.,1.,0.));
#6436=DIRECTION('ref_axis',(-1.,0.,0.));
#6437=DIRECTION('',(-1.,0.,0.));
#6438=DIRECTION('',(-1.,0.,0.));
#6439=DIRECTION('',(0.,0.,1.));
#6440=DIRECTION('center_axis',(-1.,0.,0.));
#6441=DIRECTION('ref_axis',(0.,-1.,0.));
#6442=DIRECTION('',(0.,-1.,0.));
#6443=DIRECTION('',(0.,-1.,0.));
#6444=DIRECTION('center_axis',(-1.,0.,0.));
#6445=DIRECTION('ref_axis',(0.,-1.,0.));
#6446=DIRECTION('',(0.,1.,0.));
#6447=DIRECTION('',(0.,0.,1.));
#6448=DIRECTION('',(0.,1.,0.));
#6449=DIRECTION('',(0.,0.,1.));
#6450=DIRECTION('center_axis',(0.,1.,0.));
#6451=DIRECTION('ref_axis',(-1.,0.,0.));
#6452=DIRECTION('',(1.,0.,0.));
#6453=DIRECTION('',(1.,0.,0.));
#6454=DIRECTION('',(0.,0.,1.));
#6455=DIRECTION('center_axis',(1.,0.,0.));
#6456=DIRECTION('ref_axis',(0.,1.,0.));
#6457=DIRECTION('',(0.,-1.,0.));
#6458=DIRECTION('',(0.,-1.,0.));
#6459=DIRECTION('',(0.,0.,1.));
#6460=DIRECTION('center_axis',(0.,-1.,0.));
#6461=DIRECTION('ref_axis',(1.,0.,0.));
#6462=DIRECTION('',(-1.,0.,0.));
#6463=DIRECTION('',(-1.,0.,0.));
#6464=DIRECTION('center_axis',(0.,0.,1.));
#6465=DIRECTION('ref_axis',(1.,0.,0.));
#6466=DIRECTION('center_axis',(0.,-1.,0.));
#6467=DIRECTION('ref_axis',(1.,0.,0.));
#6468=DIRECTION('',(1.,0.,0.));
#6469=DIRECTION('',(0.,0.,1.));
#6470=DIRECTION('',(1.,0.,0.));
#6471=DIRECTION('',(0.,0.,1.));
#6472=DIRECTION('center_axis',(1.,0.,0.));
#6473=DIRECTION('ref_axis',(0.,1.,0.));
#6474=DIRECTION('',(0.,1.,0.));
#6475=DIRECTION('',(0.,1.,0.));
#6476=DIRECTION('',(0.,0.,1.));
#6477=DIRECTION('center_axis',(0.,1.,0.));
#6478=DIRECTION('ref_axis',(-1.,0.,0.));
#6479=DIRECTION('',(-1.,0.,0.));
#6480=DIRECTION('',(-1.,0.,0.));
#6481=DIRECTION('',(0.,0.,1.));
#6482=DIRECTION('center_axis',(-1.,0.,0.));
#6483=DIRECTION('ref_axis',(0.,-1.,0.));
#6484=DIRECTION('',(0.,-1.,0.));
#6485=DIRECTION('',(0.,-1.,0.));
#6486=DIRECTION('center_axis',(-1.,0.,0.));
#6487=DIRECTION('ref_axis',(0.,-1.,0.));
#6488=DIRECTION('',(0.,1.,0.));
#6489=DIRECTION('',(0.,0.,1.));
#6490=DIRECTION('',(0.,1.,0.));
#6491=DIRECTION('',(0.,0.,1.));
#6492=DIRECTION('center_axis',(0.,1.,0.));
#6493=DIRECTION('ref_axis',(-1.,0.,0.));
#6494=DIRECTION('',(1.,0.,0.));
#6495=DIRECTION('',(1.,0.,0.));
#6496=DIRECTION('',(0.,0.,1.));
#6497=DIRECTION('center_axis',(1.,0.,0.));
#6498=DIRECTION('ref_axis',(0.,1.,0.));
#6499=DIRECTION('',(0.,-1.,0.));
#6500=DIRECTION('',(0.,-1.,0.));
#6501=DIRECTION('',(0.,0.,1.));
#6502=DIRECTION('center_axis',(0.,-1.,0.));
#6503=DIRECTION('ref_axis',(1.,0.,0.));
#6504=DIRECTION('',(-1.,0.,0.));
#6505=DIRECTION('',(-1.,0.,0.));
#6506=DIRECTION('center_axis',(0.,0.,1.));
#6507=DIRECTION('ref_axis',(1.,0.,0.));
#6508=DIRECTION('center_axis',(0.,-1.,0.));
#6509=DIRECTION('ref_axis',(1.,0.,0.));
#6510=DIRECTION('',(1.,0.,0.));
#6511=DIRECTION('',(0.,0.,1.));
#6512=DIRECTION('',(1.,0.,0.));
#6513=DIRECTION('',(0.,0.,1.));
#6514=DIRECTION('center_axis',(1.,0.,0.));
#6515=DIRECTION('ref_axis',(0.,1.,0.));
#6516=DIRECTION('',(0.,1.,0.));
#6517=DIRECTION('',(0.,1.,0.));
#6518=DIRECTION('',(0.,0.,1.));
#6519=DIRECTION('center_axis',(0.,1.,0.));
#6520=DIRECTION('ref_axis',(-1.,0.,0.));
#6521=DIRECTION('',(-1.,0.,0.));
#6522=DIRECTION('',(-1.,0.,0.));
#6523=DIRECTION('',(0.,0.,1.));
#6524=DIRECTION('center_axis',(-1.,0.,0.));
#6525=DIRECTION('ref_axis',(0.,-1.,0.));
#6526=DIRECTION('',(0.,-1.,0.));
#6527=DIRECTION('',(0.,-1.,0.));
#6528=DIRECTION('center_axis',(-1.,0.,0.));
#6529=DIRECTION('ref_axis',(0.,-1.,0.));
#6530=DIRECTION('',(0.,1.,0.));
#6531=DIRECTION('',(0.,0.,1.));
#6532=DIRECTION('',(0.,1.,0.));
#6533=DIRECTION('',(0.,0.,1.));
#6534=DIRECTION('center_axis',(0.,1.,0.));
#6535=DIRECTION('ref_axis',(-1.,0.,0.));
#6536=DIRECTION('',(1.,0.,0.));
#6537=DIRECTION('',(1.,0.,0.));
#6538=DIRECTION('',(0.,0.,1.));
#6539=DIRECTION('center_axis',(1.,0.,0.));
#6540=DIRECTION('ref_axis',(0.,1.,0.));
#6541=DIRECTION('',(0.,-1.,0.));
#6542=DIRECTION('',(0.,-1.,0.));
#6543=DIRECTION('',(0.,0.,1.));
#6544=DIRECTION('center_axis',(0.,-1.,0.));
#6545=DIRECTION('ref_axis',(1.,0.,0.));
#6546=DIRECTION('',(-1.,0.,0.));
#6547=DIRECTION('',(-1.,0.,0.));
#6548=DIRECTION('center_axis',(0.,0.,1.));
#6549=DIRECTION('ref_axis',(1.,0.,0.));
#6550=DIRECTION('center_axis',(0.,-1.,0.));
#6551=DIRECTION('ref_axis',(1.,0.,0.));
#6552=DIRECTION('',(1.,0.,0.));
#6553=DIRECTION('',(0.,0.,1.));
#6554=DIRECTION('',(1.,0.,0.));
#6555=DIRECTION('',(0.,0.,1.));
#6556=DIRECTION('center_axis',(1.,0.,0.));
#6557=DIRECTION('ref_axis',(0.,1.,0.));
#6558=DIRECTION('',(0.,1.,0.));
#6559=DIRECTION('',(0.,1.,0.));
#6560=DIRECTION('',(0.,0.,1.));
#6561=DIRECTION('center_axis',(0.,1.,0.));
#6562=DIRECTION('ref_axis',(-1.,0.,0.));
#6563=DIRECTION('',(-1.,0.,0.));
#6564=DIRECTION('',(-1.,0.,0.));
#6565=DIRECTION('',(0.,0.,1.));
#6566=DIRECTION('center_axis',(-1.,0.,0.));
#6567=DIRECTION('ref_axis',(0.,-1.,0.));
#6568=DIRECTION('',(0.,-1.,0.));
#6569=DIRECTION('',(0.,-1.,0.));
#6570=DIRECTION('center_axis',(-1.,0.,0.));
#6571=DIRECTION('ref_axis',(0.,-1.,0.));
#6572=DIRECTION('',(0.,1.,0.));
#6573=DIRECTION('',(0.,0.,1.));
#6574=DIRECTION('',(0.,1.,0.));
#6575=DIRECTION('',(0.,0.,1.));
#6576=DIRECTION('center_axis',(0.,1.,0.));
#6577=DIRECTION('ref_axis',(-1.,0.,0.));
#6578=DIRECTION('',(1.,0.,0.));
#6579=DIRECTION('',(1.,0.,0.));
#6580=DIRECTION('',(0.,0.,1.));
#6581=DIRECTION('center_axis',(1.,0.,0.));
#6582=DIRECTION('ref_axis',(0.,1.,0.));
#6583=DIRECTION('',(0.,-1.,0.));
#6584=DIRECTION('',(0.,-1.,0.));
#6585=DIRECTION('',(0.,0.,1.));
#6586=DIRECTION('center_axis',(0.,-1.,0.));
#6587=DIRECTION('ref_axis',(1.,0.,0.));
#6588=DIRECTION('',(-1.,0.,0.));
#6589=DIRECTION('',(-1.,0.,0.));
#6590=DIRECTION('center_axis',(0.,0.,1.));
#6591=DIRECTION('ref_axis',(1.,0.,0.));
#6592=DIRECTION('center_axis',(0.,-1.,0.));
#6593=DIRECTION('ref_axis',(1.,0.,0.));
#6594=DIRECTION('',(1.,0.,0.));
#6595=DIRECTION('',(0.,0.,1.));
#6596=DIRECTION('',(1.,0.,0.));
#6597=DIRECTION('',(0.,0.,1.));
#6598=DIRECTION('center_axis',(1.,0.,0.));
#6599=DIRECTION('ref_axis',(0.,1.,0.));
#6600=DIRECTION('',(0.,1.,0.));
#6601=DIRECTION('',(0.,1.,0.));
#6602=DIRECTION('',(0.,0.,1.));
#6603=DIRECTION('center_axis',(0.,1.,0.));
#6604=DIRECTION('ref_axis',(-1.,0.,0.));
#6605=DIRECTION('',(-1.,0.,0.));
#6606=DIRECTION('',(-1.,0.,0.));
#6607=DIRECTION('',(0.,0.,1.));
#6608=DIRECTION('center_axis',(-1.,0.,0.));
#6609=DIRECTION('ref_axis',(0.,-1.,0.));
#6610=DIRECTION('',(0.,-1.,0.));
#6611=DIRECTION('',(0.,-1.,0.));
#6612=DIRECTION('center_axis',(-1.,0.,0.));
#6613=DIRECTION('ref_axis',(0.,-1.,0.));
#6614=DIRECTION('',(0.,1.,0.));
#6615=DIRECTION('',(0.,0.,1.));
#6616=DIRECTION('',(0.,1.,0.));
#6617=DIRECTION('',(0.,0.,1.));
#6618=DIRECTION('center_axis',(0.,1.,0.));
#6619=DIRECTION('ref_axis',(-1.,0.,0.));
#6620=DIRECTION('',(1.,0.,0.));
#6621=DIRECTION('',(1.,0.,0.));
#6622=DIRECTION('',(0.,0.,1.));
#6623=DIRECTION('center_axis',(1.,0.,0.));
#6624=DIRECTION('ref_axis',(0.,1.,0.));
#6625=DIRECTION('',(0.,-1.,0.));
#6626=DIRECTION('',(0.,-1.,0.));
#6627=DIRECTION('',(0.,0.,1.));
#6628=DIRECTION('center_axis',(0.,-1.,0.));
#6629=DIRECTION('ref_axis',(1.,0.,0.));
#6630=DIRECTION('',(-1.,0.,0.));
#6631=DIRECTION('',(-1.,0.,0.));
#6632=DIRECTION('center_axis',(0.,0.,1.));
#6633=DIRECTION('ref_axis',(1.,0.,0.));
#6634=DIRECTION('center_axis',(0.,-1.,0.));
#6635=DIRECTION('ref_axis',(1.,0.,0.));
#6636=DIRECTION('',(1.,0.,0.));
#6637=DIRECTION('',(0.,0.,1.));
#6638=DIRECTION('',(1.,0.,0.));
#6639=DIRECTION('',(0.,0.,1.));
#6640=DIRECTION('center_axis',(1.,0.,0.));
#6641=DIRECTION('ref_axis',(0.,1.,0.));
#6642=DIRECTION('',(0.,1.,0.));
#6643=DIRECTION('',(0.,1.,0.));
#6644=DIRECTION('',(0.,0.,1.));
#6645=DIRECTION('center_axis',(0.,1.,0.));
#6646=DIRECTION('ref_axis',(-1.,0.,0.));
#6647=DIRECTION('',(-1.,0.,0.));
#6648=DIRECTION('',(-1.,0.,0.));
#6649=DIRECTION('',(0.,0.,1.));
#6650=DIRECTION('center_axis',(-1.,0.,0.));
#6651=DIRECTION('ref_axis',(0.,-1.,0.));
#6652=DIRECTION('',(0.,-1.,0.));
#6653=DIRECTION('',(0.,-1.,0.));
#6654=DIRECTION('center_axis',(-1.,0.,0.));
#6655=DIRECTION('ref_axis',(0.,-1.,0.));
#6656=DIRECTION('',(0.,1.,0.));
#6657=DIRECTION('',(0.,0.,1.));
#6658=DIRECTION('',(0.,1.,0.));
#6659=DIRECTION('',(0.,0.,1.));
#6660=DIRECTION('center_axis',(0.,1.,0.));
#6661=DIRECTION('ref_axis',(-1.,0.,0.));
#6662=DIRECTION('',(1.,0.,0.));
#6663=DIRECTION('',(1.,0.,0.));
#6664=DIRECTION('',(0.,0.,1.));
#6665=DIRECTION('center_axis',(1.,0.,0.));
#6666=DIRECTION('ref_axis',(0.,1.,0.));
#6667=DIRECTION('',(0.,-1.,0.));
#6668=DIRECTION('',(0.,-1.,0.));
#6669=DIRECTION('',(0.,0.,1.));
#6670=DIRECTION('center_axis',(0.,-1.,0.));
#6671=DIRECTION('ref_axis',(1.,0.,0.));
#6672=DIRECTION('',(-1.,0.,0.));
#6673=DIRECTION('',(-1.,0.,0.));
#6674=DIRECTION('center_axis',(0.,0.,1.));
#6675=DIRECTION('ref_axis',(1.,0.,0.));
#6676=DIRECTION('center_axis',(-1.,0.,0.));
#6677=DIRECTION('ref_axis',(0.,-1.,0.));
#6678=DIRECTION('',(0.,1.,0.));
#6679=DIRECTION('',(0.,0.,1.));
#6680=DIRECTION('',(0.,-1.,0.));
#6681=DIRECTION('',(0.,0.,1.));
#6682=DIRECTION('center_axis',(0.,-1.,0.));
#6683=DIRECTION('ref_axis',(1.,0.,0.));
#6684=DIRECTION('',(-1.,0.,0.));
#6685=DIRECTION('',(0.,0.,1.));
#6686=DIRECTION('',(1.,0.,0.));
#6687=DIRECTION('center_axis',(0.,1.,0.));
#6688=DIRECTION('ref_axis',(-1.,0.,0.));
#6689=DIRECTION('',(1.,0.,0.));
#6690=DIRECTION('',(-1.,0.,0.));
#6691=DIRECTION('',(0.,0.,1.));
#6692=DIRECTION('center_axis',(1.,0.,0.));
#6693=DIRECTION('ref_axis',(0.,1.,0.));
#6694=DIRECTION('',(0.,-1.,0.));
#6695=DIRECTION('',(0.,1.,0.));
#6696=DIRECTION('center_axis',(0.,0.,1.));
#6697=DIRECTION('ref_axis',(1.,0.,0.));
#6698=DIRECTION('center_axis',(0.,0.,1.));
#6699=DIRECTION('ref_axis',(1.,0.,0.));
#6700=DIRECTION('center_axis',(0.,0.,-1.));
#6701=DIRECTION('ref_axis',(1.,0.,0.));
#6702=DIRECTION('',(0.,0.,-1.));
#6703=DIRECTION('center_axis',(0.,0.,-1.));
#6704=DIRECTION('ref_axis',(1.,0.,0.));
#6705=DIRECTION('center_axis',(0.,0.,1.));
#6706=DIRECTION('ref_axis',(1.,0.,0.));
#6707=DIRECTION('center_axis',(0.,0.,-1.));
#6708=DIRECTION('ref_axis',(1.,0.,0.));
#6709=DIRECTION('',(0.,0.,-1.));
#6710=DIRECTION('center_axis',(0.,0.,-1.));
#6711=DIRECTION('ref_axis',(1.,0.,0.));
#6712=DIRECTION('center_axis',(0.,0.,1.));
#6713=DIRECTION('ref_axis',(1.,0.,0.));
#6714=DIRECTION('center_axis',(0.,0.,-1.));
#6715=DIRECTION('ref_axis',(1.,0.,0.));
#6716=DIRECTION('',(0.,0.,-1.));
#6717=DIRECTION('center_axis',(0.,0.,-1.));
#6718=DIRECTION('ref_axis',(1.,0.,0.));
#6719=DIRECTION('center_axis',(0.,0.,1.));
#6720=DIRECTION('ref_axis',(1.,0.,0.));
#6721=DIRECTION('center_axis',(0.,0.,-1.));
#6722=DIRECTION('ref_axis',(1.,0.,0.));
#6723=DIRECTION('',(0.,0.,-1.));
#6724=DIRECTION('center_axis',(0.,0.,-1.));
#6725=DIRECTION('ref_axis',(1.,0.,0.));
#6726=DIRECTION('center_axis',(-1.,0.,0.));
#6727=DIRECTION('ref_axis',(0.,-1.,0.));
#6728=DIRECTION('',(0.,1.,0.));
#6729=DIRECTION('',(0.,0.,1.));
#6730=DIRECTION('',(0.,-1.,0.));
#6731=DIRECTION('',(0.,0.,1.));
#6732=DIRECTION('center_axis',(0.,1.,0.));
#6733=DIRECTION('ref_axis',(-1.,0.,0.));
#6734=DIRECTION('',(1.,0.,0.));
#6735=DIRECTION('',(-1.,0.,0.));
#6736=DIRECTION('',(0.,0.,1.));
#6737=DIRECTION('center_axis',(1.,0.,0.));
#6738=DIRECTION('ref_axis',(0.,1.,0.));
#6739=DIRECTION('',(0.,-1.,0.));
#6740=DIRECTION('',(0.,1.,0.));
#6741=DIRECTION('',(0.,0.,1.));
#6742=DIRECTION('center_axis',(0.,-1.,0.));
#6743=DIRECTION('ref_axis',(1.,0.,0.));
#6744=DIRECTION('',(-1.,0.,0.));
#6745=DIRECTION('',(1.,0.,0.));
#6746=DIRECTION('center_axis',(0.,0.,1.));
#6747=DIRECTION('ref_axis',(1.,0.,0.));
#6748=DIRECTION('',(0.,-1.,0.));
#6749=DIRECTION('',(-1.,0.,0.));
#6750=DIRECTION('',(0.,1.,0.));
#6751=DIRECTION('',(1.,0.,0.));
#6752=DIRECTION('',(0.,-1.,0.));
#6753=DIRECTION('',(-1.,0.,0.));
#6754=DIRECTION('',(0.,1.,0.));
#6755=DIRECTION('',(1.,0.,0.));
#6756=DIRECTION('',(0.,-1.,0.));
#6757=DIRECTION('',(-1.,0.,0.));
#6758=DIRECTION('',(0.,1.,0.));
#6759=DIRECTION('',(1.,0.,0.));
#6760=DIRECTION('',(0.,-1.,0.));
#6761=DIRECTION('',(-1.,0.,0.));
#6762=DIRECTION('',(0.,1.,0.));
#6763=DIRECTION('',(1.,0.,0.));
#6764=DIRECTION('',(0.,-1.,0.));
#6765=DIRECTION('',(-1.,0.,0.));
#6766=DIRECTION('',(0.,1.,0.));
#6767=DIRECTION('',(1.,0.,0.));
#6768=DIRECTION('',(0.,-1.,0.));
#6769=DIRECTION('',(-1.,0.,0.));
#6770=DIRECTION('',(0.,1.,0.));
#6771=DIRECTION('',(1.,0.,0.));
#6772=DIRECTION('center_axis',(0.,0.,1.));
#6773=DIRECTION('ref_axis',(1.,0.,0.));
#6774=DIRECTION('',(1.,0.,0.));
#6775=DIRECTION('',(0.,1.,0.));
#6776=DIRECTION('',(-1.,0.,0.));
#6777=DIRECTION('',(0.,-1.,0.));
#6778=DIRECTION('',(1.,0.,0.));
#6779=DIRECTION('',(0.,1.,0.));
#6780=DIRECTION('',(-1.,0.,0.));
#6781=DIRECTION('',(0.,-1.,0.));
#6782=DIRECTION('',(1.,0.,0.));
#6783=DIRECTION('',(0.,1.,0.));
#6784=DIRECTION('',(-1.,0.,0.));
#6785=DIRECTION('',(0.,-1.,0.));
#6786=DIRECTION('',(1.,0.,0.));
#6787=DIRECTION('',(0.,1.,0.));
#6788=DIRECTION('',(-1.,0.,0.));
#6789=DIRECTION('',(0.,-1.,0.));
#6790=DIRECTION('',(1.,0.,0.));
#6791=DIRECTION('',(0.,1.,0.));
#6792=DIRECTION('',(-1.,0.,0.));
#6793=DIRECTION('',(0.,-1.,0.));
#6794=DIRECTION('',(1.,0.,0.));
#6795=DIRECTION('',(0.,1.,0.));
#6796=DIRECTION('',(-1.,0.,0.));
#6797=DIRECTION('',(0.,-1.,0.));
#6798=DIRECTION('center_axis',(0.,-1.,0.));
#6799=DIRECTION('ref_axis',(1.,0.,0.));
#6800=DIRECTION('',(1.,0.,0.));
#6801=DIRECTION('',(0.,0.,1.));
#6802=DIRECTION('',(0.,0.,1.));
#6803=DIRECTION('center_axis',(1.,0.,0.));
#6804=DIRECTION('ref_axis',(0.,1.,0.));
#6805=DIRECTION('',(0.,1.,0.));
#6806=DIRECTION('',(0.,0.,1.));
#6807=DIRECTION('center_axis',(0.,1.,0.));
#6808=DIRECTION('ref_axis',(-1.,0.,0.));
#6809=DIRECTION('',(-1.,0.,0.));
#6810=DIRECTION('',(0.,0.,1.));
#6811=DIRECTION('center_axis',(-1.,0.,0.));
#6812=DIRECTION('ref_axis',(0.,-1.,0.));
#6813=DIRECTION('',(0.,-1.,0.));
#6814=DIRECTION('center_axis',(-1.,0.,0.));
#6815=DIRECTION('ref_axis',(0.,-1.,0.));
#6816=DIRECTION('',(0.,1.,0.));
#6817=DIRECTION('',(0.,0.,1.));
#6818=DIRECTION('',(0.,0.,1.));
#6819=DIRECTION('center_axis',(0.,1.,0.));
#6820=DIRECTION('ref_axis',(-1.,0.,0.));
#6821=DIRECTION('',(1.,0.,0.));
#6822=DIRECTION('',(0.,0.,1.));
#6823=DIRECTION('center_axis',(1.,0.,0.));
#6824=DIRECTION('ref_axis',(0.,1.,0.));
#6825=DIRECTION('',(0.,-1.,0.));
#6826=DIRECTION('',(0.,0.,1.));
#6827=DIRECTION('center_axis',(0.,-1.,0.));
#6828=DIRECTION('ref_axis',(1.,0.,0.));
#6829=DIRECTION('',(-1.,0.,0.));
#6830=DIRECTION('center_axis',(0.,0.,1.));
#6831=DIRECTION('ref_axis',(1.,0.,0.));
#6832=DIRECTION('center_axis',(0.,-1.,0.));
#6833=DIRECTION('ref_axis',(1.,0.,0.));
#6834=DIRECTION('',(1.,0.,0.));
#6835=DIRECTION('',(0.,0.,1.));
#6836=DIRECTION('',(0.,0.,1.));
#6837=DIRECTION('center_axis',(1.,0.,0.));
#6838=DIRECTION('ref_axis',(0.,1.,0.));
#6839=DIRECTION('',(0.,1.,0.));
#6840=DIRECTION('',(0.,0.,1.));
#6841=DIRECTION('center_axis',(0.,1.,0.));
#6842=DIRECTION('ref_axis',(-1.,0.,0.));
#6843=DIRECTION('',(-1.,0.,0.));
#6844=DIRECTION('',(0.,0.,1.));
#6845=DIRECTION('center_axis',(-1.,0.,0.));
#6846=DIRECTION('ref_axis',(0.,-1.,0.));
#6847=DIRECTION('',(0.,-1.,0.));
#6848=DIRECTION('center_axis',(-1.,0.,0.));
#6849=DIRECTION('ref_axis',(0.,-1.,0.));
#6850=DIRECTION('',(0.,1.,0.));
#6851=DIRECTION('',(0.,0.,1.));
#6852=DIRECTION('',(0.,0.,1.));
#6853=DIRECTION('center_axis',(0.,1.,0.));
#6854=DIRECTION('ref_axis',(-1.,0.,0.));
#6855=DIRECTION('',(1.,0.,0.));
#6856=DIRECTION('',(0.,0.,1.));
#6857=DIRECTION('center_axis',(1.,0.,0.));
#6858=DIRECTION('ref_axis',(0.,1.,0.));
#6859=DIRECTION('',(0.,-1.,0.));
#6860=DIRECTION('',(0.,0.,1.));
#6861=DIRECTION('center_axis',(0.,-1.,0.));
#6862=DIRECTION('ref_axis',(1.,0.,0.));
#6863=DIRECTION('',(-1.,0.,0.));
#6864=DIRECTION('center_axis',(0.,0.,1.));
#6865=DIRECTION('ref_axis',(1.,0.,0.));
#6866=DIRECTION('center_axis',(0.,-1.,0.));
#6867=DIRECTION('ref_axis',(1.,0.,0.));
#6868=DIRECTION('',(1.,0.,0.));
#6869=DIRECTION('',(0.,0.,1.));
#6870=DIRECTION('',(0.,0.,1.));
#6871=DIRECTION('center_axis',(1.,0.,0.));
#6872=DIRECTION('ref_axis',(0.,1.,0.));
#6873=DIRECTION('',(0.,1.,0.));
#6874=DIRECTION('',(0.,0.,1.));
#6875=DIRECTION('center_axis',(0.,1.,0.));
#6876=DIRECTION('ref_axis',(-1.,0.,0.));
#6877=DIRECTION('',(-1.,0.,0.));
#6878=DIRECTION('',(0.,0.,1.));
#6879=DIRECTION('center_axis',(-1.,0.,0.));
#6880=DIRECTION('ref_axis',(0.,-1.,0.));
#6881=DIRECTION('',(0.,-1.,0.));
#6882=DIRECTION('center_axis',(-1.,0.,0.));
#6883=DIRECTION('ref_axis',(0.,-1.,0.));
#6884=DIRECTION('',(0.,1.,0.));
#6885=DIRECTION('',(0.,0.,1.));
#6886=DIRECTION('',(0.,0.,1.));
#6887=DIRECTION('center_axis',(0.,1.,0.));
#6888=DIRECTION('ref_axis',(-1.,0.,0.));
#6889=DIRECTION('',(1.,0.,0.));
#6890=DIRECTION('',(0.,0.,1.));
#6891=DIRECTION('center_axis',(1.,0.,0.));
#6892=DIRECTION('ref_axis',(0.,1.,0.));
#6893=DIRECTION('',(0.,-1.,0.));
#6894=DIRECTION('',(0.,0.,1.));
#6895=DIRECTION('center_axis',(0.,-1.,0.));
#6896=DIRECTION('ref_axis',(1.,0.,0.));
#6897=DIRECTION('',(-1.,0.,0.));
#6898=DIRECTION('center_axis',(0.,0.,1.));
#6899=DIRECTION('ref_axis',(1.,0.,0.));
#6900=DIRECTION('center_axis',(0.,-1.,0.));
#6901=DIRECTION('ref_axis',(1.,0.,0.));
#6902=DIRECTION('',(1.,0.,0.));
#6903=DIRECTION('',(0.,0.,1.));
#6904=DIRECTION('',(0.,0.,1.));
#6905=DIRECTION('center_axis',(1.,0.,0.));
#6906=DIRECTION('ref_axis',(0.,1.,0.));
#6907=DIRECTION('',(0.,1.,0.));
#6908=DIRECTION('',(0.,0.,1.));
#6909=DIRECTION('center_axis',(0.,1.,0.));
#6910=DIRECTION('ref_axis',(-1.,0.,0.));
#6911=DIRECTION('',(-1.,0.,0.));
#6912=DIRECTION('',(0.,0.,1.));
#6913=DIRECTION('center_axis',(-1.,0.,0.));
#6914=DIRECTION('ref_axis',(0.,-1.,0.));
#6915=DIRECTION('',(0.,-1.,0.));
#6916=DIRECTION('center_axis',(-1.,0.,0.));
#6917=DIRECTION('ref_axis',(0.,-1.,0.));
#6918=DIRECTION('',(0.,1.,0.));
#6919=DIRECTION('',(0.,0.,1.));
#6920=DIRECTION('',(0.,0.,1.));
#6921=DIRECTION('center_axis',(0.,1.,0.));
#6922=DIRECTION('ref_axis',(-1.,0.,0.));
#6923=DIRECTION('',(1.,0.,0.));
#6924=DIRECTION('',(0.,0.,1.));
#6925=DIRECTION('center_axis',(1.,0.,0.));
#6926=DIRECTION('ref_axis',(0.,1.,0.));
#6927=DIRECTION('',(0.,-1.,0.));
#6928=DIRECTION('',(0.,0.,1.));
#6929=DIRECTION('center_axis',(0.,-1.,0.));
#6930=DIRECTION('ref_axis',(1.,0.,0.));
#6931=DIRECTION('',(-1.,0.,0.));
#6932=DIRECTION('center_axis',(0.,0.,1.));
#6933=DIRECTION('ref_axis',(1.,0.,0.));
#6934=DIRECTION('center_axis',(0.,-1.,0.));
#6935=DIRECTION('ref_axis',(1.,0.,0.));
#6936=DIRECTION('',(1.,0.,0.));
#6937=DIRECTION('',(0.,0.,1.));
#6938=DIRECTION('',(0.,0.,1.));
#6939=DIRECTION('center_axis',(1.,0.,0.));
#6940=DIRECTION('ref_axis',(0.,1.,0.));
#6941=DIRECTION('',(0.,1.,0.));
#6942=DIRECTION('',(0.,0.,1.));
#6943=DIRECTION('center_axis',(0.,1.,0.));
#6944=DIRECTION('ref_axis',(-1.,0.,0.));
#6945=DIRECTION('',(-1.,0.,0.));
#6946=DIRECTION('',(0.,0.,1.));
#6947=DIRECTION('center_axis',(-1.,0.,0.));
#6948=DIRECTION('ref_axis',(0.,-1.,0.));
#6949=DIRECTION('',(0.,-1.,0.));
#6950=DIRECTION('center_axis',(-1.,0.,0.));
#6951=DIRECTION('ref_axis',(0.,-1.,0.));
#6952=DIRECTION('',(0.,1.,0.));
#6953=DIRECTION('',(0.,0.,1.));
#6954=DIRECTION('',(0.,0.,1.));
#6955=DIRECTION('center_axis',(0.,1.,0.));
#6956=DIRECTION('ref_axis',(-1.,0.,0.));
#6957=DIRECTION('',(1.,0.,0.));
#6958=DIRECTION('',(0.,0.,1.));
#6959=DIRECTION('center_axis',(1.,0.,0.));
#6960=DIRECTION('ref_axis',(0.,1.,0.));
#6961=DIRECTION('',(0.,-1.,0.));
#6962=DIRECTION('',(0.,0.,1.));
#6963=DIRECTION('center_axis',(0.,-1.,0.));
#6964=DIRECTION('ref_axis',(1.,0.,0.));
#6965=DIRECTION('',(-1.,0.,0.));
#6966=DIRECTION('center_axis',(0.,0.,1.));
#6967=DIRECTION('ref_axis',(1.,0.,0.));
#6968=DIRECTION('center_axis',(0.,-1.,0.));
#6969=DIRECTION('ref_axis',(1.,0.,0.));
#6970=DIRECTION('',(1.,0.,0.));
#6971=DIRECTION('',(0.,0.,1.));
#6972=DIRECTION('',(0.,0.,1.));
#6973=DIRECTION('center_axis',(1.,0.,0.));
#6974=DIRECTION('ref_axis',(0.,1.,0.));
#6975=DIRECTION('',(0.,1.,0.));
#6976=DIRECTION('',(0.,0.,1.));
#6977=DIRECTION('center_axis',(0.,1.,0.));
#6978=DIRECTION('ref_axis',(-1.,0.,0.));
#6979=DIRECTION('',(-1.,0.,0.));
#6980=DIRECTION('',(0.,0.,1.));
#6981=DIRECTION('center_axis',(-1.,0.,0.));
#6982=DIRECTION('ref_axis',(0.,-1.,0.));
#6983=DIRECTION('',(0.,-1.,0.));
#6984=DIRECTION('center_axis',(-1.,0.,0.));
#6985=DIRECTION('ref_axis',(0.,-1.,0.));
#6986=DIRECTION('',(0.,1.,0.));
#6987=DIRECTION('',(0.,0.,1.));
#6988=DIRECTION('',(0.,0.,1.));
#6989=DIRECTION('center_axis',(0.,1.,0.));
#6990=DIRECTION('ref_axis',(-1.,0.,0.));
#6991=DIRECTION('',(1.,0.,0.));
#6992=DIRECTION('',(0.,0.,1.));
#6993=DIRECTION('center_axis',(1.,0.,0.));
#6994=DIRECTION('ref_axis',(0.,1.,0.));
#6995=DIRECTION('',(0.,-1.,0.));
#6996=DIRECTION('',(0.,0.,1.));
#6997=DIRECTION('center_axis',(0.,-1.,0.));
#6998=DIRECTION('ref_axis',(1.,0.,0.));
#6999=DIRECTION('',(-1.,0.,0.));
#7000=DIRECTION('center_axis',(0.,0.,1.));
#7001=DIRECTION('ref_axis',(1.,0.,0.));
#7002=DIRECTION('center_axis',(0.,1.,0.));
#7003=DIRECTION('ref_axis',(1.,0.,0.));
#7004=DIRECTION('',(-1.,0.,0.));
#7005=DIRECTION('',(0.,0.,-1.));
#7006=DIRECTION('',(1.,0.,0.));
#7007=DIRECTION('',(0.,0.,-1.));
#7008=DIRECTION('center_axis',(-1.,0.,0.));
#7009=DIRECTION('ref_axis',(0.,1.,0.));
#7010=DIRECTION('',(0.,-1.,0.));
#7011=DIRECTION('',(0.,1.,0.));
#7012=DIRECTION('',(0.,0.,-1.));
#7013=DIRECTION('center_axis',(0.,-1.,0.));
#7014=DIRECTION('ref_axis',(-1.,0.,0.));
#7015=DIRECTION('',(1.,0.,0.));
#7016=DIRECTION('',(-1.,0.,0.));
#7017=DIRECTION('',(0.,0.,-1.));
#7018=DIRECTION('center_axis',(1.,0.,0.));
#7019=DIRECTION('ref_axis',(0.,-1.,0.));
#7020=DIRECTION('',(0.,1.,0.));
#7021=DIRECTION('',(0.,-1.,0.));
#7022=DIRECTION('center_axis',(0.,0.,1.));
#7023=DIRECTION('ref_axis',(1.,0.,0.));
#7024=DIRECTION('center_axis',(0.,0.,-1.));
#7025=DIRECTION('ref_axis',(-1.,0.,0.));
#7026=DIRECTION('center_axis',(0.,1.,0.));
#7027=DIRECTION('ref_axis',(1.,0.,0.));
#7028=DIRECTION('',(-1.,0.,0.));
#7029=DIRECTION('',(0.,0.,-1.));
#7030=DIRECTION('',(1.,0.,0.));
#7031=DIRECTION('',(0.,0.,-1.));
#7032=DIRECTION('center_axis',(-1.,0.,0.));
#7033=DIRECTION('ref_axis',(0.,1.,0.));
#7034=DIRECTION('',(0.,-1.,0.));
#7035=DIRECTION('',(0.,1.,0.));
#7036=DIRECTION('',(0.,0.,-1.));
#7037=DIRECTION('center_axis',(0.,-1.,0.));
#7038=DIRECTION('ref_axis',(-1.,0.,0.));
#7039=DIRECTION('',(1.,0.,0.));
#7040=DIRECTION('',(-1.,0.,0.));
#7041=DIRECTION('',(0.,0.,-1.));
#7042=DIRECTION('center_axis',(1.,0.,0.));
#7043=DIRECTION('ref_axis',(0.,-1.,0.));
#7044=DIRECTION('',(0.,1.,0.));
#7045=DIRECTION('',(0.,-1.,0.));
#7046=DIRECTION('center_axis',(0.,0.,1.));
#7047=DIRECTION('ref_axis',(1.,0.,0.));
#7048=DIRECTION('center_axis',(0.,0.,-1.));
#7049=DIRECTION('ref_axis',(-1.,0.,0.));
#7050=DIRECTION('center_axis',(0.,1.,0.));
#7051=DIRECTION('ref_axis',(1.,0.,0.));
#7052=DIRECTION('',(-1.,0.,0.));
#7053=DIRECTION('',(0.,0.,-1.));
#7054=DIRECTION('',(1.,0.,0.));
#7055=DIRECTION('',(0.,0.,-1.));
#7056=DIRECTION('center_axis',(-1.,0.,0.));
#7057=DIRECTION('ref_axis',(0.,1.,0.));
#7058=DIRECTION('',(0.,-1.,0.));
#7059=DIRECTION('',(0.,1.,0.));
#7060=DIRECTION('',(0.,0.,-1.));
#7061=DIRECTION('center_axis',(0.,-1.,0.));
#7062=DIRECTION('ref_axis',(-1.,0.,0.));
#7063=DIRECTION('',(1.,0.,0.));
#7064=DIRECTION('',(-1.,0.,0.));
#7065=DIRECTION('',(0.,0.,-1.));
#7066=DIRECTION('center_axis',(1.,0.,0.));
#7067=DIRECTION('ref_axis',(0.,-1.,0.));
#7068=DIRECTION('',(0.,1.,0.));
#7069=DIRECTION('',(0.,-1.,0.));
#7070=DIRECTION('center_axis',(0.,0.,1.));
#7071=DIRECTION('ref_axis',(1.,0.,0.));
#7072=DIRECTION('center_axis',(0.,0.,-1.));
#7073=DIRECTION('ref_axis',(-1.,0.,0.));
#7074=DIRECTION('center_axis',(0.,1.,0.));
#7075=DIRECTION('ref_axis',(1.,0.,0.));
#7076=DIRECTION('',(-1.,0.,0.));
#7077=DIRECTION('',(0.,0.,-1.));
#7078=DIRECTION('',(1.,0.,0.));
#7079=DIRECTION('',(0.,0.,-1.));
#7080=DIRECTION('center_axis',(-1.,0.,0.));
#7081=DIRECTION('ref_axis',(0.,1.,0.));
#7082=DIRECTION('',(0.,-1.,0.));
#7083=DIRECTION('',(0.,1.,0.));
#7084=DIRECTION('',(0.,0.,-1.));
#7085=DIRECTION('center_axis',(0.,-1.,0.));
#7086=DIRECTION('ref_axis',(-1.,0.,0.));
#7087=DIRECTION('',(1.,0.,0.));
#7088=DIRECTION('',(-1.,0.,0.));
#7089=DIRECTION('',(0.,0.,-1.));
#7090=DIRECTION('center_axis',(1.,0.,0.));
#7091=DIRECTION('ref_axis',(0.,-1.,0.));
#7092=DIRECTION('',(0.,1.,0.));
#7093=DIRECTION('',(0.,-1.,0.));
#7094=DIRECTION('center_axis',(0.,0.,1.));
#7095=DIRECTION('ref_axis',(1.,0.,0.));
#7096=DIRECTION('center_axis',(0.,0.,-1.));
#7097=DIRECTION('ref_axis',(-1.,0.,0.));
#7098=DIRECTION('center_axis',(0.,1.,0.));
#7099=DIRECTION('ref_axis',(1.,0.,0.));
#7100=DIRECTION('',(-1.,0.,0.));
#7101=DIRECTION('',(0.,0.,-1.));
#7102=DIRECTION('',(1.,0.,0.));
#7103=DIRECTION('',(0.,0.,-1.));
#7104=DIRECTION('center_axis',(-1.,0.,0.));
#7105=DIRECTION('ref_axis',(0.,1.,0.));
#7106=DIRECTION('',(0.,-1.,0.));
#7107=DIRECTION('',(0.,1.,0.));
#7108=DIRECTION('',(0.,0.,-1.));
#7109=DIRECTION('center_axis',(0.,-1.,0.));
#7110=DIRECTION('ref_axis',(-1.,0.,0.));
#7111=DIRECTION('',(1.,0.,0.));
#7112=DIRECTION('',(-1.,0.,0.));
#7113=DIRECTION('',(0.,0.,-1.));
#7114=DIRECTION('center_axis',(1.,0.,0.));
#7115=DIRECTION('ref_axis',(0.,-1.,0.));
#7116=DIRECTION('',(0.,1.,0.));
#7117=DIRECTION('',(0.,-1.,0.));
#7118=DIRECTION('center_axis',(0.,0.,1.));
#7119=DIRECTION('ref_axis',(1.,0.,0.));
#7120=DIRECTION('center_axis',(0.,0.,-1.));
#7121=DIRECTION('ref_axis',(-1.,0.,0.));
#7122=DIRECTION('center_axis',(0.,1.,0.));
#7123=DIRECTION('ref_axis',(1.,0.,0.));
#7124=DIRECTION('',(-1.,0.,0.));
#7125=DIRECTION('',(0.,0.,-1.));
#7126=DIRECTION('',(1.,0.,0.));
#7127=DIRECTION('',(0.,0.,-1.));
#7128=DIRECTION('center_axis',(-1.,0.,0.));
#7129=DIRECTION('ref_axis',(0.,1.,0.));
#7130=DIRECTION('',(0.,-1.,0.));
#7131=DIRECTION('',(0.,1.,0.));
#7132=DIRECTION('',(0.,0.,-1.));
#7133=DIRECTION('center_axis',(0.,-1.,0.));
#7134=DIRECTION('ref_axis',(-1.,0.,0.));
#7135=DIRECTION('',(1.,0.,0.));
#7136=DIRECTION('',(-1.,0.,0.));
#7137=DIRECTION('',(0.,0.,-1.));
#7138=DIRECTION('center_axis',(1.,0.,0.));
#7139=DIRECTION('ref_axis',(0.,-1.,0.));
#7140=DIRECTION('',(0.,1.,0.));
#7141=DIRECTION('',(0.,-1.,0.));
#7142=DIRECTION('center_axis',(0.,0.,1.));
#7143=DIRECTION('ref_axis',(1.,0.,0.));
#7144=DIRECTION('center_axis',(0.,0.,-1.));
#7145=DIRECTION('ref_axis',(-1.,0.,0.));
#7146=DIRECTION('center_axis',(0.,1.,0.));
#7147=DIRECTION('ref_axis',(1.,0.,0.));
#7148=DIRECTION('',(-1.,0.,0.));
#7149=DIRECTION('',(0.,0.,-1.));
#7150=DIRECTION('',(1.,0.,0.));
#7151=DIRECTION('',(0.,0.,-1.));
#7152=DIRECTION('center_axis',(-1.,0.,0.));
#7153=DIRECTION('ref_axis',(0.,1.,0.));
#7154=DIRECTION('',(0.,-1.,0.));
#7155=DIRECTION('',(0.,1.,0.));
#7156=DIRECTION('',(0.,0.,-1.));
#7157=DIRECTION('center_axis',(0.,-1.,0.));
#7158=DIRECTION('ref_axis',(-1.,0.,0.));
#7159=DIRECTION('',(1.,0.,0.));
#7160=DIRECTION('',(-1.,0.,0.));
#7161=DIRECTION('',(0.,0.,-1.));
#7162=DIRECTION('center_axis',(1.,0.,0.));
#7163=DIRECTION('ref_axis',(0.,-1.,0.));
#7164=DIRECTION('',(0.,1.,0.));
#7165=DIRECTION('',(0.,-1.,0.));
#7166=DIRECTION('center_axis',(0.,0.,1.));
#7167=DIRECTION('ref_axis',(1.,0.,0.));
#7168=DIRECTION('center_axis',(0.,0.,-1.));
#7169=DIRECTION('ref_axis',(-1.,0.,0.));
#7170=DIRECTION('center_axis',(0.,1.,0.));
#7171=DIRECTION('ref_axis',(1.,0.,0.));
#7172=DIRECTION('',(-1.,0.,0.));
#7173=DIRECTION('',(0.,0.,-1.));
#7174=DIRECTION('',(1.,0.,0.));
#7175=DIRECTION('',(0.,0.,-1.));
#7176=DIRECTION('center_axis',(-1.,0.,0.));
#7177=DIRECTION('ref_axis',(0.,1.,0.));
#7178=DIRECTION('',(0.,-1.,0.));
#7179=DIRECTION('',(0.,1.,0.));
#7180=DIRECTION('',(0.,0.,-1.));
#7181=DIRECTION('center_axis',(0.,-1.,0.));
#7182=DIRECTION('ref_axis',(-1.,0.,0.));
#7183=DIRECTION('',(1.,0.,0.));
#7184=DIRECTION('',(-1.,0.,0.));
#7185=DIRECTION('',(0.,0.,-1.));
#7186=DIRECTION('center_axis',(1.,0.,0.));
#7187=DIRECTION('ref_axis',(0.,-1.,0.));
#7188=DIRECTION('',(0.,1.,0.));
#7189=DIRECTION('',(0.,-1.,0.));
#7190=DIRECTION('center_axis',(0.,0.,1.));
#7191=DIRECTION('ref_axis',(1.,0.,0.));
#7192=DIRECTION('center_axis',(0.,0.,-1.));
#7193=DIRECTION('ref_axis',(-1.,0.,0.));
#7194=DIRECTION('center_axis',(0.,1.,0.));
#7195=DIRECTION('ref_axis',(1.,0.,0.));
#7196=DIRECTION('',(-1.,0.,0.));
#7197=DIRECTION('',(0.,0.,-1.));
#7198=DIRECTION('',(1.,0.,0.));
#7199=DIRECTION('',(0.,0.,-1.));
#7200=DIRECTION('center_axis',(-1.,0.,0.));
#7201=DIRECTION('ref_axis',(0.,1.,0.));
#7202=DIRECTION('',(0.,-1.,0.));
#7203=DIRECTION('',(0.,1.,0.));
#7204=DIRECTION('',(0.,0.,-1.));
#7205=DIRECTION('center_axis',(0.,-1.,0.));
#7206=DIRECTION('ref_axis',(-1.,0.,0.));
#7207=DIRECTION('',(1.,0.,0.));
#7208=DIRECTION('',(-1.,0.,0.));
#7209=DIRECTION('',(0.,0.,-1.));
#7210=DIRECTION('center_axis',(1.,0.,0.));
#7211=DIRECTION('ref_axis',(0.,-1.,0.));
#7212=DIRECTION('',(0.,1.,0.));
#7213=DIRECTION('',(0.,-1.,0.));
#7214=DIRECTION('center_axis',(0.,0.,1.));
#7215=DIRECTION('ref_axis',(1.,0.,0.));
#7216=DIRECTION('center_axis',(0.,0.,-1.));
#7217=DIRECTION('ref_axis',(-1.,0.,0.));
#7218=DIRECTION('center_axis',(0.,1.,0.));
#7219=DIRECTION('ref_axis',(1.,0.,0.));
#7220=DIRECTION('',(-1.,0.,0.));
#7221=DIRECTION('',(0.,0.,-1.));
#7222=DIRECTION('',(1.,0.,0.));
#7223=DIRECTION('',(0.,0.,-1.));
#7224=DIRECTION('center_axis',(-1.,0.,0.));
#7225=DIRECTION('ref_axis',(0.,1.,0.));
#7226=DIRECTION('',(0.,-1.,0.));
#7227=DIRECTION('',(0.,1.,0.));
#7228=DIRECTION('',(0.,0.,-1.));
#7229=DIRECTION('center_axis',(0.,-1.,0.));
#7230=DIRECTION('ref_axis',(-1.,0.,0.));
#7231=DIRECTION('',(1.,0.,0.));
#7232=DIRECTION('',(-1.,0.,0.));
#7233=DIRECTION('',(0.,0.,-1.));
#7234=DIRECTION('center_axis',(1.,0.,0.));
#7235=DIRECTION('ref_axis',(0.,-1.,0.));
#7236=DIRECTION('',(0.,1.,0.));
#7237=DIRECTION('',(0.,-1.,0.));
#7238=DIRECTION('center_axis',(0.,0.,1.));
#7239=DIRECTION('ref_axis',(1.,0.,0.));
#7240=DIRECTION('center_axis',(0.,0.,-1.));
#7241=DIRECTION('ref_axis',(-1.,0.,0.));
#7242=DIRECTION('center_axis',(0.,1.,0.));
#7243=DIRECTION('ref_axis',(1.,0.,0.));
#7244=DIRECTION('',(-1.,0.,0.));
#7245=DIRECTION('',(0.,0.,-1.));
#7246=DIRECTION('',(1.,0.,0.));
#7247=DIRECTION('',(0.,0.,-1.));
#7248=DIRECTION('center_axis',(-1.,0.,0.));
#7249=DIRECTION('ref_axis',(0.,1.,0.));
#7250=DIRECTION('',(0.,-1.,0.));
#7251=DIRECTION('',(0.,1.,0.));
#7252=DIRECTION('',(0.,0.,-1.));
#7253=DIRECTION('center_axis',(0.,-1.,0.));
#7254=DIRECTION('ref_axis',(-1.,0.,0.));
#7255=DIRECTION('',(1.,0.,0.));
#7256=DIRECTION('',(-1.,0.,0.));
#7257=DIRECTION('',(0.,0.,-1.));
#7258=DIRECTION('center_axis',(1.,0.,0.));
#7259=DIRECTION('ref_axis',(0.,-1.,0.));
#7260=DIRECTION('',(0.,1.,0.));
#7261=DIRECTION('',(0.,-1.,0.));
#7262=DIRECTION('center_axis',(0.,0.,1.));
#7263=DIRECTION('ref_axis',(1.,0.,0.));
#7264=DIRECTION('center_axis',(0.,0.,-1.));
#7265=DIRECTION('ref_axis',(-1.,0.,0.));
#7266=DIRECTION('center_axis',(0.,1.,0.));
#7267=DIRECTION('ref_axis',(1.,0.,0.));
#7268=DIRECTION('',(-1.,0.,0.));
#7269=DIRECTION('',(0.,0.,-1.));
#7270=DIRECTION('',(1.,0.,0.));
#7271=DIRECTION('',(0.,0.,-1.));
#7272=DIRECTION('center_axis',(-1.,0.,0.));
#7273=DIRECTION('ref_axis',(0.,1.,0.));
#7274=DIRECTION('',(0.,-1.,0.));
#7275=DIRECTION('',(0.,1.,0.));
#7276=DIRECTION('',(0.,0.,-1.));
#7277=DIRECTION('center_axis',(0.,-1.,0.));
#7278=DIRECTION('ref_axis',(-1.,0.,0.));
#7279=DIRECTION('',(1.,0.,0.));
#7280=DIRECTION('',(-1.,0.,0.));
#7281=DIRECTION('',(0.,0.,-1.));
#7282=DIRECTION('center_axis',(1.,0.,0.));
#7283=DIRECTION('ref_axis',(0.,-1.,0.));
#7284=DIRECTION('',(0.,1.,0.));
#7285=DIRECTION('',(0.,-1.,0.));
#7286=DIRECTION('center_axis',(0.,0.,1.));
#7287=DIRECTION('ref_axis',(1.,0.,0.));
#7288=DIRECTION('center_axis',(0.,0.,-1.));
#7289=DIRECTION('ref_axis',(-1.,0.,0.));
#7290=DIRECTION('center_axis',(0.,1.,0.));
#7291=DIRECTION('ref_axis',(1.,0.,0.));
#7292=DIRECTION('',(-1.,0.,0.));
#7293=DIRECTION('',(0.,0.,-1.));
#7294=DIRECTION('',(1.,0.,0.));
#7295=DIRECTION('',(0.,0.,-1.));
#7296=DIRECTION('center_axis',(-1.,0.,0.));
#7297=DIRECTION('ref_axis',(0.,1.,0.));
#7298=DIRECTION('',(0.,-1.,0.));
#7299=DIRECTION('',(0.,1.,0.));
#7300=DIRECTION('',(0.,0.,-1.));
#7301=DIRECTION('center_axis',(0.,-1.,0.));
#7302=DIRECTION('ref_axis',(-1.,0.,0.));
#7303=DIRECTION('',(1.,0.,0.));
#7304=DIRECTION('',(-1.,0.,0.));
#7305=DIRECTION('',(0.,0.,-1.));
#7306=DIRECTION('center_axis',(1.,0.,0.));
#7307=DIRECTION('ref_axis',(0.,-1.,0.));
#7308=DIRECTION('',(0.,1.,0.));
#7309=DIRECTION('',(0.,-1.,0.));
#7310=DIRECTION('center_axis',(0.,0.,1.));
#7311=DIRECTION('ref_axis',(1.,0.,0.));
#7312=DIRECTION('center_axis',(0.,0.,-1.));
#7313=DIRECTION('ref_axis',(-1.,0.,0.));
#7314=DIRECTION('center_axis',(0.,1.,0.));
#7315=DIRECTION('ref_axis',(1.,0.,0.));
#7316=DIRECTION('',(-1.,0.,0.));
#7317=DIRECTION('',(0.,0.,-1.));
#7318=DIRECTION('',(1.,0.,0.));
#7319=DIRECTION('',(0.,0.,-1.));
#7320=DIRECTION('center_axis',(-1.,0.,0.));
#7321=DIRECTION('ref_axis',(0.,1.,0.));
#7322=DIRECTION('',(0.,-1.,0.));
#7323=DIRECTION('',(0.,1.,0.));
#7324=DIRECTION('',(0.,0.,-1.));
#7325=DIRECTION('center_axis',(0.,-1.,0.));
#7326=DIRECTION('ref_axis',(-1.,0.,0.));
#7327=DIRECTION('',(1.,0.,0.));
#7328=DIRECTION('',(-1.,0.,0.));
#7329=DIRECTION('',(0.,0.,-1.));
#7330=DIRECTION('center_axis',(1.,0.,0.));
#7331=DIRECTION('ref_axis',(0.,-1.,0.));
#7332=DIRECTION('',(0.,1.,0.));
#7333=DIRECTION('',(0.,-1.,0.));
#7334=DIRECTION('center_axis',(0.,0.,1.));
#7335=DIRECTION('ref_axis',(1.,0.,0.));
#7336=DIRECTION('center_axis',(0.,0.,-1.));
#7337=DIRECTION('ref_axis',(-1.,0.,0.));
#7338=DIRECTION('center_axis',(0.,1.,0.));
#7339=DIRECTION('ref_axis',(1.,0.,0.));
#7340=DIRECTION('',(-1.,0.,0.));
#7341=DIRECTION('',(0.,0.,-1.));
#7342=DIRECTION('',(1.,0.,0.));
#7343=DIRECTION('',(0.,0.,-1.));
#7344=DIRECTION('center_axis',(-1.,0.,0.));
#7345=DIRECTION('ref_axis',(0.,1.,0.));
#7346=DIRECTION('',(0.,-1.,0.));
#7347=DIRECTION('',(0.,1.,0.));
#7348=DIRECTION('',(0.,0.,-1.));
#7349=DIRECTION('center_axis',(0.,-1.,0.));
#7350=DIRECTION('ref_axis',(-1.,0.,0.));
#7351=DIRECTION('',(1.,0.,0.));
#7352=DIRECTION('',(-1.,0.,0.));
#7353=DIRECTION('',(0.,0.,-1.));
#7354=DIRECTION('center_axis',(1.,0.,0.));
#7355=DIRECTION('ref_axis',(0.,-1.,0.));
#7356=DIRECTION('',(0.,1.,0.));
#7357=DIRECTION('',(0.,-1.,0.));
#7358=DIRECTION('center_axis',(0.,0.,1.));
#7359=DIRECTION('ref_axis',(1.,0.,0.));
#7360=DIRECTION('center_axis',(0.,0.,-1.));
#7361=DIRECTION('ref_axis',(-1.,0.,0.));
#7362=DIRECTION('center_axis',(0.,1.,0.));
#7363=DIRECTION('ref_axis',(1.,0.,0.));
#7364=DIRECTION('',(-1.,0.,0.));
#7365=DIRECTION('',(0.,0.,-1.));
#7366=DIRECTION('',(1.,0.,0.));
#7367=DIRECTION('',(0.,0.,-1.));
#7368=DIRECTION('center_axis',(-1.,0.,0.));
#7369=DIRECTION('ref_axis',(0.,1.,0.));
#7370=DIRECTION('',(0.,-1.,0.));
#7371=DIRECTION('',(0.,1.,0.));
#7372=DIRECTION('',(0.,0.,-1.));
#7373=DIRECTION('center_axis',(0.,-1.,0.));
#7374=DIRECTION('ref_axis',(-1.,0.,0.));
#7375=DIRECTION('',(1.,0.,0.));
#7376=DIRECTION('',(-1.,0.,0.));
#7377=DIRECTION('',(0.,0.,-1.));
#7378=DIRECTION('center_axis',(1.,0.,0.));
#7379=DIRECTION('ref_axis',(0.,-1.,0.));
#7380=DIRECTION('',(0.,1.,0.));
#7381=DIRECTION('',(0.,-1.,0.));
#7382=DIRECTION('center_axis',(0.,0.,1.));
#7383=DIRECTION('ref_axis',(1.,0.,0.));
#7384=DIRECTION('center_axis',(0.,0.,-1.));
#7385=DIRECTION('ref_axis',(-1.,0.,0.));
#7386=DIRECTION('center_axis',(0.,1.,0.));
#7387=DIRECTION('ref_axis',(1.,0.,0.));
#7388=DIRECTION('',(-1.,0.,0.));
#7389=DIRECTION('',(0.,0.,-1.));
#7390=DIRECTION('',(1.,0.,0.));
#7391=DIRECTION('',(0.,0.,-1.));
#7392=DIRECTION('center_axis',(-1.,0.,0.));
#7393=DIRECTION('ref_axis',(0.,1.,0.));
#7394=DIRECTION('',(0.,-1.,0.));
#7395=DIRECTION('',(0.,1.,0.));
#7396=DIRECTION('',(0.,0.,-1.));
#7397=DIRECTION('center_axis',(0.,-1.,0.));
#7398=DIRECTION('ref_axis',(-1.,0.,0.));
#7399=DIRECTION('',(1.,0.,0.));
#7400=DIRECTION('',(-1.,0.,0.));
#7401=DIRECTION('',(0.,0.,-1.));
#7402=DIRECTION('center_axis',(1.,0.,0.));
#7403=DIRECTION('ref_axis',(0.,-1.,0.));
#7404=DIRECTION('',(0.,1.,0.));
#7405=DIRECTION('',(0.,-1.,0.));
#7406=DIRECTION('center_axis',(0.,0.,1.));
#7407=DIRECTION('ref_axis',(1.,0.,0.));
#7408=DIRECTION('center_axis',(0.,0.,-1.));
#7409=DIRECTION('ref_axis',(-1.,0.,0.));
#7410=DIRECTION('center_axis',(0.,1.,0.));
#7411=DIRECTION('ref_axis',(1.,0.,0.));
#7412=DIRECTION('',(-1.,0.,0.));
#7413=DIRECTION('',(0.,0.,-1.));
#7414=DIRECTION('',(1.,0.,0.));
#7415=DIRECTION('',(0.,0.,-1.));
#7416=DIRECTION('center_axis',(-1.,0.,0.));
#7417=DIRECTION('ref_axis',(0.,1.,0.));
#7418=DIRECTION('',(0.,-1.,0.));
#7419=DIRECTION('',(0.,1.,0.));
#7420=DIRECTION('',(0.,0.,-1.));
#7421=DIRECTION('center_axis',(0.,-1.,0.));
#7422=DIRECTION('ref_axis',(-1.,0.,0.));
#7423=DIRECTION('',(1.,0.,0.));
#7424=DIRECTION('',(-1.,0.,0.));
#7425=DIRECTION('',(0.,0.,-1.));
#7426=DIRECTION('center_axis',(1.,0.,0.));
#7427=DIRECTION('ref_axis',(0.,-1.,0.));
#7428=DIRECTION('',(0.,1.,0.));
#7429=DIRECTION('',(0.,-1.,0.));
#7430=DIRECTION('center_axis',(0.,0.,1.));
#7431=DIRECTION('ref_axis',(1.,0.,0.));
#7432=DIRECTION('center_axis',(0.,0.,-1.));
#7433=DIRECTION('ref_axis',(-1.,0.,0.));
#7434=DIRECTION('center_axis',(0.,1.,0.));
#7435=DIRECTION('ref_axis',(1.,0.,0.));
#7436=DIRECTION('',(-1.,0.,0.));
#7437=DIRECTION('',(0.,0.,-1.));
#7438=DIRECTION('',(1.,0.,0.));
#7439=DIRECTION('',(0.,0.,-1.));
#7440=DIRECTION('center_axis',(-1.,0.,0.));
#7441=DIRECTION('ref_axis',(0.,1.,0.));
#7442=DIRECTION('',(0.,-1.,0.));
#7443=DIRECTION('',(0.,1.,0.));
#7444=DIRECTION('',(0.,0.,-1.));
#7445=DIRECTION('center_axis',(0.,-1.,0.));
#7446=DIRECTION('ref_axis',(-1.,0.,0.));
#7447=DIRECTION('',(1.,0.,0.));
#7448=DIRECTION('',(-1.,0.,0.));
#7449=DIRECTION('',(0.,0.,-1.));
#7450=DIRECTION('center_axis',(1.,0.,0.));
#7451=DIRECTION('ref_axis',(0.,-1.,0.));
#7452=DIRECTION('',(0.,1.,0.));
#7453=DIRECTION('',(0.,-1.,0.));
#7454=DIRECTION('center_axis',(0.,0.,1.));
#7455=DIRECTION('ref_axis',(1.,0.,0.));
#7456=DIRECTION('center_axis',(0.,0.,-1.));
#7457=DIRECTION('ref_axis',(-1.,0.,0.));
#7458=DIRECTION('center_axis',(0.,1.,0.));
#7459=DIRECTION('ref_axis',(1.,0.,0.));
#7460=DIRECTION('',(-1.,0.,0.));
#7461=DIRECTION('',(0.,0.,-1.));
#7462=DIRECTION('',(1.,0.,0.));
#7463=DIRECTION('',(0.,0.,-1.));
#7464=DIRECTION('center_axis',(-1.,0.,0.));
#7465=DIRECTION('ref_axis',(0.,1.,0.));
#7466=DIRECTION('',(0.,-1.,0.));
#7467=DIRECTION('',(0.,1.,0.));
#7468=DIRECTION('',(0.,0.,-1.));
#7469=DIRECTION('center_axis',(0.,-1.,0.));
#7470=DIRECTION('ref_axis',(-1.,0.,0.));
#7471=DIRECTION('',(1.,0.,0.));
#7472=DIRECTION('',(-1.,0.,0.));
#7473=DIRECTION('',(0.,0.,-1.));
#7474=DIRECTION('center_axis',(1.,0.,0.));
#7475=DIRECTION('ref_axis',(0.,-1.,0.));
#7476=DIRECTION('',(0.,1.,0.));
#7477=DIRECTION('',(0.,-1.,0.));
#7478=DIRECTION('center_axis',(0.,0.,1.));
#7479=DIRECTION('ref_axis',(1.,0.,0.));
#7480=DIRECTION('center_axis',(0.,0.,-1.));
#7481=DIRECTION('ref_axis',(-1.,0.,0.));
#7482=CARTESIAN_POINT('',(0.,0.,0.));
#7483=CARTESIAN_POINT('Origin',(30.7800000745058,-67.0000000745058,-2.));
#7484=CARTESIAN_POINT('',(30.7800000745058,-67.0000000745058,-2.));
#7485=CARTESIAN_POINT('',(31.7800000745058,-67.0000000745058,-2.));
#7486=CARTESIAN_POINT('',(31.7800000745058,-67.0000000745058,-2.));
#7487=CARTESIAN_POINT('',(31.7800000745058,-67.0000000745058,1.5));
#7488=CARTESIAN_POINT('',(31.7800000745058,-67.0000000745058,-2.));
#7489=CARTESIAN_POINT('',(30.7800000745058,-67.0000000745058,1.5));
#7490=CARTESIAN_POINT('',(31.7800000745058,-67.0000000745058,1.5));
#7491=CARTESIAN_POINT('',(30.7800000745058,-67.0000000745058,-2.));
#7492=CARTESIAN_POINT('Origin',(30.7800000745058,-68.0000000745058,-2.));
#7493=CARTESIAN_POINT('',(30.7800000745058,-68.0000000745058,-2.));
#7494=CARTESIAN_POINT('',(30.7800000745058,-67.0000000745058,-2.));
#7495=CARTESIAN_POINT('',(30.7800000745058,-68.0000000745058,1.5));
#7496=CARTESIAN_POINT('',(30.7800000745058,-67.0000000745058,1.5));
#7497=CARTESIAN_POINT('',(30.7800000745058,-68.0000000745058,-2.));
#7498=CARTESIAN_POINT('Origin',(31.7800000745058,-68.0000000745058,-2.));
#7499=CARTESIAN_POINT('',(31.7800000745058,-68.0000000745058,-2.));
#7500=CARTESIAN_POINT('',(30.7800000745058,-68.0000000745058,-2.));
#7501=CARTESIAN_POINT('',(31.7800000745058,-68.0000000745058,1.5));
#7502=CARTESIAN_POINT('',(30.7800000745058,-68.0000000745058,1.5));
#7503=CARTESIAN_POINT('',(31.7800000745058,-68.0000000745058,-2.));
#7504=CARTESIAN_POINT('Origin',(31.7800000745058,-67.0000000745058,-2.));
#7505=CARTESIAN_POINT('',(31.7800000745058,-68.0000000745058,-2.));
#7506=CARTESIAN_POINT('',(31.7800000745058,-68.0000000745058,1.5));
#7507=CARTESIAN_POINT('Origin',(30.0300000745058,-66.2500000745058,-2.));
#7508=CARTESIAN_POINT('',(30.0300000745058,-68.7500000745058,-2.));
#7509=CARTESIAN_POINT('',(30.0300000745058,-66.2500000745058,-2.));
#7510=CARTESIAN_POINT('',(30.0300000745058,-68.7500000745058,-2.));
#7511=CARTESIAN_POINT('',(30.0300000745058,-68.7500000745058,0.));
#7512=CARTESIAN_POINT('',(30.0300000745058,-68.7500000745058,-2.));
#7513=CARTESIAN_POINT('',(30.0300000745058,-66.2500000745058,0.));
#7514=CARTESIAN_POINT('',(30.0300000745058,-68.7500000745058,0.));
#7515=CARTESIAN_POINT('',(30.0300000745058,-66.2500000745058,-2.));
#7516=CARTESIAN_POINT('Origin',(32.5300000745058,-66.2500000745058,-2.));
#7517=CARTESIAN_POINT('',(32.5300000745058,-66.2500000745058,-2.));
#7518=CARTESIAN_POINT('',(30.0300000745058,-66.2500000745058,-2.));
#7519=CARTESIAN_POINT('',(32.5300000745058,-66.2500000745058,0.));
#7520=CARTESIAN_POINT('',(30.0300000745058,-66.2500000745058,0.));
#7521=CARTESIAN_POINT('',(32.5300000745058,-66.2500000745058,-2.));
#7522=CARTESIAN_POINT('Origin',(32.5300000745058,-68.7500000745058,-2.));
#7523=CARTESIAN_POINT('',(32.5300000745058,-68.7500000745058,-2.));
#7524=CARTESIAN_POINT('',(32.5300000745058,-66.2500000745058,-2.));
#7525=CARTESIAN_POINT('',(32.5300000745058,-68.7500000745058,0.));
#7526=CARTESIAN_POINT('',(32.5300000745058,-66.2500000745058,0.));
#7527=CARTESIAN_POINT('',(32.5300000745058,-68.7500000745058,-2.));
#7528=CARTESIAN_POINT('Origin',(30.0300000745058,-68.7500000745058,-2.));
#7529=CARTESIAN_POINT('',(32.5300000745058,-68.7500000745058,-2.));
#7530=CARTESIAN_POINT('',(32.5300000745058,-68.7500000745058,0.));
#7531=CARTESIAN_POINT('Origin',(31.2800000745058,-67.5000000745058,-2.));
#7532=CARTESIAN_POINT('Origin',(20.6200000745058,-67.0000000745058,-2.));
#7533=CARTESIAN_POINT('',(20.6200000745058,-67.0000000745058,-2.));
#7534=CARTESIAN_POINT('',(21.6200000745058,-67.0000000745058,-2.));
#7535=CARTESIAN_POINT('',(21.6200000745058,-67.0000000745058,-2.));
#7536=CARTESIAN_POINT('',(21.6200000745058,-67.0000000745058,1.5));
#7537=CARTESIAN_POINT('',(21.6200000745058,-67.0000000745058,-2.));
#7538=CARTESIAN_POINT('',(20.6200000745058,-67.0000000745058,1.5));
#7539=CARTESIAN_POINT('',(21.6200000745058,-67.0000000745058,1.5));
#7540=CARTESIAN_POINT('',(20.6200000745058,-67.0000000745058,-2.));
#7541=CARTESIAN_POINT('Origin',(20.6200000745058,-68.0000000745058,-2.));
#7542=CARTESIAN_POINT('',(20.6200000745058,-68.0000000745058,-2.));
#7543=CARTESIAN_POINT('',(20.6200000745058,-67.0000000745058,-2.));
#7544=CARTESIAN_POINT('',(20.6200000745058,-68.0000000745058,1.5));
#7545=CARTESIAN_POINT('',(20.6200000745058,-67.0000000745058,1.5));
#7546=CARTESIAN_POINT('',(20.6200000745058,-68.0000000745058,-2.));
#7547=CARTESIAN_POINT('Origin',(21.6200000745058,-68.0000000745058,-2.));
#7548=CARTESIAN_POINT('',(21.6200000745058,-68.0000000745058,-2.));
#7549=CARTESIAN_POINT('',(20.6200000745058,-68.0000000745058,-2.));
#7550=CARTESIAN_POINT('',(21.6200000745058,-68.0000000745058,1.5));
#7551=CARTESIAN_POINT('',(20.6200000745058,-68.0000000745058,1.5));
#7552=CARTESIAN_POINT('',(21.6200000745058,-68.0000000745058,-2.));
#7553=CARTESIAN_POINT('Origin',(21.6200000745058,-67.0000000745058,-2.));
#7554=CARTESIAN_POINT('',(21.6200000745058,-68.0000000745058,-2.));
#7555=CARTESIAN_POINT('',(21.6200000745058,-68.0000000745058,1.5));
#7556=CARTESIAN_POINT('Origin',(19.8700000745058,-66.2500000745058,-2.));
#7557=CARTESIAN_POINT('',(19.8700000745058,-68.7500000745058,-2.));
#7558=CARTESIAN_POINT('',(19.8700000745058,-66.2500000745058,-2.));
#7559=CARTESIAN_POINT('',(19.8700000745058,-68.7500000745058,-2.));
#7560=CARTESIAN_POINT('',(19.8700000745058,-68.7500000745058,0.));
#7561=CARTESIAN_POINT('',(19.8700000745058,-68.7500000745058,-2.));
#7562=CARTESIAN_POINT('',(19.8700000745058,-66.2500000745058,0.));
#7563=CARTESIAN_POINT('',(19.8700000745058,-68.7500000745058,0.));
#7564=CARTESIAN_POINT('',(19.8700000745058,-66.2500000745058,-2.));
#7565=CARTESIAN_POINT('Origin',(22.3700000745058,-66.2500000745058,-2.));
#7566=CARTESIAN_POINT('',(22.3700000745058,-66.2500000745058,-2.));
#7567=CARTESIAN_POINT('',(19.8700000745058,-66.2500000745058,-2.));
#7568=CARTESIAN_POINT('',(22.3700000745058,-66.2500000745058,0.));
#7569=CARTESIAN_POINT('',(19.8700000745058,-66.2500000745058,0.));
#7570=CARTESIAN_POINT('',(22.3700000745058,-66.2500000745058,-2.));
#7571=CARTESIAN_POINT('Origin',(22.3700000745058,-68.7500000745058,-2.));
#7572=CARTESIAN_POINT('',(22.3700000745058,-68.7500000745058,-2.));
#7573=CARTESIAN_POINT('',(22.3700000745058,-66.2500000745058,-2.));
#7574=CARTESIAN_POINT('',(22.3700000745058,-68.7500000745058,0.));
#7575=CARTESIAN_POINT('',(22.3700000745058,-66.2500000745058,0.));
#7576=CARTESIAN_POINT('',(22.3700000745058,-68.7500000745058,-2.));
#7577=CARTESIAN_POINT('Origin',(19.8700000745058,-68.7500000745058,-2.));
#7578=CARTESIAN_POINT('',(22.3700000745058,-68.7500000745058,-2.));
#7579=CARTESIAN_POINT('',(22.3700000745058,-68.7500000745058,0.));
#7580=CARTESIAN_POINT('Origin',(21.1200000745058,-67.5000000745058,-2.));
#7581=CARTESIAN_POINT('Origin',(13.0000000745058,-67.0000000745058,-2.));
#7582=CARTESIAN_POINT('',(13.0000000745058,-67.0000000745058,-2.));
#7583=CARTESIAN_POINT('',(14.0000000745058,-67.0000000745058,-2.));
#7584=CARTESIAN_POINT('',(14.0000000745058,-67.0000000745058,-2.));
#7585=CARTESIAN_POINT('',(14.0000000745058,-67.0000000745058,1.5));
#7586=CARTESIAN_POINT('',(14.0000000745058,-67.0000000745058,-2.));
#7587=CARTESIAN_POINT('',(13.0000000745058,-67.0000000745058,1.5));
#7588=CARTESIAN_POINT('',(14.0000000745058,-67.0000000745058,1.5));
#7589=CARTESIAN_POINT('',(13.0000000745058,-67.0000000745058,-2.));
#7590=CARTESIAN_POINT('Origin',(13.0000000745058,-68.0000000745058,-2.));
#7591=CARTESIAN_POINT('',(13.0000000745058,-68.0000000745058,-2.));
#7592=CARTESIAN_POINT('',(13.0000000745058,-67.0000000745058,-2.));
#7593=CARTESIAN_POINT('',(13.0000000745058,-68.0000000745058,1.5));
#7594=CARTESIAN_POINT('',(13.0000000745058,-67.0000000745058,1.5));
#7595=CARTESIAN_POINT('',(13.0000000745058,-68.0000000745058,-2.));
#7596=CARTESIAN_POINT('Origin',(14.0000000745058,-68.0000000745058,-2.));
#7597=CARTESIAN_POINT('',(14.0000000745058,-68.0000000745058,-2.));
#7598=CARTESIAN_POINT('',(13.0000000745058,-68.0000000745058,-2.));
#7599=CARTESIAN_POINT('',(14.0000000745058,-68.0000000745058,1.5));
#7600=CARTESIAN_POINT('',(13.0000000745058,-68.0000000745058,1.5));
#7601=CARTESIAN_POINT('',(14.0000000745058,-68.0000000745058,-2.));
#7602=CARTESIAN_POINT('Origin',(14.0000000745058,-67.0000000745058,-2.));
#7603=CARTESIAN_POINT('',(14.0000000745058,-68.0000000745058,-2.));
#7604=CARTESIAN_POINT('',(14.0000000745058,-68.0000000745058,1.5));
#7605=CARTESIAN_POINT('Origin',(14.7500000745058,-68.7500000745058,-2.));
#7606=CARTESIAN_POINT('',(14.7500000745058,-66.2500000745058,-2.));
#7607=CARTESIAN_POINT('',(14.7500000745058,-68.7500000745058,-2.));
#7608=CARTESIAN_POINT('',(14.7500000745058,-66.2500000745058,-2.));
#7609=CARTESIAN_POINT('',(14.7500000745058,-66.2500000745058,0.));
#7610=CARTESIAN_POINT('',(14.7500000745058,-66.2500000745058,-2.));
#7611=CARTESIAN_POINT('',(14.7500000745058,-68.7500000745058,0.));
#7612=CARTESIAN_POINT('',(14.7500000745058,-66.2500000745058,0.));
#7613=CARTESIAN_POINT('',(14.7500000745058,-68.7500000745058,-2.));
#7614=CARTESIAN_POINT('Origin',(12.2500000745058,-68.7500000745058,-2.));
#7615=CARTESIAN_POINT('',(12.2500000745058,-68.7500000745058,-2.));
#7616=CARTESIAN_POINT('',(14.7500000745058,-68.7500000745058,-2.));
#7617=CARTESIAN_POINT('',(12.2500000745058,-68.7500000745058,0.));
#7618=CARTESIAN_POINT('',(14.7500000745058,-68.7500000745058,0.));
#7619=CARTESIAN_POINT('',(12.2500000745058,-68.7500000745058,-2.));
#7620=CARTESIAN_POINT('Origin',(12.2500000745058,-66.2500000745058,-2.));
#7621=CARTESIAN_POINT('',(12.2500000745058,-66.2500000745058,-2.));
#7622=CARTESIAN_POINT('',(12.2500000745058,-68.7500000745058,-2.));
#7623=CARTESIAN_POINT('',(12.2500000745058,-66.2500000745058,0.));
#7624=CARTESIAN_POINT('',(12.2500000745058,-68.7500000745058,0.));
#7625=CARTESIAN_POINT('',(12.2500000745058,-66.2500000745058,-2.));
#7626=CARTESIAN_POINT('Origin',(14.7500000745058,-66.2500000745058,-2.));
#7627=CARTESIAN_POINT('',(12.2500000745058,-66.2500000745058,-2.));
#7628=CARTESIAN_POINT('',(12.2500000745058,-66.2500000745058,0.));
#7629=CARTESIAN_POINT('Origin',(13.5000000745058,-67.5000000745058,-2.));
#7630=CARTESIAN_POINT('Origin',(23.1600000745058,-67.0000000745058,-2.));
#7631=CARTESIAN_POINT('',(23.1600000745058,-67.0000000745058,-2.));
#7632=CARTESIAN_POINT('',(24.1600000745058,-67.0000000745058,-2.));
#7633=CARTESIAN_POINT('',(24.1600000745058,-67.0000000745058,-2.));
#7634=CARTESIAN_POINT('',(24.1600000745058,-67.0000000745058,1.5));
#7635=CARTESIAN_POINT('',(24.1600000745058,-67.0000000745058,-2.));
#7636=CARTESIAN_POINT('',(23.1600000745058,-67.0000000745058,1.5));
#7637=CARTESIAN_POINT('',(24.1600000745058,-67.0000000745058,1.5));
#7638=CARTESIAN_POINT('',(23.1600000745058,-67.0000000745058,-2.));
#7639=CARTESIAN_POINT('Origin',(23.1600000745058,-68.0000000745058,-2.));
#7640=CARTESIAN_POINT('',(23.1600000745058,-68.0000000745058,-2.));
#7641=CARTESIAN_POINT('',(23.1600000745058,-67.0000000745058,-2.));
#7642=CARTESIAN_POINT('',(23.1600000745058,-68.0000000745058,1.5));
#7643=CARTESIAN_POINT('',(23.1600000745058,-67.0000000745058,1.5));
#7644=CARTESIAN_POINT('',(23.1600000745058,-68.0000000745058,-2.));
#7645=CARTESIAN_POINT('Origin',(24.1600000745058,-68.0000000745058,-2.));
#7646=CARTESIAN_POINT('',(24.1600000745058,-68.0000000745058,-2.));
#7647=CARTESIAN_POINT('',(23.1600000745058,-68.0000000745058,-2.));
#7648=CARTESIAN_POINT('',(24.1600000745058,-68.0000000745058,1.5));
#7649=CARTESIAN_POINT('',(23.1600000745058,-68.0000000745058,1.5));
#7650=CARTESIAN_POINT('',(24.1600000745058,-68.0000000745058,-2.));
#7651=CARTESIAN_POINT('Origin',(24.1600000745058,-67.0000000745058,-2.));
#7652=CARTESIAN_POINT('',(24.1600000745058,-68.0000000745058,-2.));
#7653=CARTESIAN_POINT('',(24.1600000745058,-68.0000000745058,1.5));
#7654=CARTESIAN_POINT('Origin',(22.4100000745058,-66.2500000745058,-2.));
#7655=CARTESIAN_POINT('',(22.4100000745058,-68.7500000745058,-2.));
#7656=CARTESIAN_POINT('',(22.4100000745058,-66.2500000745058,-2.));
#7657=CARTESIAN_POINT('',(22.4100000745058,-68.7500000745058,-2.));
#7658=CARTESIAN_POINT('',(22.4100000745058,-68.7500000745058,0.));
#7659=CARTESIAN_POINT('',(22.4100000745058,-68.7500000745058,-2.));
#7660=CARTESIAN_POINT('',(22.4100000745058,-66.2500000745058,0.));
#7661=CARTESIAN_POINT('',(22.4100000745058,-68.7500000745058,0.));
#7662=CARTESIAN_POINT('',(22.4100000745058,-66.2500000745058,-2.));
#7663=CARTESIAN_POINT('Origin',(24.9100000745058,-66.2500000745058,-2.));
#7664=CARTESIAN_POINT('',(24.9100000745058,-66.2500000745058,-2.));
#7665=CARTESIAN_POINT('',(22.4100000745058,-66.2500000745058,-2.));
#7666=CARTESIAN_POINT('',(24.9100000745058,-66.2500000745058,0.));
#7667=CARTESIAN_POINT('',(22.4100000745058,-66.2500000745058,0.));
#7668=CARTESIAN_POINT('',(24.9100000745058,-66.2500000745058,-2.));
#7669=CARTESIAN_POINT('Origin',(24.9100000745058,-68.7500000745058,-2.));
#7670=CARTESIAN_POINT('',(24.9100000745058,-68.7500000745058,-2.));
#7671=CARTESIAN_POINT('',(24.9100000745058,-66.2500000745058,-2.));
#7672=CARTESIAN_POINT('',(24.9100000745058,-68.7500000745058,0.));
#7673=CARTESIAN_POINT('',(24.9100000745058,-66.2500000745058,0.));
#7674=CARTESIAN_POINT('',(24.9100000745058,-68.7500000745058,-2.));
#7675=CARTESIAN_POINT('Origin',(22.4100000745058,-68.7500000745058,-2.));
#7676=CARTESIAN_POINT('',(24.9100000745058,-68.7500000745058,-2.));
#7677=CARTESIAN_POINT('',(24.9100000745058,-68.7500000745058,0.));
#7678=CARTESIAN_POINT('Origin',(23.6600000745058,-67.5000000745058,-2.));
#7679=CARTESIAN_POINT('Origin',(33.3200000745058,-67.0000000745058,-2.));
#7680=CARTESIAN_POINT('',(33.3200000745058,-67.0000000745058,-2.));
#7681=CARTESIAN_POINT('',(34.3200000745058,-67.0000000745058,-2.));
#7682=CARTESIAN_POINT('',(34.3200000745058,-67.0000000745058,-2.));
#7683=CARTESIAN_POINT('',(34.3200000745058,-67.0000000745058,1.5));
#7684=CARTESIAN_POINT('',(34.3200000745058,-67.0000000745058,-2.));
#7685=CARTESIAN_POINT('',(33.3200000745058,-67.0000000745058,1.5));
#7686=CARTESIAN_POINT('',(34.3200000745058,-67.0000000745058,1.5));
#7687=CARTESIAN_POINT('',(33.3200000745058,-67.0000000745058,-2.));
#7688=CARTESIAN_POINT('Origin',(33.3200000745058,-68.0000000745058,-2.));
#7689=CARTESIAN_POINT('',(33.3200000745058,-68.0000000745058,-2.));
#7690=CARTESIAN_POINT('',(33.3200000745058,-67.0000000745058,-2.));
#7691=CARTESIAN_POINT('',(33.3200000745058,-68.0000000745058,1.5));
#7692=CARTESIAN_POINT('',(33.3200000745058,-67.0000000745058,1.5));
#7693=CARTESIAN_POINT('',(33.3200000745058,-68.0000000745058,-2.));
#7694=CARTESIAN_POINT('Origin',(34.3200000745058,-68.0000000745058,-2.));
#7695=CARTESIAN_POINT('',(34.3200000745058,-68.0000000745058,-2.));
#7696=CARTESIAN_POINT('',(33.3200000745058,-68.0000000745058,-2.));
#7697=CARTESIAN_POINT('',(34.3200000745058,-68.0000000745058,1.5));
#7698=CARTESIAN_POINT('',(33.3200000745058,-68.0000000745058,1.5));
#7699=CARTESIAN_POINT('',(34.3200000745058,-68.0000000745058,-2.));
#7700=CARTESIAN_POINT('Origin',(34.3200000745058,-67.0000000745058,-2.));
#7701=CARTESIAN_POINT('',(34.3200000745058,-68.0000000745058,-2.));
#7702=CARTESIAN_POINT('',(34.3200000745058,-68.0000000745058,1.5));
#7703=CARTESIAN_POINT('Origin',(32.5700000745058,-66.2500000745058,-2.));
#7704=CARTESIAN_POINT('',(32.5700000745058,-68.7500000745058,-2.));
#7705=CARTESIAN_POINT('',(32.5700000745058,-66.2500000745058,-2.));
#7706=CARTESIAN_POINT('',(32.5700000745058,-68.7500000745058,-2.));
#7707=CARTESIAN_POINT('',(32.5700000745058,-68.7500000745058,0.));
#7708=CARTESIAN_POINT('',(32.5700000745058,-68.7500000745058,-2.));
#7709=CARTESIAN_POINT('',(32.5700000745058,-66.2500000745058,0.));
#7710=CARTESIAN_POINT('',(32.5700000745058,-68.7500000745058,0.));
#7711=CARTESIAN_POINT('',(32.5700000745058,-66.2500000745058,-2.));
#7712=CARTESIAN_POINT('Origin',(35.0700000745058,-66.2500000745058,-2.));
#7713=CARTESIAN_POINT('',(35.0700000745058,-66.2500000745058,-2.));
#7714=CARTESIAN_POINT('',(32.5700000745058,-66.2500000745058,-2.));
#7715=CARTESIAN_POINT('',(35.0700000745058,-66.2500000745058,0.));
#7716=CARTESIAN_POINT('',(32.5700000745058,-66.2500000745058,0.));
#7717=CARTESIAN_POINT('',(35.0700000745058,-66.2500000745058,-2.));
#7718=CARTESIAN_POINT('Origin',(35.0700000745058,-68.7500000745058,-2.));
#7719=CARTESIAN_POINT('',(35.0700000745058,-68.7500000745058,-2.));
#7720=CARTESIAN_POINT('',(35.0700000745058,-66.2500000745058,-2.));
#7721=CARTESIAN_POINT('',(35.0700000745058,-68.7500000745058,0.));
#7722=CARTESIAN_POINT('',(35.0700000745058,-66.2500000745058,0.));
#7723=CARTESIAN_POINT('',(35.0700000745058,-68.7500000745058,-2.));
#7724=CARTESIAN_POINT('Origin',(32.5700000745058,-68.7500000745058,-2.));
#7725=CARTESIAN_POINT('',(35.0700000745058,-68.7500000745058,-2.));
#7726=CARTESIAN_POINT('',(35.0700000745058,-68.7500000745058,0.));
#7727=CARTESIAN_POINT('Origin',(33.8200000745058,-67.5000000745058,-2.));
#7728=CARTESIAN_POINT('Origin',(58.7200000745058,-67.0000000745058,-2.));
#7729=CARTESIAN_POINT('',(58.7200000745058,-67.0000000745058,-2.));
#7730=CARTESIAN_POINT('',(59.7200000745058,-67.0000000745058,-2.));
#7731=CARTESIAN_POINT('',(59.7200000745058,-67.0000000745058,-2.));
#7732=CARTESIAN_POINT('',(59.7200000745058,-67.0000000745058,1.5));
#7733=CARTESIAN_POINT('',(59.7200000745058,-67.0000000745058,-2.));
#7734=CARTESIAN_POINT('',(58.7200000745058,-67.0000000745058,1.5));
#7735=CARTESIAN_POINT('',(59.7200000745058,-67.0000000745058,1.5));
#7736=CARTESIAN_POINT('',(58.7200000745058,-67.0000000745058,-2.));
#7737=CARTESIAN_POINT('Origin',(58.7200000745058,-68.0000000745058,-2.));
#7738=CARTESIAN_POINT('',(58.7200000745058,-68.0000000745058,-2.));
#7739=CARTESIAN_POINT('',(58.7200000745058,-67.0000000745058,-2.));
#7740=CARTESIAN_POINT('',(58.7200000745058,-68.0000000745058,1.5));
#7741=CARTESIAN_POINT('',(58.7200000745058,-67.0000000745058,1.5));
#7742=CARTESIAN_POINT('',(58.7200000745058,-68.0000000745058,-2.));
#7743=CARTESIAN_POINT('Origin',(59.7200000745058,-68.0000000745058,-2.));
#7744=CARTESIAN_POINT('',(59.7200000745058,-68.0000000745058,-2.));
#7745=CARTESIAN_POINT('',(58.7200000745058,-68.0000000745058,-2.));
#7746=CARTESIAN_POINT('',(59.7200000745058,-68.0000000745058,1.5));
#7747=CARTESIAN_POINT('',(58.7200000745058,-68.0000000745058,1.5));
#7748=CARTESIAN_POINT('',(59.7200000745058,-68.0000000745058,-2.));
#7749=CARTESIAN_POINT('Origin',(59.7200000745058,-67.0000000745058,-2.));
#7750=CARTESIAN_POINT('',(59.7200000745058,-68.0000000745058,-2.));
#7751=CARTESIAN_POINT('',(59.7200000745058,-68.0000000745058,1.5));
#7752=CARTESIAN_POINT('Origin',(57.9700000745058,-66.2500000745058,-2.));
#7753=CARTESIAN_POINT('',(57.9700000745058,-68.7500000745058,-2.));
#7754=CARTESIAN_POINT('',(57.9700000745058,-66.2500000745058,-2.));
#7755=CARTESIAN_POINT('',(57.9700000745058,-68.7500000745058,-2.));
#7756=CARTESIAN_POINT('',(57.9700000745058,-68.7500000745058,0.));
#7757=CARTESIAN_POINT('',(57.9700000745058,-68.7500000745058,-2.));
#7758=CARTESIAN_POINT('',(57.9700000745058,-66.2500000745058,0.));
#7759=CARTESIAN_POINT('',(57.9700000745058,-68.7500000745058,0.));
#7760=CARTESIAN_POINT('',(57.9700000745058,-66.2500000745058,-2.));
#7761=CARTESIAN_POINT('Origin',(60.4700000745058,-66.2500000745058,-2.));
#7762=CARTESIAN_POINT('',(60.4700000745058,-66.2500000745058,-2.));
#7763=CARTESIAN_POINT('',(57.9700000745058,-66.2500000745058,-2.));
#7764=CARTESIAN_POINT('',(60.4700000745058,-66.2500000745058,0.));
#7765=CARTESIAN_POINT('',(57.9700000745058,-66.2500000745058,0.));
#7766=CARTESIAN_POINT('',(60.4700000745058,-66.2500000745058,-2.));
#7767=CARTESIAN_POINT('Origin',(60.4700000745058,-68.7500000745058,-2.));
#7768=CARTESIAN_POINT('',(60.4700000745058,-68.7500000745058,-2.));
#7769=CARTESIAN_POINT('',(60.4700000745058,-66.2500000745058,-2.));
#7770=CARTESIAN_POINT('',(60.4700000745058,-68.7500000745058,0.));
#7771=CARTESIAN_POINT('',(60.4700000745058,-66.2500000745058,0.));
#7772=CARTESIAN_POINT('',(60.4700000745058,-68.7500000745058,-2.));
#7773=CARTESIAN_POINT('Origin',(57.9700000745058,-68.7500000745058,-2.));
#7774=CARTESIAN_POINT('',(60.4700000745058,-68.7500000745058,-2.));
#7775=CARTESIAN_POINT('',(60.4700000745058,-68.7500000745058,0.));
#7776=CARTESIAN_POINT('Origin',(59.2200000745058,-67.5000000745058,-2.));
#7777=CARTESIAN_POINT('Origin',(48.5600000745058,-67.0000000745058,-2.));
#7778=CARTESIAN_POINT('',(48.5600000745058,-67.0000000745058,-2.));
#7779=CARTESIAN_POINT('',(49.5600000745058,-67.0000000745058,-2.));
#7780=CARTESIAN_POINT('',(49.5600000745058,-67.0000000745058,-2.));
#7781=CARTESIAN_POINT('',(49.5600000745058,-67.0000000745058,1.5));
#7782=CARTESIAN_POINT('',(49.5600000745058,-67.0000000745058,-2.));
#7783=CARTESIAN_POINT('',(48.5600000745058,-67.0000000745058,1.5));
#7784=CARTESIAN_POINT('',(49.5600000745058,-67.0000000745058,1.5));
#7785=CARTESIAN_POINT('',(48.5600000745058,-67.0000000745058,-2.));
#7786=CARTESIAN_POINT('Origin',(48.5600000745058,-68.0000000745058,-2.));
#7787=CARTESIAN_POINT('',(48.5600000745058,-68.0000000745058,-2.));
#7788=CARTESIAN_POINT('',(48.5600000745058,-67.0000000745058,-2.));
#7789=CARTESIAN_POINT('',(48.5600000745058,-68.0000000745058,1.5));
#7790=CARTESIAN_POINT('',(48.5600000745058,-67.0000000745058,1.5));
#7791=CARTESIAN_POINT('',(48.5600000745058,-68.0000000745058,-2.));
#7792=CARTESIAN_POINT('Origin',(49.5600000745058,-68.0000000745058,-2.));
#7793=CARTESIAN_POINT('',(49.5600000745058,-68.0000000745058,-2.));
#7794=CARTESIAN_POINT('',(48.5600000745058,-68.0000000745058,-2.));
#7795=CARTESIAN_POINT('',(49.5600000745058,-68.0000000745058,1.5));
#7796=CARTESIAN_POINT('',(48.5600000745058,-68.0000000745058,1.5));
#7797=CARTESIAN_POINT('',(49.5600000745058,-68.0000000745058,-2.));
#7798=CARTESIAN_POINT('Origin',(49.5600000745058,-67.0000000745058,-2.));
#7799=CARTESIAN_POINT('',(49.5600000745058,-68.0000000745058,-2.));
#7800=CARTESIAN_POINT('',(49.5600000745058,-68.0000000745058,1.5));
#7801=CARTESIAN_POINT('Origin',(47.8100000745058,-66.2500000745058,-2.));
#7802=CARTESIAN_POINT('',(47.8100000745058,-68.7500000745058,-2.));
#7803=CARTESIAN_POINT('',(47.8100000745058,-66.2500000745058,-2.));
#7804=CARTESIAN_POINT('',(47.8100000745058,-68.7500000745058,-2.));
#7805=CARTESIAN_POINT('',(47.8100000745058,-68.7500000745058,0.));
#7806=CARTESIAN_POINT('',(47.8100000745058,-68.7500000745058,-2.));
#7807=CARTESIAN_POINT('',(47.8100000745058,-66.2500000745058,0.));
#7808=CARTESIAN_POINT('',(47.8100000745058,-68.7500000745058,0.));
#7809=CARTESIAN_POINT('',(47.8100000745058,-66.2500000745058,-2.));
#7810=CARTESIAN_POINT('Origin',(50.3100000745058,-66.2500000745058,-2.));
#7811=CARTESIAN_POINT('',(50.3100000745058,-66.2500000745058,-2.));
#7812=CARTESIAN_POINT('',(47.8100000745058,-66.2500000745058,-2.));
#7813=CARTESIAN_POINT('',(50.3100000745058,-66.2500000745058,0.));
#7814=CARTESIAN_POINT('',(47.8100000745058,-66.2500000745058,0.));
#7815=CARTESIAN_POINT('',(50.3100000745058,-66.2500000745058,-2.));
#7816=CARTESIAN_POINT('Origin',(50.3100000745058,-68.7500000745058,-2.));
#7817=CARTESIAN_POINT('',(50.3100000745058,-68.7500000745058,-2.));
#7818=CARTESIAN_POINT('',(50.3100000745058,-66.2500000745058,-2.));
#7819=CARTESIAN_POINT('',(50.3100000745058,-68.7500000745058,0.));
#7820=CARTESIAN_POINT('',(50.3100000745058,-66.2500000745058,0.));
#7821=CARTESIAN_POINT('',(50.3100000745058,-68.7500000745058,-2.));
#7822=CARTESIAN_POINT('Origin',(47.8100000745058,-68.7500000745058,-2.));
#7823=CARTESIAN_POINT('',(50.3100000745058,-68.7500000745058,-2.));
#7824=CARTESIAN_POINT('',(50.3100000745058,-68.7500000745058,0.));
#7825=CARTESIAN_POINT('Origin',(49.0600000745058,-67.5000000745058,-2.));
#7826=CARTESIAN_POINT('Origin',(43.4800000745058,-67.0000000745058,-2.));
#7827=CARTESIAN_POINT('',(43.4800000745058,-67.0000000745058,-2.));
#7828=CARTESIAN_POINT('',(44.4800000745058,-67.0000000745058,-2.));
#7829=CARTESIAN_POINT('',(44.4800000745058,-67.0000000745058,-2.));
#7830=CARTESIAN_POINT('',(44.4800000745058,-67.0000000745058,1.5));
#7831=CARTESIAN_POINT('',(44.4800000745058,-67.0000000745058,-2.));
#7832=CARTESIAN_POINT('',(43.4800000745058,-67.0000000745058,1.5));
#7833=CARTESIAN_POINT('',(44.4800000745058,-67.0000000745058,1.5));
#7834=CARTESIAN_POINT('',(43.4800000745058,-67.0000000745058,-2.));
#7835=CARTESIAN_POINT('Origin',(43.4800000745058,-68.0000000745058,-2.));
#7836=CARTESIAN_POINT('',(43.4800000745058,-68.0000000745058,-2.));
#7837=CARTESIAN_POINT('',(43.4800000745058,-67.0000000745058,-2.));
#7838=CARTESIAN_POINT('',(43.4800000745058,-68.0000000745058,1.5));
#7839=CARTESIAN_POINT('',(43.4800000745058,-67.0000000745058,1.5));
#7840=CARTESIAN_POINT('',(43.4800000745058,-68.0000000745058,-2.));
#7841=CARTESIAN_POINT('Origin',(44.4800000745058,-68.0000000745058,-2.));
#7842=CARTESIAN_POINT('',(44.4800000745058,-68.0000000745058,-2.));
#7843=CARTESIAN_POINT('',(43.4800000745058,-68.0000000745058,-2.));
#7844=CARTESIAN_POINT('',(44.4800000745058,-68.0000000745058,1.5));
#7845=CARTESIAN_POINT('',(43.4800000745058,-68.0000000745058,1.5));
#7846=CARTESIAN_POINT('',(44.4800000745058,-68.0000000745058,-2.));
#7847=CARTESIAN_POINT('Origin',(44.4800000745058,-67.0000000745058,-2.));
#7848=CARTESIAN_POINT('',(44.4800000745058,-68.0000000745058,-2.));
#7849=CARTESIAN_POINT('',(44.4800000745058,-68.0000000745058,1.5));
#7850=CARTESIAN_POINT('Origin',(42.7300000745058,-66.2500000745058,-2.));
#7851=CARTESIAN_POINT('',(42.7300000745058,-68.7500000745058,-2.));
#7852=CARTESIAN_POINT('',(42.7300000745058,-66.2500000745058,-2.));
#7853=CARTESIAN_POINT('',(42.7300000745058,-68.7500000745058,-2.));
#7854=CARTESIAN_POINT('',(42.7300000745058,-68.7500000745058,0.));
#7855=CARTESIAN_POINT('',(42.7300000745058,-68.7500000745058,-2.));
#7856=CARTESIAN_POINT('',(42.7300000745058,-66.2500000745058,0.));
#7857=CARTESIAN_POINT('',(42.7300000745058,-68.7500000745058,0.));
#7858=CARTESIAN_POINT('',(42.7300000745058,-66.2500000745058,-2.));
#7859=CARTESIAN_POINT('Origin',(45.2300000745058,-66.2500000745058,-2.));
#7860=CARTESIAN_POINT('',(45.2300000745058,-66.2500000745058,-2.));
#7861=CARTESIAN_POINT('',(42.7300000745058,-66.2500000745058,-2.));
#7862=CARTESIAN_POINT('',(45.2300000745058,-66.2500000745058,0.));
#7863=CARTESIAN_POINT('',(42.7300000745058,-66.2500000745058,0.));
#7864=CARTESIAN_POINT('',(45.2300000745058,-66.2500000745058,-2.));
#7865=CARTESIAN_POINT('Origin',(45.2300000745058,-68.7500000745058,-2.));
#7866=CARTESIAN_POINT('',(45.2300000745058,-68.7500000745058,-2.));
#7867=CARTESIAN_POINT('',(45.2300000745058,-66.2500000745058,-2.));
#7868=CARTESIAN_POINT('',(45.2300000745058,-68.7500000745058,0.));
#7869=CARTESIAN_POINT('',(45.2300000745058,-66.2500000745058,0.));
#7870=CARTESIAN_POINT('',(45.2300000745058,-68.7500000745058,-2.));
#7871=CARTESIAN_POINT('Origin',(42.7300000745058,-68.7500000745058,-2.));
#7872=CARTESIAN_POINT('',(45.2300000745058,-68.7500000745058,-2.));
#7873=CARTESIAN_POINT('',(45.2300000745058,-68.7500000745058,0.));
#7874=CARTESIAN_POINT('Origin',(43.9800000745058,-67.5000000745058,-2.));
#7875=CARTESIAN_POINT('Origin',(53.6400000745058,-67.0000000745058,-2.));
#7876=CARTESIAN_POINT('',(53.6400000745058,-67.0000000745058,-2.));
#7877=CARTESIAN_POINT('',(54.6400000745058,-67.0000000745058,-2.));
#7878=CARTESIAN_POINT('',(54.6400000745058,-67.0000000745058,-2.));
#7879=CARTESIAN_POINT('',(54.6400000745058,-67.0000000745058,1.5));
#7880=CARTESIAN_POINT('',(54.6400000745058,-67.0000000745058,-2.));
#7881=CARTESIAN_POINT('',(53.6400000745058,-67.0000000745058,1.5));
#7882=CARTESIAN_POINT('',(54.6400000745058,-67.0000000745058,1.5));
#7883=CARTESIAN_POINT('',(53.6400000745058,-67.0000000745058,-2.));
#7884=CARTESIAN_POINT('Origin',(53.6400000745058,-68.0000000745058,-2.));
#7885=CARTESIAN_POINT('',(53.6400000745058,-68.0000000745058,-2.));
#7886=CARTESIAN_POINT('',(53.6400000745058,-67.0000000745058,-2.));
#7887=CARTESIAN_POINT('',(53.6400000745058,-68.0000000745058,1.5));
#7888=CARTESIAN_POINT('',(53.6400000745058,-67.0000000745058,1.5));
#7889=CARTESIAN_POINT('',(53.6400000745058,-68.0000000745058,-2.));
#7890=CARTESIAN_POINT('Origin',(54.6400000745058,-68.0000000745058,-2.));
#7891=CARTESIAN_POINT('',(54.6400000745058,-68.0000000745058,-2.));
#7892=CARTESIAN_POINT('',(53.6400000745058,-68.0000000745058,-2.));
#7893=CARTESIAN_POINT('',(54.6400000745058,-68.0000000745058,1.5));
#7894=CARTESIAN_POINT('',(53.6400000745058,-68.0000000745058,1.5));
#7895=CARTESIAN_POINT('',(54.6400000745058,-68.0000000745058,-2.));
#7896=CARTESIAN_POINT('Origin',(54.6400000745058,-67.0000000745058,-2.));
#7897=CARTESIAN_POINT('',(54.6400000745058,-68.0000000745058,-2.));
#7898=CARTESIAN_POINT('',(54.6400000745058,-68.0000000745058,1.5));
#7899=CARTESIAN_POINT('Origin',(52.8900000745058,-66.2500000745058,-2.));
#7900=CARTESIAN_POINT('',(52.8900000745058,-68.7500000745058,-2.));
#7901=CARTESIAN_POINT('',(52.8900000745058,-66.2500000745058,-2.));
#7902=CARTESIAN_POINT('',(52.8900000745058,-68.7500000745058,-2.));
#7903=CARTESIAN_POINT('',(52.8900000745058,-68.7500000745058,0.));
#7904=CARTESIAN_POINT('',(52.8900000745058,-68.7500000745058,-2.));
#7905=CARTESIAN_POINT('',(52.8900000745058,-66.2500000745058,0.));
#7906=CARTESIAN_POINT('',(52.8900000745058,-68.7500000745058,0.));
#7907=CARTESIAN_POINT('',(52.8900000745058,-66.2500000745058,-2.));
#7908=CARTESIAN_POINT('Origin',(55.3900000745058,-66.2500000745058,-2.));
#7909=CARTESIAN_POINT('',(55.3900000745058,-66.2500000745058,-2.));
#7910=CARTESIAN_POINT('',(52.8900000745058,-66.2500000745058,-2.));
#7911=CARTESIAN_POINT('',(55.3900000745058,-66.2500000745058,0.));
#7912=CARTESIAN_POINT('',(52.8900000745058,-66.2500000745058,0.));
#7913=CARTESIAN_POINT('',(55.3900000745058,-66.2500000745058,-2.));
#7914=CARTESIAN_POINT('Origin',(55.3900000745058,-68.7500000745058,-2.));
#7915=CARTESIAN_POINT('',(55.3900000745058,-68.7500000745058,-2.));
#7916=CARTESIAN_POINT('',(55.3900000745058,-66.2500000745058,-2.));
#7917=CARTESIAN_POINT('',(55.3900000745058,-68.7500000745058,0.));
#7918=CARTESIAN_POINT('',(55.3900000745058,-66.2500000745058,0.));
#7919=CARTESIAN_POINT('',(55.3900000745058,-68.7500000745058,-2.));
#7920=CARTESIAN_POINT('Origin',(52.8900000745058,-68.7500000745058,-2.));
#7921=CARTESIAN_POINT('',(55.3900000745058,-68.7500000745058,-2.));
#7922=CARTESIAN_POINT('',(55.3900000745058,-68.7500000745058,0.));
#7923=CARTESIAN_POINT('Origin',(54.1400000745058,-67.5000000745058,-2.));
#7924=CARTESIAN_POINT('Origin',(38.4000000745058,-67.0000000745058,-2.));
#7925=CARTESIAN_POINT('',(38.4000000745058,-67.0000000745058,-2.));
#7926=CARTESIAN_POINT('',(39.4000000745058,-67.0000000745058,-2.));
#7927=CARTESIAN_POINT('',(39.4000000745058,-67.0000000745058,-2.));
#7928=CARTESIAN_POINT('',(39.4000000745058,-67.0000000745058,1.5));
#7929=CARTESIAN_POINT('',(39.4000000745058,-67.0000000745058,-2.));
#7930=CARTESIAN_POINT('',(38.4000000745058,-67.0000000745058,1.5));
#7931=CARTESIAN_POINT('',(39.4000000745058,-67.0000000745058,1.5));
#7932=CARTESIAN_POINT('',(38.4000000745058,-67.0000000745058,-2.));
#7933=CARTESIAN_POINT('Origin',(38.4000000745058,-68.0000000745058,-2.));
#7934=CARTESIAN_POINT('',(38.4000000745058,-68.0000000745058,-2.));
#7935=CARTESIAN_POINT('',(38.4000000745058,-67.0000000745058,-2.));
#7936=CARTESIAN_POINT('',(38.4000000745058,-68.0000000745058,1.5));
#7937=CARTESIAN_POINT('',(38.4000000745058,-67.0000000745058,1.5));
#7938=CARTESIAN_POINT('',(38.4000000745058,-68.0000000745058,-2.));
#7939=CARTESIAN_POINT('Origin',(39.4000000745058,-68.0000000745058,-2.));
#7940=CARTESIAN_POINT('',(39.4000000745058,-68.0000000745058,-2.));
#7941=CARTESIAN_POINT('',(38.4000000745058,-68.0000000745058,-2.));
#7942=CARTESIAN_POINT('',(39.4000000745058,-68.0000000745058,1.5));
#7943=CARTESIAN_POINT('',(38.4000000745058,-68.0000000745058,1.5));
#7944=CARTESIAN_POINT('',(39.4000000745058,-68.0000000745058,-2.));
#7945=CARTESIAN_POINT('Origin',(39.4000000745058,-67.0000000745058,-2.));
#7946=CARTESIAN_POINT('',(39.4000000745058,-68.0000000745058,-2.));
#7947=CARTESIAN_POINT('',(39.4000000745058,-68.0000000745058,1.5));
#7948=CARTESIAN_POINT('Origin',(37.6500000745058,-66.2500000745058,-2.));
#7949=CARTESIAN_POINT('',(37.6500000745058,-68.7500000745058,-2.));
#7950=CARTESIAN_POINT('',(37.6500000745058,-66.2500000745058,-2.));
#7951=CARTESIAN_POINT('',(37.6500000745058,-68.7500000745058,-2.));
#7952=CARTESIAN_POINT('',(37.6500000745058,-68.7500000745058,0.));
#7953=CARTESIAN_POINT('',(37.6500000745058,-68.7500000745058,-2.));
#7954=CARTESIAN_POINT('',(37.6500000745058,-66.2500000745058,0.));
#7955=CARTESIAN_POINT('',(37.6500000745058,-68.7500000745058,0.));
#7956=CARTESIAN_POINT('',(37.6500000745058,-66.2500000745058,-2.));
#7957=CARTESIAN_POINT('Origin',(40.1500000745058,-66.2500000745058,-2.));
#7958=CARTESIAN_POINT('',(40.1500000745058,-66.2500000745058,-2.));
#7959=CARTESIAN_POINT('',(37.6500000745058,-66.2500000745058,-2.));
#7960=CARTESIAN_POINT('',(40.1500000745058,-66.2500000745058,0.));
#7961=CARTESIAN_POINT('',(37.6500000745058,-66.2500000745058,0.));
#7962=CARTESIAN_POINT('',(40.1500000745058,-66.2500000745058,-2.));
#7963=CARTESIAN_POINT('Origin',(40.1500000745058,-68.7500000745058,-2.));
#7964=CARTESIAN_POINT('',(40.1500000745058,-68.7500000745058,-2.));
#7965=CARTESIAN_POINT('',(40.1500000745058,-66.2500000745058,-2.));
#7966=CARTESIAN_POINT('',(40.1500000745058,-68.7500000745058,0.));
#7967=CARTESIAN_POINT('',(40.1500000745058,-66.2500000745058,0.));
#7968=CARTESIAN_POINT('',(40.1500000745058,-68.7500000745058,-2.));
#7969=CARTESIAN_POINT('Origin',(37.6500000745058,-68.7500000745058,-2.));
#7970=CARTESIAN_POINT('',(40.1500000745058,-68.7500000745058,-2.));
#7971=CARTESIAN_POINT('',(40.1500000745058,-68.7500000745058,0.));
#7972=CARTESIAN_POINT('Origin',(38.9000000745058,-67.5000000745058,-2.));
#7973=CARTESIAN_POINT('Origin',(28.2400000745058,-67.0000000745058,-2.));
#7974=CARTESIAN_POINT('',(28.2400000745058,-67.0000000745058,-2.));
#7975=CARTESIAN_POINT('',(29.2400000745058,-67.0000000745058,-2.));
#7976=CARTESIAN_POINT('',(29.2400000745058,-67.0000000745058,-2.));
#7977=CARTESIAN_POINT('',(29.2400000745058,-67.0000000745058,1.5));
#7978=CARTESIAN_POINT('',(29.2400000745058,-67.0000000745058,-2.));
#7979=CARTESIAN_POINT('',(28.2400000745058,-67.0000000745058,1.5));
#7980=CARTESIAN_POINT('',(29.2400000745058,-67.0000000745058,1.5));
#7981=CARTESIAN_POINT('',(28.2400000745058,-67.0000000745058,-2.));
#7982=CARTESIAN_POINT('Origin',(28.2400000745058,-68.0000000745058,-2.));
#7983=CARTESIAN_POINT('',(28.2400000745058,-68.0000000745058,-2.));
#7984=CARTESIAN_POINT('',(28.2400000745058,-67.0000000745058,-2.));
#7985=CARTESIAN_POINT('',(28.2400000745058,-68.0000000745058,1.5));
#7986=CARTESIAN_POINT('',(28.2400000745058,-67.0000000745058,1.5));
#7987=CARTESIAN_POINT('',(28.2400000745058,-68.0000000745058,-2.));
#7988=CARTESIAN_POINT('Origin',(29.2400000745058,-68.0000000745058,-2.));
#7989=CARTESIAN_POINT('',(29.2400000745058,-68.0000000745058,-2.));
#7990=CARTESIAN_POINT('',(28.2400000745058,-68.0000000745058,-2.));
#7991=CARTESIAN_POINT('',(29.2400000745058,-68.0000000745058,1.5));
#7992=CARTESIAN_POINT('',(28.2400000745058,-68.0000000745058,1.5));
#7993=CARTESIAN_POINT('',(29.2400000745058,-68.0000000745058,-2.));
#7994=CARTESIAN_POINT('Origin',(29.2400000745058,-67.0000000745058,-2.));
#7995=CARTESIAN_POINT('',(29.2400000745058,-68.0000000745058,-2.));
#7996=CARTESIAN_POINT('',(29.2400000745058,-68.0000000745058,1.5));
#7997=CARTESIAN_POINT('Origin',(27.4900000745058,-66.2500000745058,-2.));
#7998=CARTESIAN_POINT('',(27.4900000745058,-68.7500000745058,-2.));
#7999=CARTESIAN_POINT('',(27.4900000745058,-66.2500000745058,-2.));
#8000=CARTESIAN_POINT('',(27.4900000745058,-68.7500000745058,-2.));
#8001=CARTESIAN_POINT('',(27.4900000745058,-68.7500000745058,0.));
#8002=CARTESIAN_POINT('',(27.4900000745058,-68.7500000745058,-2.));
#8003=CARTESIAN_POINT('',(27.4900000745058,-66.2500000745058,0.));
#8004=CARTESIAN_POINT('',(27.4900000745058,-68.7500000745058,0.));
#8005=CARTESIAN_POINT('',(27.4900000745058,-66.2500000745058,-2.));
#8006=CARTESIAN_POINT('Origin',(29.9900000745058,-66.2500000745058,-2.));
#8007=CARTESIAN_POINT('',(29.9900000745058,-66.2500000745058,-2.));
#8008=CARTESIAN_POINT('',(27.4900000745058,-66.2500000745058,-2.));
#8009=CARTESIAN_POINT('',(29.9900000745058,-66.2500000745058,0.));
#8010=CARTESIAN_POINT('',(27.4900000745058,-66.2500000745058,0.));
#8011=CARTESIAN_POINT('',(29.9900000745058,-66.2500000745058,-2.));
#8012=CARTESIAN_POINT('Origin',(29.9900000745058,-68.7500000745058,-2.));
#8013=CARTESIAN_POINT('',(29.9900000745058,-68.7500000745058,-2.));
#8014=CARTESIAN_POINT('',(29.9900000745058,-66.2500000745058,-2.));
#8015=CARTESIAN_POINT('',(29.9900000745058,-68.7500000745058,0.));
#8016=CARTESIAN_POINT('',(29.9900000745058,-66.2500000745058,0.));
#8017=CARTESIAN_POINT('',(29.9900000745058,-68.7500000745058,-2.));
#8018=CARTESIAN_POINT('Origin',(27.4900000745058,-68.7500000745058,-2.));
#8019=CARTESIAN_POINT('',(29.9900000745058,-68.7500000745058,-2.));
#8020=CARTESIAN_POINT('',(29.9900000745058,-68.7500000745058,0.));
#8021=CARTESIAN_POINT('Origin',(28.7400000745058,-67.5000000745058,-2.));
#8022=CARTESIAN_POINT('Origin',(18.0800000745058,-67.0000000745058,-2.));
#8023=CARTESIAN_POINT('',(18.0800000745058,-67.0000000745058,-2.));
#8024=CARTESIAN_POINT('',(19.0800000745058,-67.0000000745058,-2.));
#8025=CARTESIAN_POINT('',(19.0800000745058,-67.0000000745058,-2.));
#8026=CARTESIAN_POINT('',(19.0800000745058,-67.0000000745058,1.5));
#8027=CARTESIAN_POINT('',(19.0800000745058,-67.0000000745058,-2.));
#8028=CARTESIAN_POINT('',(18.0800000745058,-67.0000000745058,1.5));
#8029=CARTESIAN_POINT('',(19.0800000745058,-67.0000000745058,1.5));
#8030=CARTESIAN_POINT('',(18.0800000745058,-67.0000000745058,-2.));
#8031=CARTESIAN_POINT('Origin',(18.0800000745058,-68.0000000745058,-2.));
#8032=CARTESIAN_POINT('',(18.0800000745058,-68.0000000745058,-2.));
#8033=CARTESIAN_POINT('',(18.0800000745058,-67.0000000745058,-2.));
#8034=CARTESIAN_POINT('',(18.0800000745058,-68.0000000745058,1.5));
#8035=CARTESIAN_POINT('',(18.0800000745058,-67.0000000745058,1.5));
#8036=CARTESIAN_POINT('',(18.0800000745058,-68.0000000745058,-2.));
#8037=CARTESIAN_POINT('Origin',(19.0800000745058,-68.0000000745058,-2.));
#8038=CARTESIAN_POINT('',(19.0800000745058,-68.0000000745058,-2.));
#8039=CARTESIAN_POINT('',(18.0800000745058,-68.0000000745058,-2.));
#8040=CARTESIAN_POINT('',(19.0800000745058,-68.0000000745058,1.5));
#8041=CARTESIAN_POINT('',(18.0800000745058,-68.0000000745058,1.5));
#8042=CARTESIAN_POINT('',(19.0800000745058,-68.0000000745058,-2.));
#8043=CARTESIAN_POINT('Origin',(19.0800000745058,-67.0000000745058,-2.));
#8044=CARTESIAN_POINT('',(19.0800000745058,-68.0000000745058,-2.));
#8045=CARTESIAN_POINT('',(19.0800000745058,-68.0000000745058,1.5));
#8046=CARTESIAN_POINT('Origin',(17.3300000745058,-66.2500000745058,-2.));
#8047=CARTESIAN_POINT('',(17.3300000745058,-68.7500000745058,-2.));
#8048=CARTESIAN_POINT('',(17.3300000745058,-66.2500000745058,-2.));
#8049=CARTESIAN_POINT('',(17.3300000745058,-68.7500000745058,-2.));
#8050=CARTESIAN_POINT('',(17.3300000745058,-68.7500000745058,0.));
#8051=CARTESIAN_POINT('',(17.3300000745058,-68.7500000745058,-2.));
#8052=CARTESIAN_POINT('',(17.3300000745058,-66.2500000745058,0.));
#8053=CARTESIAN_POINT('',(17.3300000745058,-68.7500000745058,0.));
#8054=CARTESIAN_POINT('',(17.3300000745058,-66.2500000745058,-2.));
#8055=CARTESIAN_POINT('Origin',(19.8300000745058,-66.2500000745058,-2.));
#8056=CARTESIAN_POINT('',(19.8300000745058,-66.2500000745058,-2.));
#8057=CARTESIAN_POINT('',(17.3300000745058,-66.2500000745058,-2.));
#8058=CARTESIAN_POINT('',(19.8300000745058,-66.2500000745058,0.));
#8059=CARTESIAN_POINT('',(17.3300000745058,-66.2500000745058,0.));
#8060=CARTESIAN_POINT('',(19.8300000745058,-66.2500000745058,-2.));
#8061=CARTESIAN_POINT('Origin',(19.8300000745058,-68.7500000745058,-2.));
#8062=CARTESIAN_POINT('',(19.8300000745058,-68.7500000745058,-2.));
#8063=CARTESIAN_POINT('',(19.8300000745058,-66.2500000745058,-2.));
#8064=CARTESIAN_POINT('',(19.8300000745058,-68.7500000745058,0.));
#8065=CARTESIAN_POINT('',(19.8300000745058,-66.2500000745058,0.));
#8066=CARTESIAN_POINT('',(19.8300000745058,-68.7500000745058,-2.));
#8067=CARTESIAN_POINT('Origin',(17.3300000745058,-68.7500000745058,-2.));
#8068=CARTESIAN_POINT('',(19.8300000745058,-68.7500000745058,-2.));
#8069=CARTESIAN_POINT('',(19.8300000745058,-68.7500000745058,0.));
#8070=CARTESIAN_POINT('Origin',(18.5800000745058,-67.5000000745058,-2.));
#8071=CARTESIAN_POINT('Origin',(15.5400000745058,-67.0000000745058,-2.));
#8072=CARTESIAN_POINT('',(15.5400000745058,-67.0000000745058,-2.));
#8073=CARTESIAN_POINT('',(16.5400000745058,-67.0000000745058,-2.));
#8074=CARTESIAN_POINT('',(16.5400000745058,-67.0000000745058,-2.));
#8075=CARTESIAN_POINT('',(16.5400000745058,-67.0000000745058,1.5));
#8076=CARTESIAN_POINT('',(16.5400000745058,-67.0000000745058,-2.));
#8077=CARTESIAN_POINT('',(15.5400000745058,-67.0000000745058,1.5));
#8078=CARTESIAN_POINT('',(16.5400000745058,-67.0000000745058,1.5));
#8079=CARTESIAN_POINT('',(15.5400000745058,-67.0000000745058,-2.));
#8080=CARTESIAN_POINT('Origin',(15.5400000745058,-68.0000000745058,-2.));
#8081=CARTESIAN_POINT('',(15.5400000745058,-68.0000000745058,-2.));
#8082=CARTESIAN_POINT('',(15.5400000745058,-67.0000000745058,-2.));
#8083=CARTESIAN_POINT('',(15.5400000745058,-68.0000000745058,1.5));
#8084=CARTESIAN_POINT('',(15.5400000745058,-67.0000000745058,1.5));
#8085=CARTESIAN_POINT('',(15.5400000745058,-68.0000000745058,-2.));
#8086=CARTESIAN_POINT('Origin',(16.5400000745058,-68.0000000745058,-2.));
#8087=CARTESIAN_POINT('',(16.5400000745058,-68.0000000745058,-2.));
#8088=CARTESIAN_POINT('',(15.5400000745058,-68.0000000745058,-2.));
#8089=CARTESIAN_POINT('',(16.5400000745058,-68.0000000745058,1.5));
#8090=CARTESIAN_POINT('',(15.5400000745058,-68.0000000745058,1.5));
#8091=CARTESIAN_POINT('',(16.5400000745058,-68.0000000745058,-2.));
#8092=CARTESIAN_POINT('Origin',(16.5400000745058,-67.0000000745058,-2.));
#8093=CARTESIAN_POINT('',(16.5400000745058,-68.0000000745058,-2.));
#8094=CARTESIAN_POINT('',(16.5400000745058,-68.0000000745058,1.5));
#8095=CARTESIAN_POINT('Origin',(14.7900000745058,-66.2500000745058,-2.));
#8096=CARTESIAN_POINT('',(14.7900000745058,-68.7500000745058,-2.));
#8097=CARTESIAN_POINT('',(14.7900000745058,-66.2500000745058,-2.));
#8098=CARTESIAN_POINT('',(14.7900000745058,-68.7500000745058,-2.));
#8099=CARTESIAN_POINT('',(14.7900000745058,-68.7500000745058,0.));
#8100=CARTESIAN_POINT('',(14.7900000745058,-68.7500000745058,-2.));
#8101=CARTESIAN_POINT('',(14.7900000745058,-66.2500000745058,0.));
#8102=CARTESIAN_POINT('',(14.7900000745058,-68.7500000745058,0.));
#8103=CARTESIAN_POINT('',(14.7900000745058,-66.2500000745058,-2.));
#8104=CARTESIAN_POINT('Origin',(17.2900000745058,-66.2500000745058,-2.));
#8105=CARTESIAN_POINT('',(17.2900000745058,-66.2500000745058,-2.));
#8106=CARTESIAN_POINT('',(14.7900000745058,-66.2500000745058,-2.));
#8107=CARTESIAN_POINT('',(17.2900000745058,-66.2500000745058,0.));
#8108=CARTESIAN_POINT('',(14.7900000745058,-66.2500000745058,0.));
#8109=CARTESIAN_POINT('',(17.2900000745058,-66.2500000745058,-2.));
#8110=CARTESIAN_POINT('Origin',(17.2900000745058,-68.7500000745058,-2.));
#8111=CARTESIAN_POINT('',(17.2900000745058,-68.7500000745058,-2.));
#8112=CARTESIAN_POINT('',(17.2900000745058,-66.2500000745058,-2.));
#8113=CARTESIAN_POINT('',(17.2900000745058,-68.7500000745058,0.));
#8114=CARTESIAN_POINT('',(17.2900000745058,-66.2500000745058,0.));
#8115=CARTESIAN_POINT('',(17.2900000745058,-68.7500000745058,-2.));
#8116=CARTESIAN_POINT('Origin',(14.7900000745058,-68.7500000745058,-2.));
#8117=CARTESIAN_POINT('',(17.2900000745058,-68.7500000745058,-2.));
#8118=CARTESIAN_POINT('',(17.2900000745058,-68.7500000745058,0.));
#8119=CARTESIAN_POINT('Origin',(16.0400000745058,-67.5000000745058,-2.));
#8120=CARTESIAN_POINT('Origin',(35.8600000745058,-67.0000000745058,-2.));
#8121=CARTESIAN_POINT('',(35.8600000745058,-67.0000000745058,-2.));
#8122=CARTESIAN_POINT('',(36.8600000745058,-67.0000000745058,-2.));
#8123=CARTESIAN_POINT('',(36.8600000745058,-67.0000000745058,-2.));
#8124=CARTESIAN_POINT('',(36.8600000745058,-67.0000000745058,1.5));
#8125=CARTESIAN_POINT('',(36.8600000745058,-67.0000000745058,-2.));
#8126=CARTESIAN_POINT('',(35.8600000745058,-67.0000000745058,1.5));
#8127=CARTESIAN_POINT('',(36.8600000745058,-67.0000000745058,1.5));
#8128=CARTESIAN_POINT('',(35.8600000745058,-67.0000000745058,-2.));
#8129=CARTESIAN_POINT('Origin',(35.8600000745058,-68.0000000745058,-2.));
#8130=CARTESIAN_POINT('',(35.8600000745058,-68.0000000745058,-2.));
#8131=CARTESIAN_POINT('',(35.8600000745058,-67.0000000745058,-2.));
#8132=CARTESIAN_POINT('',(35.8600000745058,-68.0000000745058,1.5));
#8133=CARTESIAN_POINT('',(35.8600000745058,-67.0000000745058,1.5));
#8134=CARTESIAN_POINT('',(35.8600000745058,-68.0000000745058,-2.));
#8135=CARTESIAN_POINT('Origin',(36.8600000745058,-68.0000000745058,-2.));
#8136=CARTESIAN_POINT('',(36.8600000745058,-68.0000000745058,-2.));
#8137=CARTESIAN_POINT('',(35.8600000745058,-68.0000000745058,-2.));
#8138=CARTESIAN_POINT('',(36.8600000745058,-68.0000000745058,1.5));
#8139=CARTESIAN_POINT('',(35.8600000745058,-68.0000000745058,1.5));
#8140=CARTESIAN_POINT('',(36.8600000745058,-68.0000000745058,-2.));
#8141=CARTESIAN_POINT('Origin',(36.8600000745058,-67.0000000745058,-2.));
#8142=CARTESIAN_POINT('',(36.8600000745058,-68.0000000745058,-2.));
#8143=CARTESIAN_POINT('',(36.8600000745058,-68.0000000745058,1.5));
#8144=CARTESIAN_POINT('Origin',(35.1100000745058,-66.2500000745058,-2.));
#8145=CARTESIAN_POINT('',(35.1100000745058,-68.7500000745058,-2.));
#8146=CARTESIAN_POINT('',(35.1100000745058,-66.2500000745058,-2.));
#8147=CARTESIAN_POINT('',(35.1100000745058,-68.7500000745058,-2.));
#8148=CARTESIAN_POINT('',(35.1100000745058,-68.7500000745058,0.));
#8149=CARTESIAN_POINT('',(35.1100000745058,-68.7500000745058,-2.));
#8150=CARTESIAN_POINT('',(35.1100000745058,-66.2500000745058,0.));
#8151=CARTESIAN_POINT('',(35.1100000745058,-68.7500000745058,0.));
#8152=CARTESIAN_POINT('',(35.1100000745058,-66.2500000745058,-2.));
#8153=CARTESIAN_POINT('Origin',(37.6100000745058,-66.2500000745058,-2.));
#8154=CARTESIAN_POINT('',(37.6100000745058,-66.2500000745058,-2.));
#8155=CARTESIAN_POINT('',(35.1100000745058,-66.2500000745058,-2.));
#8156=CARTESIAN_POINT('',(37.6100000745058,-66.2500000745058,0.));
#8157=CARTESIAN_POINT('',(35.1100000745058,-66.2500000745058,0.));
#8158=CARTESIAN_POINT('',(37.6100000745058,-66.2500000745058,-2.));
#8159=CARTESIAN_POINT('Origin',(37.6100000745058,-68.7500000745058,-2.));
#8160=CARTESIAN_POINT('',(37.6100000745058,-68.7500000745058,-2.));
#8161=CARTESIAN_POINT('',(37.6100000745058,-66.2500000745058,-2.));
#8162=CARTESIAN_POINT('',(37.6100000745058,-68.7500000745058,0.));
#8163=CARTESIAN_POINT('',(37.6100000745058,-66.2500000745058,0.));
#8164=CARTESIAN_POINT('',(37.6100000745058,-68.7500000745058,-2.));
#8165=CARTESIAN_POINT('Origin',(35.1100000745058,-68.7500000745058,-2.));
#8166=CARTESIAN_POINT('',(37.6100000745058,-68.7500000745058,-2.));
#8167=CARTESIAN_POINT('',(37.6100000745058,-68.7500000745058,0.));
#8168=CARTESIAN_POINT('Origin',(36.3600000745058,-67.5000000745058,-2.));
#8169=CARTESIAN_POINT('Origin',(7.5,-9.5,0.));
#8170=CARTESIAN_POINT('',(7.5,-60.5,1.5));
#8171=CARTESIAN_POINT('',(7.5,-9.5,1.5));
#8172=CARTESIAN_POINT('',(7.5,-60.5,1.5));
#8173=CARTESIAN_POINT('',(7.5,-60.5,9.5));
#8174=CARTESIAN_POINT('',(7.5,-60.5,0.));
#8175=CARTESIAN_POINT('',(7.5,-9.5,9.5));
#8176=CARTESIAN_POINT('',(7.5,-60.5,9.5));
#8177=CARTESIAN_POINT('',(7.5,-9.5,0.));
#8178=CARTESIAN_POINT('Origin',(7.5,-60.5,0.));
#8179=CARTESIAN_POINT('',(85.5,-60.5,1.5));
#8180=CARTESIAN_POINT('',(85.5,-60.5,1.5));
#8181=CARTESIAN_POINT('',(85.5,-60.5,9.5));
#8182=CARTESIAN_POINT('',(85.5,-60.5,0.));
#8183=CARTESIAN_POINT('',(85.5,-60.5,9.5));
#8184=CARTESIAN_POINT('Origin',(85.5,-9.5,0.));
#8185=CARTESIAN_POINT('',(85.5,-9.5,1.5));
#8186=CARTESIAN_POINT('',(7.5,-9.5,1.5));
#8187=CARTESIAN_POINT('',(85.5,-9.5,9.5));
#8188=CARTESIAN_POINT('',(7.5,-9.5,9.5));
#8189=CARTESIAN_POINT('',(85.5,-9.5,0.));
#8190=CARTESIAN_POINT('Origin',(85.5,-60.5,0.));
#8191=CARTESIAN_POINT('',(85.5,-9.5,1.5));
#8192=CARTESIAN_POINT('',(85.5,-9.5,9.5));
#8193=CARTESIAN_POINT('Origin',(46.5,-35.,9.5));
#8194=CARTESIAN_POINT('Origin',(90.5000000745058,-67.5000000745058,0.));
#8195=CARTESIAN_POINT('',(88.9000000745058,-67.5000000745058,1.5));
#8196=CARTESIAN_POINT('Origin',(90.5000000745058,-67.5000000745058,1.5));
#8197=CARTESIAN_POINT('',(88.9000000745058,-67.5000000745058,0.));
#8198=CARTESIAN_POINT('',(88.9000000745058,-67.5000000745058,0.));
#8199=CARTESIAN_POINT('Origin',(90.5000000745058,-67.5000000745058,0.));
#8200=CARTESIAN_POINT('Origin',(90.5000000745058,-2.50000007450581,0.));
#8201=CARTESIAN_POINT('',(88.9000000745058,-2.50000007450581,1.5));
#8202=CARTESIAN_POINT('Origin',(90.5000000745058,-2.50000007450581,1.5));
#8203=CARTESIAN_POINT('',(88.9000000745058,-2.50000007450581,0.));
#8204=CARTESIAN_POINT('',(88.9000000745058,-2.50000007450581,0.));
#8205=CARTESIAN_POINT('Origin',(90.5000000745058,-2.50000007450581,0.));
#8206=CARTESIAN_POINT('Origin',(2.50000007450581,-2.50000007450581,0.));
#8207=CARTESIAN_POINT('',(0.900000074505805,-2.50000007450581,1.5));
#8208=CARTESIAN_POINT('Origin',(2.50000007450581,-2.50000007450581,1.5));
#8209=CARTESIAN_POINT('',(0.900000074505806,-2.50000007450581,0.));
#8210=CARTESIAN_POINT('',(0.900000074505806,-2.50000007450581,0.));
#8211=CARTESIAN_POINT('Origin',(2.50000007450581,-2.50000007450581,0.));
#8212=CARTESIAN_POINT('Origin',(2.50000007450581,-67.5000000745058,0.));
#8213=CARTESIAN_POINT('',(0.900000074505805,-67.5000000745058,1.5));
#8214=CARTESIAN_POINT('Origin',(2.50000007450581,-67.5000000745058,1.5));
#8215=CARTESIAN_POINT('',(0.900000074505806,-67.5000000745058,0.));
#8216=CARTESIAN_POINT('',(0.900000074505806,-67.5000000745058,0.));
#8217=CARTESIAN_POINT('Origin',(2.50000007450581,-67.5000000745058,0.));
#8218=CARTESIAN_POINT('Origin',(0.,0.,0.));
#8219=CARTESIAN_POINT('',(0.,-70.,0.));
#8220=CARTESIAN_POINT('',(0.,0.,0.));
#8221=CARTESIAN_POINT('',(0.,-70.,0.));
#8222=CARTESIAN_POINT('',(0.,-70.,1.5));
#8223=CARTESIAN_POINT('',(0.,-70.,0.));
#8224=CARTESIAN_POINT('',(0.,0.,1.5));
#8225=CARTESIAN_POINT('',(0.,-70.,1.5));
#8226=CARTESIAN_POINT('',(0.,0.,0.));
#8227=CARTESIAN_POINT('Origin',(93.,0.,0.));
#8228=CARTESIAN_POINT('',(93.,0.,0.));
#8229=CARTESIAN_POINT('',(0.,0.,0.));
#8230=CARTESIAN_POINT('',(93.,0.,1.5));
#8231=CARTESIAN_POINT('',(0.,0.,1.5));
#8232=CARTESIAN_POINT('',(93.,0.,0.));
#8233=CARTESIAN_POINT('Origin',(93.,-70.,0.));
#8234=CARTESIAN_POINT('',(93.,-70.,0.));
#8235=CARTESIAN_POINT('',(93.,0.,0.));
#8236=CARTESIAN_POINT('',(93.,-70.,1.5));
#8237=CARTESIAN_POINT('',(93.,0.,1.5));
#8238=CARTESIAN_POINT('',(93.,-70.,0.));
#8239=CARTESIAN_POINT('Origin',(0.,-70.,0.));
#8240=CARTESIAN_POINT('',(93.,-70.,0.));
#8241=CARTESIAN_POINT('',(93.,-70.,1.5));
#8242=CARTESIAN_POINT('Origin',(46.5,-35.,1.5));
#8243=CARTESIAN_POINT('',(41.9400000745058,-67.0000000745058,1.5));
#8244=CARTESIAN_POINT('',(41.9400000745058,-68.0000000745058,1.5));
#8245=CARTESIAN_POINT('',(41.9400000745058,-68.0000000745058,1.5));
#8246=CARTESIAN_POINT('',(40.9400000745058,-68.0000000745058,1.5));
#8247=CARTESIAN_POINT('',(40.9400000745058,-68.0000000745058,1.5));
#8248=CARTESIAN_POINT('',(40.9400000745058,-67.0000000745058,1.5));
#8249=CARTESIAN_POINT('',(40.9400000745058,-67.0000000745058,1.5));
#8250=CARTESIAN_POINT('',(41.9400000745058,-67.0000000745058,1.5));
#8251=CARTESIAN_POINT('',(52.1000000745058,-67.0000000745058,1.5));
#8252=CARTESIAN_POINT('',(52.1000000745058,-68.0000000745058,1.5));
#8253=CARTESIAN_POINT('',(52.1000000745058,-68.0000000745058,1.5));
#8254=CARTESIAN_POINT('',(51.1000000745058,-68.0000000745058,1.5));
#8255=CARTESIAN_POINT('',(51.1000000745058,-68.0000000745058,1.5));
#8256=CARTESIAN_POINT('',(51.1000000745058,-67.0000000745058,1.5));
#8257=CARTESIAN_POINT('',(51.1000000745058,-67.0000000745058,1.5));
#8258=CARTESIAN_POINT('',(52.1000000745058,-67.0000000745058,1.5));
#8259=CARTESIAN_POINT('',(62.2600000745058,-67.0000000745058,1.5));
#8260=CARTESIAN_POINT('',(62.2600000745058,-68.0000000745058,1.5));
#8261=CARTESIAN_POINT('',(62.2600000745058,-68.0000000745058,1.5));
#8262=CARTESIAN_POINT('',(61.2600000745058,-68.0000000745058,1.5));
#8263=CARTESIAN_POINT('',(61.2600000745058,-68.0000000745058,1.5));
#8264=CARTESIAN_POINT('',(61.2600000745058,-67.0000000745058,1.5));
#8265=CARTESIAN_POINT('',(61.2600000745058,-67.0000000745058,1.5));
#8266=CARTESIAN_POINT('',(62.2600000745058,-67.0000000745058,1.5));
#8267=CARTESIAN_POINT('',(26.7000000745058,-67.0000000745058,1.5));
#8268=CARTESIAN_POINT('',(26.7000000745058,-68.0000000745058,1.5));
#8269=CARTESIAN_POINT('',(26.7000000745058,-68.0000000745058,1.5));
#8270=CARTESIAN_POINT('',(25.7000000745058,-68.0000000745058,1.5));
#8271=CARTESIAN_POINT('',(25.7000000745058,-68.0000000745058,1.5));
#8272=CARTESIAN_POINT('',(25.7000000745058,-67.0000000745058,1.5));
#8273=CARTESIAN_POINT('',(25.7000000745058,-67.0000000745058,1.5));
#8274=CARTESIAN_POINT('',(26.7000000745058,-67.0000000745058,1.5));
#8275=CARTESIAN_POINT('',(57.1800000745058,-67.0000000745058,1.5));
#8276=CARTESIAN_POINT('',(57.1800000745058,-68.0000000745058,1.5));
#8277=CARTESIAN_POINT('',(57.1800000745058,-68.0000000745058,1.5));
#8278=CARTESIAN_POINT('',(56.1800000745058,-68.0000000745058,1.5));
#8279=CARTESIAN_POINT('',(56.1800000745058,-68.0000000745058,1.5));
#8280=CARTESIAN_POINT('',(56.1800000745058,-67.0000000745058,1.5));
#8281=CARTESIAN_POINT('',(56.1800000745058,-67.0000000745058,1.5));
#8282=CARTESIAN_POINT('',(57.1800000745058,-67.0000000745058,1.5));
#8283=CARTESIAN_POINT('',(47.0200000745058,-67.0000000745058,1.5));
#8284=CARTESIAN_POINT('',(47.0200000745058,-68.0000000745058,1.5));
#8285=CARTESIAN_POINT('',(47.0200000745058,-68.0000000745058,1.5));
#8286=CARTESIAN_POINT('',(46.0200000745058,-68.0000000745058,1.5));
#8287=CARTESIAN_POINT('',(46.0200000745058,-68.0000000745058,1.5));
#8288=CARTESIAN_POINT('',(46.0200000745058,-67.0000000745058,1.5));
#8289=CARTESIAN_POINT('',(46.0200000745058,-67.0000000745058,1.5));
#8290=CARTESIAN_POINT('',(47.0200000745058,-67.0000000745058,1.5));
#8291=CARTESIAN_POINT('Origin',(46.5,-35.,0.));
#8292=CARTESIAN_POINT('',(55.4300000745058,-68.7500000745058,0.));
#8293=CARTESIAN_POINT('',(57.9300000745058,-68.7500000745058,0.));
#8294=CARTESIAN_POINT('',(57.9300000745058,-68.7500000745058,0.));
#8295=CARTESIAN_POINT('',(57.9300000745058,-66.2500000745058,0.));
#8296=CARTESIAN_POINT('',(57.9300000745058,-66.2500000745058,0.));
#8297=CARTESIAN_POINT('',(55.4300000745058,-66.2500000745058,0.));
#8298=CARTESIAN_POINT('',(55.4300000745058,-66.2500000745058,0.));
#8299=CARTESIAN_POINT('',(55.4300000745058,-68.7500000745058,0.));
#8300=CARTESIAN_POINT('',(60.5100000745058,-68.7500000745058,0.));
#8301=CARTESIAN_POINT('',(63.0100000745058,-68.7500000745058,0.));
#8302=CARTESIAN_POINT('',(63.0100000745058,-68.7500000745058,0.));
#8303=CARTESIAN_POINT('',(63.0100000745058,-66.2500000745058,0.));
#8304=CARTESIAN_POINT('',(63.0100000745058,-66.2500000745058,0.));
#8305=CARTESIAN_POINT('',(60.5100000745058,-66.2500000745058,0.));
#8306=CARTESIAN_POINT('',(60.5100000745058,-66.2500000745058,0.));
#8307=CARTESIAN_POINT('',(60.5100000745058,-68.7500000745058,0.));
#8308=CARTESIAN_POINT('',(45.2700000745058,-68.7500000745058,0.));
#8309=CARTESIAN_POINT('',(47.7700000745058,-68.7500000745058,0.));
#8310=CARTESIAN_POINT('',(47.7700000745058,-68.7500000745058,0.));
#8311=CARTESIAN_POINT('',(47.7700000745058,-66.2500000745058,0.));
#8312=CARTESIAN_POINT('',(47.7700000745058,-66.2500000745058,0.));
#8313=CARTESIAN_POINT('',(45.2700000745058,-66.2500000745058,0.));
#8314=CARTESIAN_POINT('',(45.2700000745058,-66.2500000745058,0.));
#8315=CARTESIAN_POINT('',(45.2700000745058,-68.7500000745058,0.));
#8316=CARTESIAN_POINT('',(50.3500000745058,-68.7500000745058,0.));
#8317=CARTESIAN_POINT('',(52.8500000745058,-68.7500000745058,0.));
#8318=CARTESIAN_POINT('',(52.8500000745058,-68.7500000745058,0.));
#8319=CARTESIAN_POINT('',(52.8500000745058,-66.2500000745058,0.));
#8320=CARTESIAN_POINT('',(52.8500000745058,-66.2500000745058,0.));
#8321=CARTESIAN_POINT('',(50.3500000745058,-66.2500000745058,0.));
#8322=CARTESIAN_POINT('',(50.3500000745058,-66.2500000745058,0.));
#8323=CARTESIAN_POINT('',(50.3500000745058,-68.7500000745058,0.));
#8324=CARTESIAN_POINT('',(40.1900000745058,-68.7500000745058,0.));
#8325=CARTESIAN_POINT('',(42.6900000745058,-68.7500000745058,0.));
#8326=CARTESIAN_POINT('',(42.6900000745058,-68.7500000745058,0.));
#8327=CARTESIAN_POINT('',(42.6900000745058,-66.2500000745058,0.));
#8328=CARTESIAN_POINT('',(42.6900000745058,-66.2500000745058,0.));
#8329=CARTESIAN_POINT('',(40.1900000745058,-66.2500000745058,0.));
#8330=CARTESIAN_POINT('',(40.1900000745058,-66.2500000745058,0.));
#8331=CARTESIAN_POINT('',(40.1900000745058,-68.7500000745058,0.));
#8332=CARTESIAN_POINT('',(24.9500000745058,-68.7500000745058,0.));
#8333=CARTESIAN_POINT('',(27.4500000745058,-68.7500000745058,0.));
#8334=CARTESIAN_POINT('',(27.4500000745058,-68.7500000745058,0.));
#8335=CARTESIAN_POINT('',(27.4500000745058,-66.2500000745058,0.));
#8336=CARTESIAN_POINT('',(27.4500000745058,-66.2500000745058,0.));
#8337=CARTESIAN_POINT('',(24.9500000745058,-66.2500000745058,0.));
#8338=CARTESIAN_POINT('',(24.9500000745058,-66.2500000745058,0.));
#8339=CARTESIAN_POINT('',(24.9500000745058,-68.7500000745058,0.));
#8340=CARTESIAN_POINT('Origin',(46.0200000745058,-67.0000000745058,-2.));
#8341=CARTESIAN_POINT('',(46.0200000745058,-67.0000000745058,-2.));
#8342=CARTESIAN_POINT('',(47.0200000745058,-67.0000000745058,-2.));
#8343=CARTESIAN_POINT('',(47.0200000745058,-67.0000000745058,-2.));
#8344=CARTESIAN_POINT('',(47.0200000745058,-67.0000000745058,-2.));
#8345=CARTESIAN_POINT('',(46.0200000745058,-67.0000000745058,-2.));
#8346=CARTESIAN_POINT('Origin',(46.0200000745058,-68.0000000745058,-2.));
#8347=CARTESIAN_POINT('',(46.0200000745058,-68.0000000745058,-2.));
#8348=CARTESIAN_POINT('',(46.0200000745058,-67.0000000745058,-2.));
#8349=CARTESIAN_POINT('',(46.0200000745058,-68.0000000745058,-2.));
#8350=CARTESIAN_POINT('Origin',(47.0200000745058,-68.0000000745058,-2.));
#8351=CARTESIAN_POINT('',(47.0200000745058,-68.0000000745058,-2.));
#8352=CARTESIAN_POINT('',(46.0200000745058,-68.0000000745058,-2.));
#8353=CARTESIAN_POINT('',(47.0200000745058,-68.0000000745058,-2.));
#8354=CARTESIAN_POINT('Origin',(47.0200000745058,-67.0000000745058,-2.));
#8355=CARTESIAN_POINT('',(47.0200000745058,-68.0000000745058,-2.));
#8356=CARTESIAN_POINT('Origin',(45.2700000745058,-66.2500000745058,-2.));
#8357=CARTESIAN_POINT('',(45.2700000745058,-68.7500000745058,-2.));
#8358=CARTESIAN_POINT('',(45.2700000745058,-66.2500000745058,-2.));
#8359=CARTESIAN_POINT('',(45.2700000745058,-68.7500000745058,-2.));
#8360=CARTESIAN_POINT('',(45.2700000745058,-68.7500000745058,-2.));
#8361=CARTESIAN_POINT('',(45.2700000745058,-66.2500000745058,-2.));
#8362=CARTESIAN_POINT('Origin',(47.7700000745058,-66.2500000745058,-2.));
#8363=CARTESIAN_POINT('',(47.7700000745058,-66.2500000745058,-2.));
#8364=CARTESIAN_POINT('',(45.2700000745058,-66.2500000745058,-2.));
#8365=CARTESIAN_POINT('',(47.7700000745058,-66.2500000745058,-2.));
#8366=CARTESIAN_POINT('Origin',(47.7700000745058,-68.7500000745058,-2.));
#8367=CARTESIAN_POINT('',(47.7700000745058,-68.7500000745058,-2.));
#8368=CARTESIAN_POINT('',(47.7700000745058,-66.2500000745058,-2.));
#8369=CARTESIAN_POINT('',(47.7700000745058,-68.7500000745058,-2.));
#8370=CARTESIAN_POINT('Origin',(45.2700000745058,-68.7500000745058,-2.));
#8371=CARTESIAN_POINT('',(47.7700000745058,-68.7500000745058,-2.));
#8372=CARTESIAN_POINT('Origin',(46.5200000745058,-67.5000000745058,-2.));
#8373=CARTESIAN_POINT('Origin',(56.1800000745058,-67.0000000745058,-2.));
#8374=CARTESIAN_POINT('',(56.1800000745058,-67.0000000745058,-2.));
#8375=CARTESIAN_POINT('',(57.1800000745058,-67.0000000745058,-2.));
#8376=CARTESIAN_POINT('',(57.1800000745058,-67.0000000745058,-2.));
#8377=CARTESIAN_POINT('',(57.1800000745058,-67.0000000745058,-2.));
#8378=CARTESIAN_POINT('',(56.1800000745058,-67.0000000745058,-2.));
#8379=CARTESIAN_POINT('Origin',(56.1800000745058,-68.0000000745058,-2.));
#8380=CARTESIAN_POINT('',(56.1800000745058,-68.0000000745058,-2.));
#8381=CARTESIAN_POINT('',(56.1800000745058,-67.0000000745058,-2.));
#8382=CARTESIAN_POINT('',(56.1800000745058,-68.0000000745058,-2.));
#8383=CARTESIAN_POINT('Origin',(57.1800000745058,-68.0000000745058,-2.));
#8384=CARTESIAN_POINT('',(57.1800000745058,-68.0000000745058,-2.));
#8385=CARTESIAN_POINT('',(56.1800000745058,-68.0000000745058,-2.));
#8386=CARTESIAN_POINT('',(57.1800000745058,-68.0000000745058,-2.));
#8387=CARTESIAN_POINT('Origin',(57.1800000745058,-67.0000000745058,-2.));
#8388=CARTESIAN_POINT('',(57.1800000745058,-68.0000000745058,-2.));
#8389=CARTESIAN_POINT('Origin',(55.4300000745058,-66.2500000745058,-2.));
#8390=CARTESIAN_POINT('',(55.4300000745058,-68.7500000745058,-2.));
#8391=CARTESIAN_POINT('',(55.4300000745058,-66.2500000745058,-2.));
#8392=CARTESIAN_POINT('',(55.4300000745058,-68.7500000745058,-2.));
#8393=CARTESIAN_POINT('',(55.4300000745058,-68.7500000745058,-2.));
#8394=CARTESIAN_POINT('',(55.4300000745058,-66.2500000745058,-2.));
#8395=CARTESIAN_POINT('Origin',(57.9300000745058,-66.2500000745058,-2.));
#8396=CARTESIAN_POINT('',(57.9300000745058,-66.2500000745058,-2.));
#8397=CARTESIAN_POINT('',(55.4300000745058,-66.2500000745058,-2.));
#8398=CARTESIAN_POINT('',(57.9300000745058,-66.2500000745058,-2.));
#8399=CARTESIAN_POINT('Origin',(57.9300000745058,-68.7500000745058,-2.));
#8400=CARTESIAN_POINT('',(57.9300000745058,-68.7500000745058,-2.));
#8401=CARTESIAN_POINT('',(57.9300000745058,-66.2500000745058,-2.));
#8402=CARTESIAN_POINT('',(57.9300000745058,-68.7500000745058,-2.));
#8403=CARTESIAN_POINT('Origin',(55.4300000745058,-68.7500000745058,-2.));
#8404=CARTESIAN_POINT('',(57.9300000745058,-68.7500000745058,-2.));
#8405=CARTESIAN_POINT('Origin',(56.6800000745058,-67.5000000745058,-2.));
#8406=CARTESIAN_POINT('Origin',(25.7000000745058,-67.0000000745058,-2.));
#8407=CARTESIAN_POINT('',(25.7000000745058,-67.0000000745058,-2.));
#8408=CARTESIAN_POINT('',(26.7000000745058,-67.0000000745058,-2.));
#8409=CARTESIAN_POINT('',(26.7000000745058,-67.0000000745058,-2.));
#8410=CARTESIAN_POINT('',(26.7000000745058,-67.0000000745058,-2.));
#8411=CARTESIAN_POINT('',(25.7000000745058,-67.0000000745058,-2.));
#8412=CARTESIAN_POINT('Origin',(25.7000000745058,-68.0000000745058,-2.));
#8413=CARTESIAN_POINT('',(25.7000000745058,-68.0000000745058,-2.));
#8414=CARTESIAN_POINT('',(25.7000000745058,-67.0000000745058,-2.));
#8415=CARTESIAN_POINT('',(25.7000000745058,-68.0000000745058,-2.));
#8416=CARTESIAN_POINT('Origin',(26.7000000745058,-68.0000000745058,-2.));
#8417=CARTESIAN_POINT('',(26.7000000745058,-68.0000000745058,-2.));
#8418=CARTESIAN_POINT('',(25.7000000745058,-68.0000000745058,-2.));
#8419=CARTESIAN_POINT('',(26.7000000745058,-68.0000000745058,-2.));
#8420=CARTESIAN_POINT('Origin',(26.7000000745058,-67.0000000745058,-2.));
#8421=CARTESIAN_POINT('',(26.7000000745058,-68.0000000745058,-2.));
#8422=CARTESIAN_POINT('Origin',(24.9500000745058,-66.2500000745058,-2.));
#8423=CARTESIAN_POINT('',(24.9500000745058,-68.7500000745058,-2.));
#8424=CARTESIAN_POINT('',(24.9500000745058,-66.2500000745058,-2.));
#8425=CARTESIAN_POINT('',(24.9500000745058,-68.7500000745058,-2.));
#8426=CARTESIAN_POINT('',(24.9500000745058,-68.7500000745058,-2.));
#8427=CARTESIAN_POINT('',(24.9500000745058,-66.2500000745058,-2.));
#8428=CARTESIAN_POINT('Origin',(27.4500000745058,-66.2500000745058,-2.));
#8429=CARTESIAN_POINT('',(27.4500000745058,-66.2500000745058,-2.));
#8430=CARTESIAN_POINT('',(24.9500000745058,-66.2500000745058,-2.));
#8431=CARTESIAN_POINT('',(27.4500000745058,-66.2500000745058,-2.));
#8432=CARTESIAN_POINT('Origin',(27.4500000745058,-68.7500000745058,-2.));
#8433=CARTESIAN_POINT('',(27.4500000745058,-68.7500000745058,-2.));
#8434=CARTESIAN_POINT('',(27.4500000745058,-66.2500000745058,-2.));
#8435=CARTESIAN_POINT('',(27.4500000745058,-68.7500000745058,-2.));
#8436=CARTESIAN_POINT('Origin',(24.9500000745058,-68.7500000745058,-2.));
#8437=CARTESIAN_POINT('',(27.4500000745058,-68.7500000745058,-2.));
#8438=CARTESIAN_POINT('Origin',(26.2000000745058,-67.5000000745058,-2.));
#8439=CARTESIAN_POINT('Origin',(61.2600000745058,-67.0000000745058,-2.));
#8440=CARTESIAN_POINT('',(61.2600000745058,-67.0000000745058,-2.));
#8441=CARTESIAN_POINT('',(62.2600000745058,-67.0000000745058,-2.));
#8442=CARTESIAN_POINT('',(62.2600000745058,-67.0000000745058,-2.));
#8443=CARTESIAN_POINT('',(62.2600000745058,-67.0000000745058,-2.));
#8444=CARTESIAN_POINT('',(61.2600000745058,-67.0000000745058,-2.));
#8445=CARTESIAN_POINT('Origin',(61.2600000745058,-68.0000000745058,-2.));
#8446=CARTESIAN_POINT('',(61.2600000745058,-68.0000000745058,-2.));
#8447=CARTESIAN_POINT('',(61.2600000745058,-67.0000000745058,-2.));
#8448=CARTESIAN_POINT('',(61.2600000745058,-68.0000000745058,-2.));
#8449=CARTESIAN_POINT('Origin',(62.2600000745058,-68.0000000745058,-2.));
#8450=CARTESIAN_POINT('',(62.2600000745058,-68.0000000745058,-2.));
#8451=CARTESIAN_POINT('',(61.2600000745058,-68.0000000745058,-2.));
#8452=CARTESIAN_POINT('',(62.2600000745058,-68.0000000745058,-2.));
#8453=CARTESIAN_POINT('Origin',(62.2600000745058,-67.0000000745058,-2.));
#8454=CARTESIAN_POINT('',(62.2600000745058,-68.0000000745058,-2.));
#8455=CARTESIAN_POINT('Origin',(60.5100000745058,-66.2500000745058,-2.));
#8456=CARTESIAN_POINT('',(60.5100000745058,-68.7500000745058,-2.));
#8457=CARTESIAN_POINT('',(60.5100000745058,-66.2500000745058,-2.));
#8458=CARTESIAN_POINT('',(60.5100000745058,-68.7500000745058,-2.));
#8459=CARTESIAN_POINT('',(60.5100000745058,-68.7500000745058,-2.));
#8460=CARTESIAN_POINT('',(60.5100000745058,-66.2500000745058,-2.));
#8461=CARTESIAN_POINT('Origin',(63.0100000745058,-66.2500000745058,-2.));
#8462=CARTESIAN_POINT('',(63.0100000745058,-66.2500000745058,-2.));
#8463=CARTESIAN_POINT('',(60.5100000745058,-66.2500000745058,-2.));
#8464=CARTESIAN_POINT('',(63.0100000745058,-66.2500000745058,-2.));
#8465=CARTESIAN_POINT('Origin',(63.0100000745058,-68.7500000745058,-2.));
#8466=CARTESIAN_POINT('',(63.0100000745058,-68.7500000745058,-2.));
#8467=CARTESIAN_POINT('',(63.0100000745058,-66.2500000745058,-2.));
#8468=CARTESIAN_POINT('',(63.0100000745058,-68.7500000745058,-2.));
#8469=CARTESIAN_POINT('Origin',(60.5100000745058,-68.7500000745058,-2.));
#8470=CARTESIAN_POINT('',(63.0100000745058,-68.7500000745058,-2.));
#8471=CARTESIAN_POINT('Origin',(61.7600000745058,-67.5000000745058,-2.));
#8472=CARTESIAN_POINT('Origin',(51.1000000745058,-67.0000000745058,-2.));
#8473=CARTESIAN_POINT('',(51.1000000745058,-67.0000000745058,-2.));
#8474=CARTESIAN_POINT('',(52.1000000745058,-67.0000000745058,-2.));
#8475=CARTESIAN_POINT('',(52.1000000745058,-67.0000000745058,-2.));
#8476=CARTESIAN_POINT('',(52.1000000745058,-67.0000000745058,-2.));
#8477=CARTESIAN_POINT('',(51.1000000745058,-67.0000000745058,-2.));
#8478=CARTESIAN_POINT('Origin',(51.1000000745058,-68.0000000745058,-2.));
#8479=CARTESIAN_POINT('',(51.1000000745058,-68.0000000745058,-2.));
#8480=CARTESIAN_POINT('',(51.1000000745058,-67.0000000745058,-2.));
#8481=CARTESIAN_POINT('',(51.1000000745058,-68.0000000745058,-2.));
#8482=CARTESIAN_POINT('Origin',(52.1000000745058,-68.0000000745058,-2.));
#8483=CARTESIAN_POINT('',(52.1000000745058,-68.0000000745058,-2.));
#8484=CARTESIAN_POINT('',(51.1000000745058,-68.0000000745058,-2.));
#8485=CARTESIAN_POINT('',(52.1000000745058,-68.0000000745058,-2.));
#8486=CARTESIAN_POINT('Origin',(52.1000000745058,-67.0000000745058,-2.));
#8487=CARTESIAN_POINT('',(52.1000000745058,-68.0000000745058,-2.));
#8488=CARTESIAN_POINT('Origin',(50.3500000745058,-66.2500000745058,-2.));
#8489=CARTESIAN_POINT('',(50.3500000745058,-68.7500000745058,-2.));
#8490=CARTESIAN_POINT('',(50.3500000745058,-66.2500000745058,-2.));
#8491=CARTESIAN_POINT('',(50.3500000745058,-68.7500000745058,-2.));
#8492=CARTESIAN_POINT('',(50.3500000745058,-68.7500000745058,-2.));
#8493=CARTESIAN_POINT('',(50.3500000745058,-66.2500000745058,-2.));
#8494=CARTESIAN_POINT('Origin',(52.8500000745058,-66.2500000745058,-2.));
#8495=CARTESIAN_POINT('',(52.8500000745058,-66.2500000745058,-2.));
#8496=CARTESIAN_POINT('',(50.3500000745058,-66.2500000745058,-2.));
#8497=CARTESIAN_POINT('',(52.8500000745058,-66.2500000745058,-2.));
#8498=CARTESIAN_POINT('Origin',(52.8500000745058,-68.7500000745058,-2.));
#8499=CARTESIAN_POINT('',(52.8500000745058,-68.7500000745058,-2.));
#8500=CARTESIAN_POINT('',(52.8500000745058,-66.2500000745058,-2.));
#8501=CARTESIAN_POINT('',(52.8500000745058,-68.7500000745058,-2.));
#8502=CARTESIAN_POINT('Origin',(50.3500000745058,-68.7500000745058,-2.));
#8503=CARTESIAN_POINT('',(52.8500000745058,-68.7500000745058,-2.));
#8504=CARTESIAN_POINT('Origin',(51.6000000745058,-67.5000000745058,-2.));
#8505=CARTESIAN_POINT('Origin',(40.9400000745058,-67.0000000745058,-2.));
#8506=CARTESIAN_POINT('',(40.9400000745058,-67.0000000745058,-2.));
#8507=CARTESIAN_POINT('',(41.9400000745058,-67.0000000745058,-2.));
#8508=CARTESIAN_POINT('',(41.9400000745058,-67.0000000745058,-2.));
#8509=CARTESIAN_POINT('',(41.9400000745058,-67.0000000745058,-2.));
#8510=CARTESIAN_POINT('',(40.9400000745058,-67.0000000745058,-2.));
#8511=CARTESIAN_POINT('Origin',(40.9400000745058,-68.0000000745058,-2.));
#8512=CARTESIAN_POINT('',(40.9400000745058,-68.0000000745058,-2.));
#8513=CARTESIAN_POINT('',(40.9400000745058,-67.0000000745058,-2.));
#8514=CARTESIAN_POINT('',(40.9400000745058,-68.0000000745058,-2.));
#8515=CARTESIAN_POINT('Origin',(41.9400000745058,-68.0000000745058,-2.));
#8516=CARTESIAN_POINT('',(41.9400000745058,-68.0000000745058,-2.));
#8517=CARTESIAN_POINT('',(40.9400000745058,-68.0000000745058,-2.));
#8518=CARTESIAN_POINT('',(41.9400000745058,-68.0000000745058,-2.));
#8519=CARTESIAN_POINT('Origin',(41.9400000745058,-67.0000000745058,-2.));
#8520=CARTESIAN_POINT('',(41.9400000745058,-68.0000000745058,-2.));
#8521=CARTESIAN_POINT('Origin',(40.1900000745058,-66.2500000745058,-2.));
#8522=CARTESIAN_POINT('',(40.1900000745058,-68.7500000745058,-2.));
#8523=CARTESIAN_POINT('',(40.1900000745058,-66.2500000745058,-2.));
#8524=CARTESIAN_POINT('',(40.1900000745058,-68.7500000745058,-2.));
#8525=CARTESIAN_POINT('',(40.1900000745058,-68.7500000745058,-2.));
#8526=CARTESIAN_POINT('',(40.1900000745058,-66.2500000745058,-2.));
#8527=CARTESIAN_POINT('Origin',(42.6900000745058,-66.2500000745058,-2.));
#8528=CARTESIAN_POINT('',(42.6900000745058,-66.2500000745058,-2.));
#8529=CARTESIAN_POINT('',(40.1900000745058,-66.2500000745058,-2.));
#8530=CARTESIAN_POINT('',(42.6900000745058,-66.2500000745058,-2.));
#8531=CARTESIAN_POINT('Origin',(42.6900000745058,-68.7500000745058,-2.));
#8532=CARTESIAN_POINT('',(42.6900000745058,-68.7500000745058,-2.));
#8533=CARTESIAN_POINT('',(42.6900000745058,-66.2500000745058,-2.));
#8534=CARTESIAN_POINT('',(42.6900000745058,-68.7500000745058,-2.));
#8535=CARTESIAN_POINT('Origin',(40.1900000745058,-68.7500000745058,-2.));
#8536=CARTESIAN_POINT('',(42.6900000745058,-68.7500000745058,-2.));
#8537=CARTESIAN_POINT('Origin',(41.4400000745058,-67.5000000745058,-2.));
#8538=CARTESIAN_POINT('Origin',(35.8600000745058,-67.0000000745058,-2.));
#8539=CARTESIAN_POINT('',(36.8600000745058,-67.0000000745058,2.5));
#8540=CARTESIAN_POINT('',(35.8600000745058,-67.0000000745058,2.5));
#8541=CARTESIAN_POINT('',(36.1100000745058,-67.0000000745058,2.5));
#8542=CARTESIAN_POINT('',(36.8600000745058,-67.0000000745058,-7.));
#8543=CARTESIAN_POINT('',(36.8600000745058,-67.0000000745058,-2.));
#8544=CARTESIAN_POINT('',(35.8600000745058,-67.0000000745058,-7.));
#8545=CARTESIAN_POINT('',(36.8600000745058,-67.0000000745058,-7.));
#8546=CARTESIAN_POINT('',(35.8600000745058,-67.0000000745058,-2.));
#8547=CARTESIAN_POINT('Origin',(35.8600000745058,-68.0000000745058,-2.));
#8548=CARTESIAN_POINT('',(35.8600000745058,-68.0000000745058,2.5));
#8549=CARTESIAN_POINT('',(35.8600000745058,-67.7500000745058,2.5));
#8550=CARTESIAN_POINT('',(35.8600000745058,-68.0000000745058,-7.));
#8551=CARTESIAN_POINT('',(35.8600000745058,-67.0000000745058,-7.));
#8552=CARTESIAN_POINT('',(35.8600000745058,-68.0000000745058,-2.));
#8553=CARTESIAN_POINT('Origin',(36.8600000745058,-68.0000000745058,-2.));
#8554=CARTESIAN_POINT('',(36.8600000745058,-68.0000000745058,2.5));
#8555=CARTESIAN_POINT('',(36.6100000745058,-68.0000000745058,2.5));
#8556=CARTESIAN_POINT('',(36.8600000745058,-68.0000000745058,-7.));
#8557=CARTESIAN_POINT('',(35.8600000745058,-68.0000000745058,-7.));
#8558=CARTESIAN_POINT('',(36.8600000745058,-68.0000000745058,-2.));
#8559=CARTESIAN_POINT('Origin',(36.8600000745058,-67.0000000745058,-2.));
#8560=CARTESIAN_POINT('',(36.8600000745058,-67.2500000745058,2.5));
#8561=CARTESIAN_POINT('',(36.8600000745058,-68.0000000745058,-7.));
#8562=CARTESIAN_POINT('Origin',(36.3600000745058,-67.5000000745058,2.5));
#8563=CARTESIAN_POINT('Origin',(36.3600000745058,-67.5000000745058,-7.));
#8564=CARTESIAN_POINT('Origin',(46.0200000745058,-67.0000000745058,-2.));
#8565=CARTESIAN_POINT('',(47.0200000745058,-67.0000000745058,2.5));
#8566=CARTESIAN_POINT('',(46.0200000745058,-67.0000000745058,2.5));
#8567=CARTESIAN_POINT('',(46.2700000745058,-67.0000000745058,2.5));
#8568=CARTESIAN_POINT('',(47.0200000745058,-67.0000000745058,-7.));
#8569=CARTESIAN_POINT('',(47.0200000745058,-67.0000000745058,-2.));
#8570=CARTESIAN_POINT('',(46.0200000745058,-67.0000000745058,-7.));
#8571=CARTESIAN_POINT('',(47.0200000745058,-67.0000000745058,-7.));
#8572=CARTESIAN_POINT('',(46.0200000745058,-67.0000000745058,-2.));
#8573=CARTESIAN_POINT('Origin',(46.0200000745058,-68.0000000745058,-2.));
#8574=CARTESIAN_POINT('',(46.0200000745058,-68.0000000745058,2.5));
#8575=CARTESIAN_POINT('',(46.0200000745058,-67.7500000745058,2.5));
#8576=CARTESIAN_POINT('',(46.0200000745058,-68.0000000745058,-7.));
#8577=CARTESIAN_POINT('',(46.0200000745058,-67.0000000745058,-7.));
#8578=CARTESIAN_POINT('',(46.0200000745058,-68.0000000745058,-2.));
#8579=CARTESIAN_POINT('Origin',(47.0200000745058,-68.0000000745058,-2.));
#8580=CARTESIAN_POINT('',(47.0200000745058,-68.0000000745058,2.5));
#8581=CARTESIAN_POINT('',(46.7700000745058,-68.0000000745058,2.5));
#8582=CARTESIAN_POINT('',(47.0200000745058,-68.0000000745058,-7.));
#8583=CARTESIAN_POINT('',(46.0200000745058,-68.0000000745058,-7.));
#8584=CARTESIAN_POINT('',(47.0200000745058,-68.0000000745058,-2.));
#8585=CARTESIAN_POINT('Origin',(47.0200000745058,-67.0000000745058,-2.));
#8586=CARTESIAN_POINT('',(47.0200000745058,-67.2500000745058,2.5));
#8587=CARTESIAN_POINT('',(47.0200000745058,-68.0000000745058,-7.));
#8588=CARTESIAN_POINT('Origin',(46.5200000745058,-67.5000000745058,2.5));
#8589=CARTESIAN_POINT('Origin',(46.5200000745058,-67.5000000745058,-7.));
#8590=CARTESIAN_POINT('Origin',(56.1800000745058,-67.0000000745058,-2.));
#8591=CARTESIAN_POINT('',(57.1800000745058,-67.0000000745058,2.5));
#8592=CARTESIAN_POINT('',(56.1800000745058,-67.0000000745058,2.5));
#8593=CARTESIAN_POINT('',(56.4300000745058,-67.0000000745058,2.5));
#8594=CARTESIAN_POINT('',(57.1800000745058,-67.0000000745058,-7.));
#8595=CARTESIAN_POINT('',(57.1800000745058,-67.0000000745058,-2.));
#8596=CARTESIAN_POINT('',(56.1800000745058,-67.0000000745058,-7.));
#8597=CARTESIAN_POINT('',(57.1800000745058,-67.0000000745058,-7.));
#8598=CARTESIAN_POINT('',(56.1800000745058,-67.0000000745058,-2.));
#8599=CARTESIAN_POINT('Origin',(56.1800000745058,-68.0000000745058,-2.));
#8600=CARTESIAN_POINT('',(56.1800000745058,-68.0000000745058,2.5));
#8601=CARTESIAN_POINT('',(56.1800000745058,-67.7500000745058,2.5));
#8602=CARTESIAN_POINT('',(56.1800000745058,-68.0000000745058,-7.));
#8603=CARTESIAN_POINT('',(56.1800000745058,-67.0000000745058,-7.));
#8604=CARTESIAN_POINT('',(56.1800000745058,-68.0000000745058,-2.));
#8605=CARTESIAN_POINT('Origin',(57.1800000745058,-68.0000000745058,-2.));
#8606=CARTESIAN_POINT('',(57.1800000745058,-68.0000000745058,2.5));
#8607=CARTESIAN_POINT('',(56.9300000745058,-68.0000000745058,2.5));
#8608=CARTESIAN_POINT('',(57.1800000745058,-68.0000000745058,-7.));
#8609=CARTESIAN_POINT('',(56.1800000745058,-68.0000000745058,-7.));
#8610=CARTESIAN_POINT('',(57.1800000745058,-68.0000000745058,-2.));
#8611=CARTESIAN_POINT('Origin',(57.1800000745058,-67.0000000745058,-2.));
#8612=CARTESIAN_POINT('',(57.1800000745058,-67.2500000745058,2.5));
#8613=CARTESIAN_POINT('',(57.1800000745058,-68.0000000745058,-7.));
#8614=CARTESIAN_POINT('Origin',(56.6800000745058,-67.5000000745058,2.5));
#8615=CARTESIAN_POINT('Origin',(56.6800000745058,-67.5000000745058,-7.));
#8616=CARTESIAN_POINT('Origin',(25.7000000745058,-67.0000000745058,-2.));
#8617=CARTESIAN_POINT('',(26.7000000745058,-67.0000000745058,2.5));
#8618=CARTESIAN_POINT('',(25.7000000745058,-67.0000000745058,2.5));
#8619=CARTESIAN_POINT('',(25.9500000745058,-67.0000000745058,2.5));
#8620=CARTESIAN_POINT('',(26.7000000745058,-67.0000000745058,-7.));
#8621=CARTESIAN_POINT('',(26.7000000745058,-67.0000000745058,-2.));
#8622=CARTESIAN_POINT('',(25.7000000745058,-67.0000000745058,-7.));
#8623=CARTESIAN_POINT('',(26.7000000745058,-67.0000000745058,-7.));
#8624=CARTESIAN_POINT('',(25.7000000745058,-67.0000000745058,-2.));
#8625=CARTESIAN_POINT('Origin',(25.7000000745058,-68.0000000745058,-2.));
#8626=CARTESIAN_POINT('',(25.7000000745058,-68.0000000745058,2.5));
#8627=CARTESIAN_POINT('',(25.7000000745058,-67.7500000745058,2.5));
#8628=CARTESIAN_POINT('',(25.7000000745058,-68.0000000745058,-7.));
#8629=CARTESIAN_POINT('',(25.7000000745058,-67.0000000745058,-7.));
#8630=CARTESIAN_POINT('',(25.7000000745058,-68.0000000745058,-2.));
#8631=CARTESIAN_POINT('Origin',(26.7000000745058,-68.0000000745058,-2.));
#8632=CARTESIAN_POINT('',(26.7000000745058,-68.0000000745058,2.5));
#8633=CARTESIAN_POINT('',(26.4500000745058,-68.0000000745058,2.5));
#8634=CARTESIAN_POINT('',(26.7000000745058,-68.0000000745058,-7.));
#8635=CARTESIAN_POINT('',(25.7000000745058,-68.0000000745058,-7.));
#8636=CARTESIAN_POINT('',(26.7000000745058,-68.0000000745058,-2.));
#8637=CARTESIAN_POINT('Origin',(26.7000000745058,-67.0000000745058,-2.));
#8638=CARTESIAN_POINT('',(26.7000000745058,-67.2500000745058,2.5));
#8639=CARTESIAN_POINT('',(26.7000000745058,-68.0000000745058,-7.));
#8640=CARTESIAN_POINT('Origin',(26.2000000745058,-67.5000000745058,2.5));
#8641=CARTESIAN_POINT('Origin',(26.2000000745058,-67.5000000745058,-7.));
#8642=CARTESIAN_POINT('Origin',(15.5400000745058,-67.0000000745058,-2.));
#8643=CARTESIAN_POINT('',(16.5400000745058,-67.0000000745058,2.5));
#8644=CARTESIAN_POINT('',(15.5400000745058,-67.0000000745058,2.5));
#8645=CARTESIAN_POINT('',(15.7900000745058,-67.0000000745058,2.5));
#8646=CARTESIAN_POINT('',(16.5400000745058,-67.0000000745058,-7.));
#8647=CARTESIAN_POINT('',(16.5400000745058,-67.0000000745058,-2.));
#8648=CARTESIAN_POINT('',(15.5400000745058,-67.0000000745058,-7.));
#8649=CARTESIAN_POINT('',(16.5400000745058,-67.0000000745058,-7.));
#8650=CARTESIAN_POINT('',(15.5400000745058,-67.0000000745058,-2.));
#8651=CARTESIAN_POINT('Origin',(15.5400000745058,-68.0000000745058,-2.));
#8652=CARTESIAN_POINT('',(15.5400000745058,-68.0000000745058,2.5));
#8653=CARTESIAN_POINT('',(15.5400000745058,-67.7500000745058,2.5));
#8654=CARTESIAN_POINT('',(15.5400000745058,-68.0000000745058,-7.));
#8655=CARTESIAN_POINT('',(15.5400000745058,-67.0000000745058,-7.));
#8656=CARTESIAN_POINT('',(15.5400000745058,-68.0000000745058,-2.));
#8657=CARTESIAN_POINT('Origin',(16.5400000745058,-68.0000000745058,-2.));
#8658=CARTESIAN_POINT('',(16.5400000745058,-68.0000000745058,2.5));
#8659=CARTESIAN_POINT('',(16.2900000745058,-68.0000000745058,2.5));
#8660=CARTESIAN_POINT('',(16.5400000745058,-68.0000000745058,-7.));
#8661=CARTESIAN_POINT('',(15.5400000745058,-68.0000000745058,-7.));
#8662=CARTESIAN_POINT('',(16.5400000745058,-68.0000000745058,-2.));
#8663=CARTESIAN_POINT('Origin',(16.5400000745058,-67.0000000745058,-2.));
#8664=CARTESIAN_POINT('',(16.5400000745058,-67.2500000745058,2.5));
#8665=CARTESIAN_POINT('',(16.5400000745058,-68.0000000745058,-7.));
#8666=CARTESIAN_POINT('Origin',(16.0400000745058,-67.5000000745058,2.5));
#8667=CARTESIAN_POINT('Origin',(16.0400000745058,-67.5000000745058,-7.));
#8668=CARTESIAN_POINT('Origin',(18.0800000745058,-67.0000000745058,-2.));
#8669=CARTESIAN_POINT('',(19.0800000745058,-67.0000000745058,2.5));
#8670=CARTESIAN_POINT('',(18.0800000745058,-67.0000000745058,2.5));
#8671=CARTESIAN_POINT('',(18.3300000745058,-67.0000000745058,2.5));
#8672=CARTESIAN_POINT('',(19.0800000745058,-67.0000000745058,-7.));
#8673=CARTESIAN_POINT('',(19.0800000745058,-67.0000000745058,-2.));
#8674=CARTESIAN_POINT('',(18.0800000745058,-67.0000000745058,-7.));
#8675=CARTESIAN_POINT('',(19.0800000745058,-67.0000000745058,-7.));
#8676=CARTESIAN_POINT('',(18.0800000745058,-67.0000000745058,-2.));
#8677=CARTESIAN_POINT('Origin',(18.0800000745058,-68.0000000745058,-2.));
#8678=CARTESIAN_POINT('',(18.0800000745058,-68.0000000745058,2.5));
#8679=CARTESIAN_POINT('',(18.0800000745058,-67.7500000745058,2.5));
#8680=CARTESIAN_POINT('',(18.0800000745058,-68.0000000745058,-7.));
#8681=CARTESIAN_POINT('',(18.0800000745058,-67.0000000745058,-7.));
#8682=CARTESIAN_POINT('',(18.0800000745058,-68.0000000745058,-2.));
#8683=CARTESIAN_POINT('Origin',(19.0800000745058,-68.0000000745058,-2.));
#8684=CARTESIAN_POINT('',(19.0800000745058,-68.0000000745058,2.5));
#8685=CARTESIAN_POINT('',(18.8300000745058,-68.0000000745058,2.5));
#8686=CARTESIAN_POINT('',(19.0800000745058,-68.0000000745058,-7.));
#8687=CARTESIAN_POINT('',(18.0800000745058,-68.0000000745058,-7.));
#8688=CARTESIAN_POINT('',(19.0800000745058,-68.0000000745058,-2.));
#8689=CARTESIAN_POINT('Origin',(19.0800000745058,-67.0000000745058,-2.));
#8690=CARTESIAN_POINT('',(19.0800000745058,-67.2500000745058,2.5));
#8691=CARTESIAN_POINT('',(19.0800000745058,-68.0000000745058,-7.));
#8692=CARTESIAN_POINT('Origin',(18.5800000745058,-67.5000000745058,2.5));
#8693=CARTESIAN_POINT('Origin',(18.5800000745058,-67.5000000745058,-7.));
#8694=CARTESIAN_POINT('Origin',(28.2400000745058,-67.0000000745058,-2.));
#8695=CARTESIAN_POINT('',(29.2400000745058,-67.0000000745058,2.5));
#8696=CARTESIAN_POINT('',(28.2400000745058,-67.0000000745058,2.5));
#8697=CARTESIAN_POINT('',(28.4900000745058,-67.0000000745058,2.5));
#8698=CARTESIAN_POINT('',(29.2400000745058,-67.0000000745058,-7.));
#8699=CARTESIAN_POINT('',(29.2400000745058,-67.0000000745058,-2.));
#8700=CARTESIAN_POINT('',(28.2400000745058,-67.0000000745058,-7.));
#8701=CARTESIAN_POINT('',(29.2400000745058,-67.0000000745058,-7.));
#8702=CARTESIAN_POINT('',(28.2400000745058,-67.0000000745058,-2.));
#8703=CARTESIAN_POINT('Origin',(28.2400000745058,-68.0000000745058,-2.));
#8704=CARTESIAN_POINT('',(28.2400000745058,-68.0000000745058,2.5));
#8705=CARTESIAN_POINT('',(28.2400000745058,-67.7500000745058,2.5));
#8706=CARTESIAN_POINT('',(28.2400000745058,-68.0000000745058,-7.));
#8707=CARTESIAN_POINT('',(28.2400000745058,-67.0000000745058,-7.));
#8708=CARTESIAN_POINT('',(28.2400000745058,-68.0000000745058,-2.));
#8709=CARTESIAN_POINT('Origin',(29.2400000745058,-68.0000000745058,-2.));
#8710=CARTESIAN_POINT('',(29.2400000745058,-68.0000000745058,2.5));
#8711=CARTESIAN_POINT('',(28.9900000745058,-68.0000000745058,2.5));
#8712=CARTESIAN_POINT('',(29.2400000745058,-68.0000000745058,-7.));
#8713=CARTESIAN_POINT('',(28.2400000745058,-68.0000000745058,-7.));
#8714=CARTESIAN_POINT('',(29.2400000745058,-68.0000000745058,-2.));
#8715=CARTESIAN_POINT('Origin',(29.2400000745058,-67.0000000745058,-2.));
#8716=CARTESIAN_POINT('',(29.2400000745058,-67.2500000745058,2.5));
#8717=CARTESIAN_POINT('',(29.2400000745058,-68.0000000745058,-7.));
#8718=CARTESIAN_POINT('Origin',(28.7400000745058,-67.5000000745058,2.5));
#8719=CARTESIAN_POINT('Origin',(28.7400000745058,-67.5000000745058,-7.));
#8720=CARTESIAN_POINT('Origin',(53.6400000745058,-67.0000000745058,-2.));
#8721=CARTESIAN_POINT('',(54.6400000745058,-67.0000000745058,2.5));
#8722=CARTESIAN_POINT('',(53.6400000745058,-67.0000000745058,2.5));
#8723=CARTESIAN_POINT('',(53.8900000745058,-67.0000000745058,2.5));
#8724=CARTESIAN_POINT('',(54.6400000745058,-67.0000000745058,-7.));
#8725=CARTESIAN_POINT('',(54.6400000745058,-67.0000000745058,-2.));
#8726=CARTESIAN_POINT('',(53.6400000745058,-67.0000000745058,-7.));
#8727=CARTESIAN_POINT('',(54.6400000745058,-67.0000000745058,-7.));
#8728=CARTESIAN_POINT('',(53.6400000745058,-67.0000000745058,-2.));
#8729=CARTESIAN_POINT('Origin',(53.6400000745058,-68.0000000745058,-2.));
#8730=CARTESIAN_POINT('',(53.6400000745058,-68.0000000745058,2.5));
#8731=CARTESIAN_POINT('',(53.6400000745058,-67.7500000745058,2.5));
#8732=CARTESIAN_POINT('',(53.6400000745058,-68.0000000745058,-7.));
#8733=CARTESIAN_POINT('',(53.6400000745058,-67.0000000745058,-7.));
#8734=CARTESIAN_POINT('',(53.6400000745058,-68.0000000745058,-2.));
#8735=CARTESIAN_POINT('Origin',(54.6400000745058,-68.0000000745058,-2.));
#8736=CARTESIAN_POINT('',(54.6400000745058,-68.0000000745058,2.5));
#8737=CARTESIAN_POINT('',(54.3900000745058,-68.0000000745058,2.5));
#8738=CARTESIAN_POINT('',(54.6400000745058,-68.0000000745058,-7.));
#8739=CARTESIAN_POINT('',(53.6400000745058,-68.0000000745058,-7.));
#8740=CARTESIAN_POINT('',(54.6400000745058,-68.0000000745058,-2.));
#8741=CARTESIAN_POINT('Origin',(54.6400000745058,-67.0000000745058,-2.));
#8742=CARTESIAN_POINT('',(54.6400000745058,-67.2500000745058,2.5));
#8743=CARTESIAN_POINT('',(54.6400000745058,-68.0000000745058,-7.));
#8744=CARTESIAN_POINT('Origin',(54.1400000745058,-67.5000000745058,2.5));
#8745=CARTESIAN_POINT('Origin',(54.1400000745058,-67.5000000745058,-7.));
#8746=CARTESIAN_POINT('Origin',(43.4800000745058,-67.0000000745058,-2.));
#8747=CARTESIAN_POINT('',(44.4800000745058,-67.0000000745058,2.5));
#8748=CARTESIAN_POINT('',(43.4800000745058,-67.0000000745058,2.5));
#8749=CARTESIAN_POINT('',(43.7300000745058,-67.0000000745058,2.5));
#8750=CARTESIAN_POINT('',(44.4800000745058,-67.0000000745058,-7.));
#8751=CARTESIAN_POINT('',(44.4800000745058,-67.0000000745058,-2.));
#8752=CARTESIAN_POINT('',(43.4800000745058,-67.0000000745058,-7.));
#8753=CARTESIAN_POINT('',(44.4800000745058,-67.0000000745058,-7.));
#8754=CARTESIAN_POINT('',(43.4800000745058,-67.0000000745058,-2.));
#8755=CARTESIAN_POINT('Origin',(43.4800000745058,-68.0000000745058,-2.));
#8756=CARTESIAN_POINT('',(43.4800000745058,-68.0000000745058,2.5));
#8757=CARTESIAN_POINT('',(43.4800000745058,-67.7500000745058,2.5));
#8758=CARTESIAN_POINT('',(43.4800000745058,-68.0000000745058,-7.));
#8759=CARTESIAN_POINT('',(43.4800000745058,-67.0000000745058,-7.));
#8760=CARTESIAN_POINT('',(43.4800000745058,-68.0000000745058,-2.));
#8761=CARTESIAN_POINT('Origin',(44.4800000745058,-68.0000000745058,-2.));
#8762=CARTESIAN_POINT('',(44.4800000745058,-68.0000000745058,2.5));
#8763=CARTESIAN_POINT('',(44.2300000745058,-68.0000000745058,2.5));
#8764=CARTESIAN_POINT('',(44.4800000745058,-68.0000000745058,-7.));
#8765=CARTESIAN_POINT('',(43.4800000745058,-68.0000000745058,-7.));
#8766=CARTESIAN_POINT('',(44.4800000745058,-68.0000000745058,-2.));
#8767=CARTESIAN_POINT('Origin',(44.4800000745058,-67.0000000745058,-2.));
#8768=CARTESIAN_POINT('',(44.4800000745058,-67.2500000745058,2.5));
#8769=CARTESIAN_POINT('',(44.4800000745058,-68.0000000745058,-7.));
#8770=CARTESIAN_POINT('Origin',(43.9800000745058,-67.5000000745058,2.5));
#8771=CARTESIAN_POINT('Origin',(43.9800000745058,-67.5000000745058,-7.));
#8772=CARTESIAN_POINT('Origin',(33.3200000745058,-67.0000000745058,-2.));
#8773=CARTESIAN_POINT('',(34.3200000745058,-67.0000000745058,2.5));
#8774=CARTESIAN_POINT('',(33.3200000745058,-67.0000000745058,2.5));
#8775=CARTESIAN_POINT('',(33.5700000745058,-67.0000000745058,2.5));
#8776=CARTESIAN_POINT('',(34.3200000745058,-67.0000000745058,-7.));
#8777=CARTESIAN_POINT('',(34.3200000745058,-67.0000000745058,-2.));
#8778=CARTESIAN_POINT('',(33.3200000745058,-67.0000000745058,-7.));
#8779=CARTESIAN_POINT('',(34.3200000745058,-67.0000000745058,-7.));
#8780=CARTESIAN_POINT('',(33.3200000745058,-67.0000000745058,-2.));
#8781=CARTESIAN_POINT('Origin',(33.3200000745058,-68.0000000745058,-2.));
#8782=CARTESIAN_POINT('',(33.3200000745058,-68.0000000745058,2.5));
#8783=CARTESIAN_POINT('',(33.3200000745058,-67.7500000745058,2.5));
#8784=CARTESIAN_POINT('',(33.3200000745058,-68.0000000745058,-7.));
#8785=CARTESIAN_POINT('',(33.3200000745058,-67.0000000745058,-7.));
#8786=CARTESIAN_POINT('',(33.3200000745058,-68.0000000745058,-2.));
#8787=CARTESIAN_POINT('Origin',(34.3200000745058,-68.0000000745058,-2.));
#8788=CARTESIAN_POINT('',(34.3200000745058,-68.0000000745058,2.5));
#8789=CARTESIAN_POINT('',(34.0700000745058,-68.0000000745058,2.5));
#8790=CARTESIAN_POINT('',(34.3200000745058,-68.0000000745058,-7.));
#8791=CARTESIAN_POINT('',(33.3200000745058,-68.0000000745058,-7.));
#8792=CARTESIAN_POINT('',(34.3200000745058,-68.0000000745058,-2.));
#8793=CARTESIAN_POINT('Origin',(34.3200000745058,-67.0000000745058,-2.));
#8794=CARTESIAN_POINT('',(34.3200000745058,-67.2500000745058,2.5));
#8795=CARTESIAN_POINT('',(34.3200000745058,-68.0000000745058,-7.));
#8796=CARTESIAN_POINT('Origin',(33.8200000745058,-67.5000000745058,2.5));
#8797=CARTESIAN_POINT('Origin',(33.8200000745058,-67.5000000745058,-7.));
#8798=CARTESIAN_POINT('Origin',(38.4000000745058,-67.0000000745058,-2.));
#8799=CARTESIAN_POINT('',(39.4000000745058,-67.0000000745058,2.5));
#8800=CARTESIAN_POINT('',(38.4000000745058,-67.0000000745058,2.5));
#8801=CARTESIAN_POINT('',(38.6500000745058,-67.0000000745058,2.5));
#8802=CARTESIAN_POINT('',(39.4000000745058,-67.0000000745058,-7.));
#8803=CARTESIAN_POINT('',(39.4000000745058,-67.0000000745058,-2.));
#8804=CARTESIAN_POINT('',(38.4000000745058,-67.0000000745058,-7.));
#8805=CARTESIAN_POINT('',(39.4000000745058,-67.0000000745058,-7.));
#8806=CARTESIAN_POINT('',(38.4000000745058,-67.0000000745058,-2.));
#8807=CARTESIAN_POINT('Origin',(38.4000000745058,-68.0000000745058,-2.));
#8808=CARTESIAN_POINT('',(38.4000000745058,-68.0000000745058,2.5));
#8809=CARTESIAN_POINT('',(38.4000000745058,-67.7500000745058,2.5));
#8810=CARTESIAN_POINT('',(38.4000000745058,-68.0000000745058,-7.));
#8811=CARTESIAN_POINT('',(38.4000000745058,-67.0000000745058,-7.));
#8812=CARTESIAN_POINT('',(38.4000000745058,-68.0000000745058,-2.));
#8813=CARTESIAN_POINT('Origin',(39.4000000745058,-68.0000000745058,-2.));
#8814=CARTESIAN_POINT('',(39.4000000745058,-68.0000000745058,2.5));
#8815=CARTESIAN_POINT('',(39.1500000745058,-68.0000000745058,2.5));
#8816=CARTESIAN_POINT('',(39.4000000745058,-68.0000000745058,-7.));
#8817=CARTESIAN_POINT('',(38.4000000745058,-68.0000000745058,-7.));
#8818=CARTESIAN_POINT('',(39.4000000745058,-68.0000000745058,-2.));
#8819=CARTESIAN_POINT('Origin',(39.4000000745058,-67.0000000745058,-2.));
#8820=CARTESIAN_POINT('',(39.4000000745058,-67.2500000745058,2.5));
#8821=CARTESIAN_POINT('',(39.4000000745058,-68.0000000745058,-7.));
#8822=CARTESIAN_POINT('Origin',(38.9000000745058,-67.5000000745058,2.5));
#8823=CARTESIAN_POINT('Origin',(38.9000000745058,-67.5000000745058,-7.));
#8824=CARTESIAN_POINT('Origin',(48.5600000745058,-67.0000000745058,-2.));
#8825=CARTESIAN_POINT('',(49.5600000745058,-67.0000000745058,2.5));
#8826=CARTESIAN_POINT('',(48.5600000745058,-67.0000000745058,2.5));
#8827=CARTESIAN_POINT('',(48.8100000745058,-67.0000000745058,2.5));
#8828=CARTESIAN_POINT('',(49.5600000745058,-67.0000000745058,-7.));
#8829=CARTESIAN_POINT('',(49.5600000745058,-67.0000000745058,-2.));
#8830=CARTESIAN_POINT('',(48.5600000745058,-67.0000000745058,-7.));
#8831=CARTESIAN_POINT('',(49.5600000745058,-67.0000000745058,-7.));
#8832=CARTESIAN_POINT('',(48.5600000745058,-67.0000000745058,-2.));
#8833=CARTESIAN_POINT('Origin',(48.5600000745058,-68.0000000745058,-2.));
#8834=CARTESIAN_POINT('',(48.5600000745058,-68.0000000745058,2.5));
#8835=CARTESIAN_POINT('',(48.5600000745058,-67.7500000745058,2.5));
#8836=CARTESIAN_POINT('',(48.5600000745058,-68.0000000745058,-7.));
#8837=CARTESIAN_POINT('',(48.5600000745058,-67.0000000745058,-7.));
#8838=CARTESIAN_POINT('',(48.5600000745058,-68.0000000745058,-2.));
#8839=CARTESIAN_POINT('Origin',(49.5600000745058,-68.0000000745058,-2.));
#8840=CARTESIAN_POINT('',(49.5600000745058,-68.0000000745058,2.5));
#8841=CARTESIAN_POINT('',(49.3100000745058,-68.0000000745058,2.5));
#8842=CARTESIAN_POINT('',(49.5600000745058,-68.0000000745058,-7.));
#8843=CARTESIAN_POINT('',(48.5600000745058,-68.0000000745058,-7.));
#8844=CARTESIAN_POINT('',(49.5600000745058,-68.0000000745058,-2.));
#8845=CARTESIAN_POINT('Origin',(49.5600000745058,-67.0000000745058,-2.));
#8846=CARTESIAN_POINT('',(49.5600000745058,-67.2500000745058,2.5));
#8847=CARTESIAN_POINT('',(49.5600000745058,-68.0000000745058,-7.));
#8848=CARTESIAN_POINT('Origin',(49.0600000745058,-67.5000000745058,2.5));
#8849=CARTESIAN_POINT('Origin',(49.0600000745058,-67.5000000745058,-7.));
#8850=CARTESIAN_POINT('Origin',(58.7200000745058,-67.0000000745058,-2.));
#8851=CARTESIAN_POINT('',(59.7200000745058,-67.0000000745058,2.5));
#8852=CARTESIAN_POINT('',(58.7200000745058,-67.0000000745058,2.5));
#8853=CARTESIAN_POINT('',(58.9700000745058,-67.0000000745058,2.5));
#8854=CARTESIAN_POINT('',(59.7200000745058,-67.0000000745058,-7.));
#8855=CARTESIAN_POINT('',(59.7200000745058,-67.0000000745058,-2.));
#8856=CARTESIAN_POINT('',(58.7200000745058,-67.0000000745058,-7.));
#8857=CARTESIAN_POINT('',(59.7200000745058,-67.0000000745058,-7.));
#8858=CARTESIAN_POINT('',(58.7200000745058,-67.0000000745058,-2.));
#8859=CARTESIAN_POINT('Origin',(58.7200000745058,-68.0000000745058,-2.));
#8860=CARTESIAN_POINT('',(58.7200000745058,-68.0000000745058,2.5));
#8861=CARTESIAN_POINT('',(58.7200000745058,-67.7500000745058,2.5));
#8862=CARTESIAN_POINT('',(58.7200000745058,-68.0000000745058,-7.));
#8863=CARTESIAN_POINT('',(58.7200000745058,-67.0000000745058,-7.));
#8864=CARTESIAN_POINT('',(58.7200000745058,-68.0000000745058,-2.));
#8865=CARTESIAN_POINT('Origin',(59.7200000745058,-68.0000000745058,-2.));
#8866=CARTESIAN_POINT('',(59.7200000745058,-68.0000000745058,2.5));
#8867=CARTESIAN_POINT('',(59.4700000745058,-68.0000000745058,2.5));
#8868=CARTESIAN_POINT('',(59.7200000745058,-68.0000000745058,-7.));
#8869=CARTESIAN_POINT('',(58.7200000745058,-68.0000000745058,-7.));
#8870=CARTESIAN_POINT('',(59.7200000745058,-68.0000000745058,-2.));
#8871=CARTESIAN_POINT('Origin',(59.7200000745058,-67.0000000745058,-2.));
#8872=CARTESIAN_POINT('',(59.7200000745058,-67.2500000745058,2.5));
#8873=CARTESIAN_POINT('',(59.7200000745058,-68.0000000745058,-7.));
#8874=CARTESIAN_POINT('Origin',(59.2200000745058,-67.5000000745058,2.5));
#8875=CARTESIAN_POINT('Origin',(59.2200000745058,-67.5000000745058,-7.));
#8876=CARTESIAN_POINT('Origin',(23.1600000745058,-67.0000000745058,-2.));
#8877=CARTESIAN_POINT('',(24.1600000745058,-67.0000000745058,2.5));
#8878=CARTESIAN_POINT('',(23.1600000745058,-67.0000000745058,2.5));
#8879=CARTESIAN_POINT('',(23.4100000745058,-67.0000000745058,2.5));
#8880=CARTESIAN_POINT('',(24.1600000745058,-67.0000000745058,-7.));
#8881=CARTESIAN_POINT('',(24.1600000745058,-67.0000000745058,-2.));
#8882=CARTESIAN_POINT('',(23.1600000745058,-67.0000000745058,-7.));
#8883=CARTESIAN_POINT('',(24.1600000745058,-67.0000000745058,-7.));
#8884=CARTESIAN_POINT('',(23.1600000745058,-67.0000000745058,-2.));
#8885=CARTESIAN_POINT('Origin',(23.1600000745058,-68.0000000745058,-2.));
#8886=CARTESIAN_POINT('',(23.1600000745058,-68.0000000745058,2.5));
#8887=CARTESIAN_POINT('',(23.1600000745058,-67.7500000745058,2.5));
#8888=CARTESIAN_POINT('',(23.1600000745058,-68.0000000745058,-7.));
#8889=CARTESIAN_POINT('',(23.1600000745058,-67.0000000745058,-7.));
#8890=CARTESIAN_POINT('',(23.1600000745058,-68.0000000745058,-2.));
#8891=CARTESIAN_POINT('Origin',(24.1600000745058,-68.0000000745058,-2.));
#8892=CARTESIAN_POINT('',(24.1600000745058,-68.0000000745058,2.5));
#8893=CARTESIAN_POINT('',(23.9100000745058,-68.0000000745058,2.5));
#8894=CARTESIAN_POINT('',(24.1600000745058,-68.0000000745058,-7.));
#8895=CARTESIAN_POINT('',(23.1600000745058,-68.0000000745058,-7.));
#8896=CARTESIAN_POINT('',(24.1600000745058,-68.0000000745058,-2.));
#8897=CARTESIAN_POINT('Origin',(24.1600000745058,-67.0000000745058,-2.));
#8898=CARTESIAN_POINT('',(24.1600000745058,-67.2500000745058,2.5));
#8899=CARTESIAN_POINT('',(24.1600000745058,-68.0000000745058,-7.));
#8900=CARTESIAN_POINT('Origin',(23.6600000745058,-67.5000000745058,2.5));
#8901=CARTESIAN_POINT('Origin',(23.6600000745058,-67.5000000745058,-7.));
#8902=CARTESIAN_POINT('Origin',(13.0000000745058,-67.0000000745058,-2.));
#8903=CARTESIAN_POINT('',(14.0000000745058,-67.0000000745058,2.5));
#8904=CARTESIAN_POINT('',(13.0000000745058,-67.0000000745058,2.5));
#8905=CARTESIAN_POINT('',(13.2500000745058,-67.0000000745058,2.5));
#8906=CARTESIAN_POINT('',(14.0000000745058,-67.0000000745058,-7.));
#8907=CARTESIAN_POINT('',(14.0000000745058,-67.0000000745058,-2.));
#8908=CARTESIAN_POINT('',(13.0000000745058,-67.0000000745058,-7.));
#8909=CARTESIAN_POINT('',(14.0000000745058,-67.0000000745058,-7.));
#8910=CARTESIAN_POINT('',(13.0000000745058,-67.0000000745058,-2.));
#8911=CARTESIAN_POINT('Origin',(13.0000000745058,-68.0000000745058,-2.));
#8912=CARTESIAN_POINT('',(13.0000000745058,-68.0000000745058,2.5));
#8913=CARTESIAN_POINT('',(13.0000000745058,-67.7500000745058,2.5));
#8914=CARTESIAN_POINT('',(13.0000000745058,-68.0000000745058,-7.));
#8915=CARTESIAN_POINT('',(13.0000000745058,-67.0000000745058,-7.));
#8916=CARTESIAN_POINT('',(13.0000000745058,-68.0000000745058,-2.));
#8917=CARTESIAN_POINT('Origin',(14.0000000745058,-68.0000000745058,-2.));
#8918=CARTESIAN_POINT('',(14.0000000745058,-68.0000000745058,2.5));
#8919=CARTESIAN_POINT('',(13.7500000745058,-68.0000000745058,2.5));
#8920=CARTESIAN_POINT('',(14.0000000745058,-68.0000000745058,-7.));
#8921=CARTESIAN_POINT('',(13.0000000745058,-68.0000000745058,-7.));
#8922=CARTESIAN_POINT('',(14.0000000745058,-68.0000000745058,-2.));
#8923=CARTESIAN_POINT('Origin',(14.0000000745058,-67.0000000745058,-2.));
#8924=CARTESIAN_POINT('',(14.0000000745058,-67.2500000745058,2.5));
#8925=CARTESIAN_POINT('',(14.0000000745058,-68.0000000745058,-7.));
#8926=CARTESIAN_POINT('Origin',(13.5000000745058,-67.5000000745058,2.5));
#8927=CARTESIAN_POINT('Origin',(13.5000000745058,-67.5000000745058,-7.));
#8928=CARTESIAN_POINT('Origin',(20.6200000745058,-67.0000000745058,-2.));
#8929=CARTESIAN_POINT('',(21.6200000745058,-67.0000000745058,2.5));
#8930=CARTESIAN_POINT('',(20.6200000745058,-67.0000000745058,2.5));
#8931=CARTESIAN_POINT('',(20.8700000745058,-67.0000000745058,2.5));
#8932=CARTESIAN_POINT('',(21.6200000745058,-67.0000000745058,-7.));
#8933=CARTESIAN_POINT('',(21.6200000745058,-67.0000000745058,-2.));
#8934=CARTESIAN_POINT('',(20.6200000745058,-67.0000000745058,-7.));
#8935=CARTESIAN_POINT('',(21.6200000745058,-67.0000000745058,-7.));
#8936=CARTESIAN_POINT('',(20.6200000745058,-67.0000000745058,-2.));
#8937=CARTESIAN_POINT('Origin',(20.6200000745058,-68.0000000745058,-2.));
#8938=CARTESIAN_POINT('',(20.6200000745058,-68.0000000745058,2.5));
#8939=CARTESIAN_POINT('',(20.6200000745058,-67.7500000745058,2.5));
#8940=CARTESIAN_POINT('',(20.6200000745058,-68.0000000745058,-7.));
#8941=CARTESIAN_POINT('',(20.6200000745058,-67.0000000745058,-7.));
#8942=CARTESIAN_POINT('',(20.6200000745058,-68.0000000745058,-2.));
#8943=CARTESIAN_POINT('Origin',(21.6200000745058,-68.0000000745058,-2.));
#8944=CARTESIAN_POINT('',(21.6200000745058,-68.0000000745058,2.5));
#8945=CARTESIAN_POINT('',(21.3700000745058,-68.0000000745058,2.5));
#8946=CARTESIAN_POINT('',(21.6200000745058,-68.0000000745058,-7.));
#8947=CARTESIAN_POINT('',(20.6200000745058,-68.0000000745058,-7.));
#8948=CARTESIAN_POINT('',(21.6200000745058,-68.0000000745058,-2.));
#8949=CARTESIAN_POINT('Origin',(21.6200000745058,-67.0000000745058,-2.));
#8950=CARTESIAN_POINT('',(21.6200000745058,-67.2500000745058,2.5));
#8951=CARTESIAN_POINT('',(21.6200000745058,-68.0000000745058,-7.));
#8952=CARTESIAN_POINT('Origin',(21.1200000745058,-67.5000000745058,2.5));
#8953=CARTESIAN_POINT('Origin',(21.1200000745058,-67.5000000745058,-7.));
#8954=CARTESIAN_POINT('Origin',(61.2600000745058,-67.0000000745058,-2.));
#8955=CARTESIAN_POINT('',(62.2600000745058,-67.0000000745058,2.5));
#8956=CARTESIAN_POINT('',(61.2600000745058,-67.0000000745058,2.5));
#8957=CARTESIAN_POINT('',(61.5100000745058,-67.0000000745058,2.5));
#8958=CARTESIAN_POINT('',(62.2600000745058,-67.0000000745058,-7.));
#8959=CARTESIAN_POINT('',(62.2600000745058,-67.0000000745058,-2.));
#8960=CARTESIAN_POINT('',(61.2600000745058,-67.0000000745058,-7.));
#8961=CARTESIAN_POINT('',(62.2600000745058,-67.0000000745058,-7.));
#8962=CARTESIAN_POINT('',(61.2600000745058,-67.0000000745058,-2.));
#8963=CARTESIAN_POINT('Origin',(61.2600000745058,-68.0000000745058,-2.));
#8964=CARTESIAN_POINT('',(61.2600000745058,-68.0000000745058,2.5));
#8965=CARTESIAN_POINT('',(61.2600000745058,-67.7500000745058,2.5));
#8966=CARTESIAN_POINT('',(61.2600000745058,-68.0000000745058,-7.));
#8967=CARTESIAN_POINT('',(61.2600000745058,-67.0000000745058,-7.));
#8968=CARTESIAN_POINT('',(61.2600000745058,-68.0000000745058,-2.));
#8969=CARTESIAN_POINT('Origin',(62.2600000745058,-68.0000000745058,-2.));
#8970=CARTESIAN_POINT('',(62.2600000745058,-68.0000000745058,2.5));
#8971=CARTESIAN_POINT('',(62.0100000745058,-68.0000000745058,2.5));
#8972=CARTESIAN_POINT('',(62.2600000745058,-68.0000000745058,-7.));
#8973=CARTESIAN_POINT('',(61.2600000745058,-68.0000000745058,-7.));
#8974=CARTESIAN_POINT('',(62.2600000745058,-68.0000000745058,-2.));
#8975=CARTESIAN_POINT('Origin',(62.2600000745058,-67.0000000745058,-2.));
#8976=CARTESIAN_POINT('',(62.2600000745058,-67.2500000745058,2.5));
#8977=CARTESIAN_POINT('',(62.2600000745058,-68.0000000745058,-7.));
#8978=CARTESIAN_POINT('Origin',(61.7600000745058,-67.5000000745058,2.5));
#8979=CARTESIAN_POINT('Origin',(61.7600000745058,-67.5000000745058,-7.));
#8980=CARTESIAN_POINT('Origin',(51.1000000745058,-67.0000000745058,-2.));
#8981=CARTESIAN_POINT('',(52.1000000745058,-67.0000000745058,2.5));
#8982=CARTESIAN_POINT('',(51.1000000745058,-67.0000000745058,2.5));
#8983=CARTESIAN_POINT('',(51.3500000745058,-67.0000000745058,2.5));
#8984=CARTESIAN_POINT('',(52.1000000745058,-67.0000000745058,-7.));
#8985=CARTESIAN_POINT('',(52.1000000745058,-67.0000000745058,-2.));
#8986=CARTESIAN_POINT('',(51.1000000745058,-67.0000000745058,-7.));
#8987=CARTESIAN_POINT('',(52.1000000745058,-67.0000000745058,-7.));
#8988=CARTESIAN_POINT('',(51.1000000745058,-67.0000000745058,-2.));
#8989=CARTESIAN_POINT('Origin',(51.1000000745058,-68.0000000745058,-2.));
#8990=CARTESIAN_POINT('',(51.1000000745058,-68.0000000745058,2.5));
#8991=CARTESIAN_POINT('',(51.1000000745058,-67.7500000745058,2.5));
#8992=CARTESIAN_POINT('',(51.1000000745058,-68.0000000745058,-7.));
#8993=CARTESIAN_POINT('',(51.1000000745058,-67.0000000745058,-7.));
#8994=CARTESIAN_POINT('',(51.1000000745058,-68.0000000745058,-2.));
#8995=CARTESIAN_POINT('Origin',(52.1000000745058,-68.0000000745058,-2.));
#8996=CARTESIAN_POINT('',(52.1000000745058,-68.0000000745058,2.5));
#8997=CARTESIAN_POINT('',(51.8500000745058,-68.0000000745058,2.5));
#8998=CARTESIAN_POINT('',(52.1000000745058,-68.0000000745058,-7.));
#8999=CARTESIAN_POINT('',(51.1000000745058,-68.0000000745058,-7.));
#9000=CARTESIAN_POINT('',(52.1000000745058,-68.0000000745058,-2.));
#9001=CARTESIAN_POINT('Origin',(52.1000000745058,-67.0000000745058,-2.));
#9002=CARTESIAN_POINT('',(52.1000000745058,-67.2500000745058,2.5));
#9003=CARTESIAN_POINT('',(52.1000000745058,-68.0000000745058,-7.));
#9004=CARTESIAN_POINT('Origin',(51.6000000745058,-67.5000000745058,2.5));
#9005=CARTESIAN_POINT('Origin',(51.6000000745058,-67.5000000745058,-7.));
#9006=CARTESIAN_POINT('Origin',(40.9400000745058,-67.0000000745058,-2.));
#9007=CARTESIAN_POINT('',(41.9400000745058,-67.0000000745058,2.5));
#9008=CARTESIAN_POINT('',(40.9400000745058,-67.0000000745058,2.5));
#9009=CARTESIAN_POINT('',(41.1900000745058,-67.0000000745058,2.5));
#9010=CARTESIAN_POINT('',(41.9400000745058,-67.0000000745058,-7.));
#9011=CARTESIAN_POINT('',(41.9400000745058,-67.0000000745058,-2.));
#9012=CARTESIAN_POINT('',(40.9400000745058,-67.0000000745058,-7.));
#9013=CARTESIAN_POINT('',(41.9400000745058,-67.0000000745058,-7.));
#9014=CARTESIAN_POINT('',(40.9400000745058,-67.0000000745058,-2.));
#9015=CARTESIAN_POINT('Origin',(40.9400000745058,-68.0000000745058,-2.));
#9016=CARTESIAN_POINT('',(40.9400000745058,-68.0000000745058,2.5));
#9017=CARTESIAN_POINT('',(40.9400000745058,-67.7500000745058,2.5));
#9018=CARTESIAN_POINT('',(40.9400000745058,-68.0000000745058,-7.));
#9019=CARTESIAN_POINT('',(40.9400000745058,-67.0000000745058,-7.));
#9020=CARTESIAN_POINT('',(40.9400000745058,-68.0000000745058,-2.));
#9021=CARTESIAN_POINT('Origin',(41.9400000745058,-68.0000000745058,-2.));
#9022=CARTESIAN_POINT('',(41.9400000745058,-68.0000000745058,2.5));
#9023=CARTESIAN_POINT('',(41.6900000745058,-68.0000000745058,2.5));
#9024=CARTESIAN_POINT('',(41.9400000745058,-68.0000000745058,-7.));
#9025=CARTESIAN_POINT('',(40.9400000745058,-68.0000000745058,-7.));
#9026=CARTESIAN_POINT('',(41.9400000745058,-68.0000000745058,-2.));
#9027=CARTESIAN_POINT('Origin',(41.9400000745058,-67.0000000745058,-2.));
#9028=CARTESIAN_POINT('',(41.9400000745058,-67.2500000745058,2.5));
#9029=CARTESIAN_POINT('',(41.9400000745058,-68.0000000745058,-7.));
#9030=CARTESIAN_POINT('Origin',(41.4400000745058,-67.5000000745058,2.5));
#9031=CARTESIAN_POINT('Origin',(41.4400000745058,-67.5000000745058,-7.));
#9032=CARTESIAN_POINT('Origin',(30.7800000745058,-67.0000000745058,-2.));
#9033=CARTESIAN_POINT('',(31.7800000745058,-67.0000000745058,2.5));
#9034=CARTESIAN_POINT('',(30.7800000745058,-67.0000000745058,2.5));
#9035=CARTESIAN_POINT('',(31.0300000745058,-67.0000000745058,2.5));
#9036=CARTESIAN_POINT('',(31.7800000745058,-67.0000000745058,-7.));
#9037=CARTESIAN_POINT('',(31.7800000745058,-67.0000000745058,-2.));
#9038=CARTESIAN_POINT('',(30.7800000745058,-67.0000000745058,-7.));
#9039=CARTESIAN_POINT('',(31.7800000745058,-67.0000000745058,-7.));
#9040=CARTESIAN_POINT('',(30.7800000745058,-67.0000000745058,-2.));
#9041=CARTESIAN_POINT('Origin',(30.7800000745058,-68.0000000745058,-2.));
#9042=CARTESIAN_POINT('',(30.7800000745058,-68.0000000745058,2.5));
#9043=CARTESIAN_POINT('',(30.7800000745058,-67.7500000745058,2.5));
#9044=CARTESIAN_POINT('',(30.7800000745058,-68.0000000745058,-7.));
#9045=CARTESIAN_POINT('',(30.7800000745058,-67.0000000745058,-7.));
#9046=CARTESIAN_POINT('',(30.7800000745058,-68.0000000745058,-2.));
#9047=CARTESIAN_POINT('Origin',(31.7800000745058,-68.0000000745058,-2.));
#9048=CARTESIAN_POINT('',(31.7800000745058,-68.0000000745058,2.5));
#9049=CARTESIAN_POINT('',(31.5300000745058,-68.0000000745058,2.5));
#9050=CARTESIAN_POINT('',(31.7800000745058,-68.0000000745058,-7.));
#9051=CARTESIAN_POINT('',(30.7800000745058,-68.0000000745058,-7.));
#9052=CARTESIAN_POINT('',(31.7800000745058,-68.0000000745058,-2.));
#9053=CARTESIAN_POINT('Origin',(31.7800000745058,-67.0000000745058,-2.));
#9054=CARTESIAN_POINT('',(31.7800000745058,-67.2500000745058,2.5));
#9055=CARTESIAN_POINT('',(31.7800000745058,-68.0000000745058,-7.));
#9056=CARTESIAN_POINT('Origin',(31.2800000745058,-67.5000000745058,2.5));
#9057=CARTESIAN_POINT('Origin',(31.2800000745058,-67.5000000745058,-7.));
#9058=UNCERTAINTY_MEASURE_WITH_UNIT(LENGTH_MEASURE(0.01),#9062,
'DISTANCE_ACCURACY_VALUE',
'Maximum model space distance between geometric entities at asserted c
onnectivities');
#9059=UNCERTAINTY_MEASURE_WITH_UNIT(LENGTH_MEASURE(0.01),#9062,
'DISTANCE_ACCURACY_VALUE',
'Maximum model space distance between geometric entities at asserted c
onnectivities');
#9060=(
GEOMETRIC_REPRESENTATION_CONTEXT(3)
GLOBAL_UNCERTAINTY_ASSIGNED_CONTEXT((#9058))
GLOBAL_UNIT_ASSIGNED_CONTEXT((#9062,#9064,#9065))
REPRESENTATION_CONTEXT('','3D')
);
#9061=(
GEOMETRIC_REPRESENTATION_CONTEXT(3)
GLOBAL_UNCERTAINTY_ASSIGNED_CONTEXT((#9059))
GLOBAL_UNIT_ASSIGNED_CONTEXT((#9062,#9064,#9065))
REPRESENTATION_CONTEXT('','3D')
);
#9062=(
LENGTH_UNIT()
NAMED_UNIT(*)
SI_UNIT(.MILLI.,.METRE.)
);
#9063=(
LENGTH_UNIT()
NAMED_UNIT(*)
SI_UNIT($,.METRE.)
);
#9064=(
NAMED_UNIT(*)
PLANE_ANGLE_UNIT()
SI_UNIT($,.RADIAN.)
);
#9065=(
NAMED_UNIT(*)
SI_UNIT($,.STERADIAN.)
SOLID_ANGLE_UNIT()
);
#9066=SHAPE_DEFINITION_REPRESENTATION(#9067,#9068);
#9067=PRODUCT_DEFINITION_SHAPE('',$,#9070);
#9068=SHAPE_REPRESENTATION('',(#5762),#9060);
#9069=PRODUCT_DEFINITION_CONTEXT('part definition',#9074,'design');
#9070=PRODUCT_DEFINITION('LCD_128x64-21M_V1.5','LCD_128x64-21M_V1.5 v2',
#9071,#9069);
#9071=PRODUCT_DEFINITION_FORMATION('',$,#9076);
#9072=PRODUCT_RELATED_PRODUCT_CATEGORY('LCD_128x64-21M_V1.5 v2',
'LCD_128x64-21M_V1.5 v2',(#9076));
#9073=APPLICATION_PROTOCOL_DEFINITION('international standard',
'automotive_design',2009,#9074);
#9074=APPLICATION_CONTEXT(
'Core Data for Automotive Mechanical Design Process');
#9075=PRODUCT_CONTEXT('part definition',#9074,'mechanical');
#9076=PRODUCT('LCD_128x64-21M_V1.5','LCD_128x64-21M_V1.5 v2',$,(#9075));
#9077=PRESENTATION_STYLE_ASSIGNMENT((#9078));
#9078=SURFACE_STYLE_USAGE(.BOTH.,#9079);
#9079=SURFACE_SIDE_STYLE('',(#9080));
#9080=SURFACE_STYLE_FILL_AREA(#9081);
#9081=FILL_AREA_STYLE('Steel - Satin',(#9082));
#9082=FILL_AREA_STYLE_COLOUR('Steel - Satin',#9083);
#9083=COLOUR_RGB('Steel - Satin',0.627450980392157,0.627450980392157,0.627450980392157);
ENDSEC;
END-ISO-10303-21;
